"CustomerID","Recency","Frequency","Monetary","First_Purchase","Last_Purchase","R_Score","F_Score","M_Score","RFM_Score","RFM_Category","Segment"
12346,326.117361111111,1,77183.6,2011-01-18 10:01:00,2011-01-18 10:01:00,1,2,5,8,"125","At Risk"
12347,2.87361111111111,7,4310,2010-12-07 14:57:00,2011-12-07 15:52:00,5,5,5,15,"555","Champions"
12348,75.9840277777778,4,1797.24,2010-12-16 19:09:00,2011-09-25 13:13:00,2,4,4,10,"244","Needing Attention"
12349,19.1243055555556,1,1757.55,2011-11-21 09:51:00,2011-11-21 09:51:00,4,2,4,10,"424","Potential Loyalists"
12350,310.867361111111,1,334.4,2011-02-02 16:01:00,2011-02-02 16:01:00,1,2,2,5,"122","At Risk"
12352,36.9256944444444,8,2506.04,2011-02-16 12:33:00,2011-11-03 14:37:00,3,5,5,13,"355","Champions"
12353,204.79375,1,89,2011-05-19 17:47:00,2011-05-19 17:47:00,1,2,1,4,"121","Hibernating"
12354,232.985416666667,1,1079.4,2011-04-21 13:11:00,2011-04-21 13:11:00,1,2,4,7,"124","At Risk"
12355,214.959027777778,1,459.4,2011-05-09 13:49:00,2011-05-09 13:49:00,1,2,2,5,"122","At Risk"
12356,23.1736111111111,3,2811.43,2011-01-18 09:50:00,2011-11-17 08:40:00,4,4,5,13,"445","Champions"
12357,33.8631944444444,1,6207.67,2011-11-06 16:07:00,2011-11-06 16:07:00,3,2,5,10,"325","Potential Loyalists"
12358,2.1,2,1168.06,2011-07-12 10:04:00,2011-12-08 10:26:00,5,3,4,12,"534","Loyal Customers"
12359,58.0020833333333,4,6372.58,2011-01-12 12:43:00,2011-10-13 12:47:00,3,4,5,12,"345","Potential Loyalists"
12360,52.8944444444444,3,2662.06,2011-05-23 09:43:00,2011-10-18 15:22:00,3,4,5,12,"345","Potential Loyalists"
12361,287.957638888889,1,189.9,2011-02-25 13:51:00,2011-02-25 13:51:00,1,2,1,4,"121","Hibernating"
12362,3.88194444444444,10,5226.23,2011-02-17 10:30:00,2011-12-06 15:40:00,5,5,5,15,"555","Champions"
12363,110.105555555556,2,552,2011-04-11 13:29:00,2011-08-22 10:18:00,2,3,3,8,"233","Needing Attention"
12364,8.10277777777778,4,1313.1,2011-08-19 15:24:00,2011-12-02 10:22:00,5,4,4,13,"544","Champions"
12365,291.948611111111,2,641.38,2011-02-21 13:51:00,2011-02-21 14:04:00,1,3,3,7,"133","Needing Attention"
12367,4.83472222222222,1,168.9,2011-12-05 16:48:00,2011-12-05 16:48:00,5,2,1,8,"521","Others"
12370,51.9159722222222,4,3545.69,2010-12-14 12:58:00,2011-10-19 14:51:00,3,4,5,12,"345","Potential Loyalists"
12371,45.1069444444444,2,1887.96,2011-10-11 10:43:00,2011-10-26 10:16:00,3,3,4,10,"334","Potential Loyalists"
12372,72.0263888888889,3,1298.04,2011-02-16 12:46:00,2011-09-29 12:12:00,3,4,4,11,"344","Potential Loyalists"
12373,311.986111111111,1,364.6,2011-02-01 13:10:00,2011-02-01 13:10:00,1,2,2,5,"122","At Risk"
12374,25.8840277777778,1,742.93,2011-11-14 15:37:00,2011-11-14 15:37:00,4,2,3,9,"423","Potential Loyalists"
12375,11.0930555555556,2,457.5,2011-09-02 14:23:00,2011-11-29 10:36:00,5,3,2,10,"532","Potential Loyalists"
12377,315.878472222222,2,1628.12,2010-12-20 09:37:00,2011-01-28 15:45:00,1,3,4,8,"134","Needing Attention"
12378,130.094444444444,1,4008.62,2011-08-02 10:34:00,2011-08-02 10:34:00,2,2,5,9,"225","At Risk"
12379,82.1118055555555,2,852.24,2011-06-22 16:32:00,2011-09-19 10:09:00,2,3,3,8,"233","Needing Attention"
12380,22.0576388888889,4,2724.81,2011-06-07 09:49:00,2011-11-18 11:27:00,4,4,5,13,"445","Champions"
12381,5.00416666666667,5,1845.31,2011-08-12 09:57:00,2011-12-05 12:44:00,5,4,4,13,"544","Champions"
12383,185.2,5,1850.56,2010-12-22 14:28:00,2011-06-08 08:02:00,1,4,4,9,"144","Needing Attention"
12384,29.1743055555556,2,585.27,2011-08-10 11:23:00,2011-11-11 08:39:00,4,3,3,10,"433","Loyal Customers"
12386,338.009027777778,2,401.9,2010-12-08 09:53:00,2011-01-06 12:37:00,1,3,2,6,"132","At Risk"
12388,16.0138888888889,6,2780.66,2011-01-17 11:12:00,2011-11-24 12:30:00,4,5,5,14,"455","Champions"
12390,80.1368055555556,1,549.84,2011-09-21 09:33:00,2011-09-21 09:33:00,2,2,3,7,"223","At Risk"
12391,22.0298611111111,1,460.89,2011-11-18 12:07:00,2011-11-18 12:07:00,4,2,2,8,"422","Potential Loyalists"
12393,72.88125,4,1582.6,2011-01-11 09:47:00,2011-09-28 15:41:00,2,4,4,10,"244","Needing Attention"
12394,64.1958333333333,2,1272.48,2011-05-06 14:01:00,2011-10-07 08:08:00,3,3,4,10,"334","Potential Loyalists"
12395,19.8951388888889,12,3018.63,2010-12-03 16:35:00,2011-11-20 15:21:00,4,5,5,14,"455","Champions"
12397,36.1236111111111,2,2409.9,2011-07-27 14:21:00,2011-11-04 09:52:00,3,3,5,11,"335","Potential Loyalists"
12398,46.0993055555556,1,1635.66,2011-10-25 10:27:00,2011-10-25 10:27:00,3,2,4,9,"324","Potential Loyalists"
12399,119.982638888889,4,1108.65,2011-03-23 09:42:00,2011-08-12 13:15:00,2,4,4,10,"244","Needing Attention"
12401,303.958333333333,1,84.3,2011-02-09 13:50:00,2011-02-09 13:50:00,1,2,1,4,"121","Hibernating"
12402,323.959027777778,1,225.6,2011-01-20 13:49:00,2011-01-20 13:49:00,1,2,1,4,"121","Hibernating"
12403,50.0826388888889,1,427.7,2011-10-21 10:51:00,2011-10-21 10:51:00,3,2,2,7,"322","Potential Loyalists"
12405,149.165277777778,1,1710.39,2011-07-14 08:52:00,2011-07-14 08:52:00,2,2,4,8,"224","At Risk"
12406,22.7277777777778,2,3415.3,2011-06-09 10:23:00,2011-11-17 19:22:00,4,3,5,12,"435","Loyal Customers"
12407,50.1104166666667,5,1708.12,2011-03-20 13:21:00,2011-10-21 10:11:00,3,4,4,11,"344","Potential Loyalists"
12408,33.0159722222222,5,2888.55,2011-03-24 14:46:00,2011-11-07 12:27:00,4,4,5,13,"445","Champions"
12409,79.0916666666667,3,11072.67,2011-06-10 12:19:00,2011-09-22 10:38:00,2,4,5,11,"245","Needing Attention"
12410,309.090972222222,2,693.33,2011-02-04 10:38:00,2011-02-04 10:39:00,1,3,3,7,"133","Needing Attention"
12412,75.1069444444445,3,1226.88,2011-06-23 13:51:00,2011-09-26 10:16:00,2,4,4,10,"244","Needing Attention"
12413,67.1597222222222,3,758.1,2011-01-06 16:12:00,2011-10-04 09:00:00,3,4,3,10,"343","Potential Loyalists"
12414,217.915972222222,3,562.41,2011-02-02 14:51:00,2011-05-06 14:51:00,1,4,3,8,"143","Needing Attention"
12415,24.9361111111111,21,124914.53,2011-01-06 11:12:00,2011-11-15 14:22:00,4,5,5,14,"455","Champions"
12417,3.91527777777778,9,3649.1,2010-12-17 11:51:00,2011-12-06 14:52:00,5,5,5,15,"555","Champions"
12418,113.070833333333,1,668.58,2011-08-19 11:08:00,2011-08-19 11:08:00,2,2,3,7,"223","At Risk"
12420,64.1631944444444,1,600.39,2011-10-07 08:55:00,2011-10-07 08:55:00,3,2,3,8,"323","Potential Loyalists"
12421,16.1548611111111,4,807.04,2011-01-24 15:09:00,2011-11-24 09:07:00,4,4,3,11,"443","Loyal Customers"
12422,96.1263888888889,3,803.56,2011-01-19 09:13:00,2011-09-05 09:48:00,2,4,3,9,"243","Needing Attention"
12423,1.11111111111111,8,1859.31,2010-12-21 10:54:00,2011-12-09 10:10:00,5,5,4,14,"554","Champions"
12424,163.030555555556,2,1760.96,2011-06-30 12:06:00,2011-06-30 12:06:00,2,3,4,9,"234","Needing Attention"
12425,78.8048611111111,1,777.2,2011-09-22 17:31:00,2011-09-22 17:31:00,2,2,3,7,"223","At Risk"
12426,195.016666666667,1,582.73,2011-05-29 12:26:00,2011-05-29 12:26:00,1,2,3,6,"123","At Risk"
12427,22.1625,3,825.8,2010-12-03 10:44:00,2011-11-18 08:56:00,4,4,3,11,"443","Loyal Customers"
12428,26.1861111111111,9,7956.46,2011-03-01 09:33:00,2011-11-14 08:22:00,4,5,5,14,"455","Champions"
12429,9.81111111111111,4,3750.4,2010-12-09 12:05:00,2011-11-30 17:22:00,5,4,5,14,"545","Champions"
12430,43.9034722222222,1,256.4,2011-10-27 15:09:00,2011-10-27 15:09:00,3,2,2,7,"322","Potential Loyalists"
12431,36.0381944444444,15,6487.45,2010-12-01 10:03:00,2011-11-04 11:55:00,3,5,5,13,"355","Champions"
12432,43.0465277777778,5,5059.32,2011-06-20 13:27:00,2011-10-28 11:43:00,3,4,5,12,"345","Potential Loyalists"
12433,1.11666666666667,7,13375.87,2010-12-01 13:24:00,2011-12-09 10:02:00,5,5,5,15,"555","Champions"
12434,85.0083333333333,2,806.14,2011-03-24 13:05:00,2011-09-16 12:38:00,2,3,3,8,"233","Needing Attention"
12435,80.1555555555556,2,7829.89,2011-03-17 07:40:00,2011-09-21 09:06:00,2,3,5,10,"235","Needing Attention"
12436,100.028472222222,1,509.01,2011-09-01 12:09:00,2011-09-01 12:09:00,2,2,3,7,"223","At Risk"
12437,2.05208333333333,18,4951.41,2011-01-12 14:13:00,2011-12-08 11:35:00,5,5,5,15,"555","Champions"
12438,14.9736111111111,2,2906.85,2011-07-22 13:29:00,2011-11-25 13:28:00,4,3,5,12,"435","Loyal Customers"
12441,367.086805555556,1,173.55,2010-12-08 10:45:00,2010-12-08 10:45:00,1,2,1,4,"121","Hibernating"
12442,3.93611111111111,1,172.06,2011-12-06 14:22:00,2011-12-06 14:22:00,5,2,1,8,"521","Others"
12444,21.9770833333333,5,5005.46,2011-06-21 14:00:00,2011-11-18 13:23:00,4,4,5,13,"445","Champions"
12445,22.7548611111111,1,133.4,2011-11-17 18:43:00,2011-11-17 18:43:00,4,2,1,7,"421","Others"
12446,58,1,1002.31,2011-10-13 12:50:00,2011-10-13 12:50:00,3,2,4,9,"324","Potential Loyalists"
12447,243.975694444444,1,476.49,2011-04-10 13:25:00,2011-04-10 13:25:00,1,2,2,5,"122","At Risk"
12448,44.9611111111111,1,449.45,2011-10-26 13:46:00,2011-10-26 13:46:00,3,2,2,7,"322","Potential Loyalists"
12449,22.9611111111111,4,4067.29,2011-06-05 15:37:00,2011-11-17 13:46:00,4,4,5,13,"445","Champions"
12450,156.922916666667,2,197.88,2011-06-19 14:36:00,2011-07-06 14:41:00,2,3,1,6,"231","Others"
12451,11.1736111111111,5,9035.52,2011-01-19 09:05:00,2011-11-29 08:40:00,5,4,5,14,"545","Champions"
12452,17.0986111111111,2,430.57,2011-11-23 08:05:00,2011-11-23 10:28:00,4,3,2,9,"432","Potential Loyalists"
12453,134.945833333333,1,707.09,2011-07-28 14:08:00,2011-07-28 14:08:00,2,2,3,7,"223","At Risk"
12454,56.8173611111111,1,3528.34,2011-10-14 17:13:00,2011-10-14 17:13:00,3,2,5,10,"325","Potential Loyalists"
12455,73.8881944444445,6,2466.86,2011-02-16 09:56:00,2011-09-27 15:31:00,2,5,5,12,"255","Needing Attention"
12456,44.9229166666667,3,3181.04,2011-03-30 09:12:00,2011-10-26 14:41:00,3,4,5,12,"345","Potential Loyalists"
12457,66.9840277777778,7,2363.23,2011-04-14 18:57:00,2011-10-04 13:13:00,3,5,5,13,"355","Champions"
12458,71.8923611111111,2,947.4,2011-02-28 10:55:00,2011-09-29 15:25:00,3,3,4,10,"334","Potential Loyalists"
12461,94.8284722222222,2,826.88,2011-07-08 10:23:00,2011-09-06 16:57:00,2,3,3,8,"233","Needing Attention"
12462,19.1520833333333,2,1189.59,2011-02-09 14:44:00,2011-11-21 09:11:00,4,3,4,11,"434","Loyal Customers"
12463,53.9625,4,1344.78,2011-04-12 12:47:00,2011-10-17 13:44:00,3,4,4,11,"344","Potential Loyalists"
12464,10.9701388888889,8,1212.05,2011-02-03 13:30:00,2011-11-29 13:33:00,5,5,4,14,"554","Champions"
12465,17.8444444444444,2,742.19,2011-06-23 13:37:00,2011-11-22 16:34:00,4,3,3,10,"433","Loyal Customers"
12468,188.051388888889,2,729.54,2011-01-27 13:29:00,2011-06-05 11:36:00,1,3,3,7,"133","Needing Attention"
12471,2.87986111111111,30,19824.05,2010-12-10 09:35:00,2011-12-07 15:43:00,5,5,5,15,"555","Champions"
12472,32.9506944444444,7,6572.11,2010-12-05 14:19:00,2011-11-07 14:01:00,4,5,5,14,"455","Champions"
12473,29.9611111111111,5,3938.55,2011-06-01 10:15:00,2011-11-10 13:46:00,4,4,5,13,"445","Champions"
12474,17.9243055555556,18,7375.79,2011-01-14 10:06:00,2011-11-22 14:39:00,4,5,5,14,"455","Champions"
12475,54.1111111111111,1,723.38,2011-10-17 10:10:00,2011-10-17 10:10:00,3,2,3,8,"323","Potential Loyalists"
12476,16.0069444444444,11,6816.42,2010-12-13 14:39:00,2011-11-24 12:40:00,4,5,5,14,"455","Champions"
12477,23.1243055555556,6,13219.74,2011-02-11 12:45:00,2011-11-17 09:51:00,4,5,5,14,"455","Champions"
12478,4.12083333333333,1,680.99,2011-12-06 09:56:00,2011-12-06 09:56:00,5,2,3,10,"523","Potential Loyalists"
12479,11.975,1,527.2,2011-11-28 13:26:00,2011-11-28 13:26:00,5,2,3,10,"523","Potential Loyalists"
12480,28.9152777777778,4,3281.63,2011-01-07 15:27:00,2011-11-11 14:52:00,4,4,5,13,"445","Champions"
12481,23.18125,10,5596.32,2010-12-09 10:13:00,2011-11-17 08:29:00,4,5,5,14,"455","Champions"
12483,17.825,8,2484.98,2011-01-04 14:20:00,2011-11-22 17:02:00,4,5,5,14,"455","Champions"
12484,33.0506944444444,6,4541.72,2011-01-07 14:04:00,2011-11-07 11:37:00,3,5,5,13,"355","Champions"
12488,10.1666666666667,3,1298.66,2011-09-25 10:34:00,2011-11-30 08:50:00,5,4,4,13,"544","Champions"
12489,336.984027777778,1,334.93,2011-01-07 13:13:00,2011-01-07 13:13:00,1,2,2,5,"122","At Risk"
12490,5.86319444444444,10,5417.93,2011-01-14 09:13:00,2011-12-04 16:07:00,5,5,5,15,"555","Champions"
12491,39.0222222222222,1,460.4,2011-11-01 12:18:00,2011-11-01 12:18:00,3,2,2,7,"322","Potential Loyalists"
12492,63.8993055555556,2,263.21,2011-08-26 14:51:00,2011-10-07 15:15:00,3,3,2,8,"332","Potential Loyalists"
12493,166.10625,2,433.74,2011-05-26 14:53:00,2011-06-27 10:17:00,2,3,2,7,"232","At Risk"
12494,16.1361111111111,7,1246.1,2010-12-09 11:31:00,2011-11-24 09:34:00,4,5,4,13,"454","Champions"
12497,82.0145833333333,1,1043.1,2011-09-19 12:29:00,2011-09-19 12:29:00,2,2,4,8,"224","At Risk"
12498,21.9979166666667,3,403.7,2011-10-13 09:30:00,2011-11-18 12:53:00,4,4,2,10,"442","Potential Loyalists"
12500,23.8541666666667,11,4257.82,2011-01-10 09:48:00,2011-11-16 16:20:00,4,5,5,14,"455","Champions"
12501,337.015277777778,1,2169.39,2011-01-07 12:28:00,2011-01-07 12:28:00,1,2,5,8,"125","At Risk"
12502,96.0402777777778,5,3723.87,2011-02-03 10:41:00,2011-09-05 11:52:00,2,4,5,11,"245","Needing Attention"
12504,18.8666666666667,2,482.05,2011-11-09 14:56:00,2011-11-21 16:02:00,4,3,2,9,"432","Potential Loyalists"
12506,233.163888888889,1,73.5,2011-04-21 08:54:00,2011-04-21 08:54:00,1,2,1,4,"121","Hibernating"
12507,134.820138888889,3,1304.81,2011-02-14 09:24:00,2011-07-28 17:09:00,2,4,4,10,"244","Needing Attention"
12508,26.8840277777778,2,398.27,2011-11-10 16:27:00,2011-11-13 15:37:00,4,3,2,9,"432","Potential Loyalists"
12509,284.920138888889,1,176.5,2011-02-28 14:45:00,2011-02-28 14:45:00,1,2,1,4,"121","Hibernating"
12510,143.107638888889,2,982.57,2011-01-18 14:04:00,2011-07-20 10:15:00,2,3,4,9,"234","Needing Attention"
12512,66.9131944444444,2,138.03,2011-10-04 14:53:00,2011-10-04 14:55:00,3,3,1,7,"331","Others"
12513,113.082638888889,1,612.29,2011-08-19 10:51:00,2011-08-19 10:51:00,2,2,3,7,"223","At Risk"
12514,267.841666666667,1,1017.68,2011-03-17 16:38:00,2011-03-17 16:38:00,1,2,4,7,"124","At Risk"
12515,353.879861111111,1,383.7,2010-12-21 15:43:00,2010-12-21 15:43:00,1,2,2,5,"122","At Risk"
12516,78.1506944444444,2,1312.06,2011-06-12 11:37:00,2011-09-23 09:13:00,2,3,4,9,"234","Needing Attention"
12517,28.9486111111111,5,2502.84,2011-06-02 15:13:00,2011-11-11 14:04:00,4,4,5,13,"445","Champions"
12518,1.10902777777778,5,2056.89,2011-08-21 13:18:00,2011-12-09 10:13:00,5,4,4,13,"544","Champions"
12519,64.1416666666667,1,340.84,2011-10-07 09:26:00,2011-10-07 09:26:00,3,2,2,7,"322","Potential Loyalists"
12520,79.89375,5,2634.26,2011-03-11 11:35:00,2011-09-21 15:23:00,2,4,5,11,"245","Needing Attention"
12521,143.082638888889,1,599.68,2011-07-20 10:51:00,2011-07-20 10:51:00,2,2,3,7,"223","At Risk"
12522,39.8888888888889,2,192.72,2011-10-19 14:41:00,2011-10-31 15:30:00,3,3,1,7,"331","Others"
12523,19.9965277777778,11,1789.77,2011-01-12 09:43:00,2011-11-20 12:55:00,4,5,4,13,"454","Champions"
12524,9.88819444444444,8,4485.72,2011-01-10 10:35:00,2011-11-30 15:31:00,5,5,5,15,"555","Champions"
12526,1.02847222222222,3,1316.66,2011-09-06 14:19:00,2011-12-09 12:09:00,5,4,4,13,"544","Champions"
12527,82.0381944444444,3,348.71,2011-01-18 12:05:00,2011-09-19 11:55:00,2,4,2,8,"242","At Risk"
12528,9.92361111111111,6,1933.48,2011-01-31 09:05:00,2011-11-30 14:40:00,5,5,4,14,"554","Champions"
12530,60.0111111111111,4,1662.28,2011-01-07 10:04:00,2011-10-11 12:34:00,3,4,4,11,"344","Potential Loyalists"
12531,15.0680555555556,1,125.22,2011-11-25 11:12:00,2011-11-25 11:12:00,4,2,1,7,"421","Others"
12532,30.9604166666667,1,349.83,2011-11-09 13:47:00,2011-11-09 13:47:00,4,2,2,8,"422","Potential Loyalists"
12534,131.1,1,1089.18,2011-08-01 10:26:00,2011-08-01 10:26:00,2,2,4,8,"224","At Risk"
12535,92.1680555555556,2,716.35,2011-06-06 12:47:00,2011-09-09 08:48:00,2,3,3,8,"233","Needing Attention"
12536,43.9375,3,12601.83,2011-10-11 14:52:00,2011-10-27 14:20:00,3,4,5,12,"345","Potential Loyalists"
12538,29.8152777777778,1,363.95,2011-11-10 17:16:00,2011-11-10 17:16:00,4,2,2,8,"422","Potential Loyalists"
12539,22.9722222222222,4,5568.35,2011-01-10 09:11:00,2011-11-17 13:30:00,4,4,5,13,"445","Champions"
12540,20.0548611111111,17,13400.24,2010-12-13 09:39:00,2011-11-20 11:31:00,4,5,5,14,"455","Champions"
12541,30.0902777777778,3,981.18,2011-03-04 09:32:00,2011-11-10 10:40:00,4,4,4,12,"444","Loyal Customers"
12544,36.8576388888889,1,372.7,2011-11-03 16:15:00,2011-11-03 16:15:00,3,2,2,7,"322","Potential Loyalists"
12545,75.9659722222222,2,1000.39,2011-03-25 12:04:00,2011-09-25 13:39:00,2,3,4,9,"234","Needing Attention"
12546,47.0284722222222,2,1161.5,2011-09-23 09:44:00,2011-10-24 12:09:00,3,3,4,10,"334","Potential Loyalists"
12547,198.008333333333,2,207.8,2011-03-04 12:46:00,2011-05-26 12:38:00,1,3,1,5,"131","Others"
12548,166.885416666667,1,95.2,2011-06-26 15:35:00,2011-06-26 15:35:00,2,2,1,5,"221","Hibernating"
12550,79.9270833333333,1,964.83,2011-09-21 14:35:00,2011-09-21 14:35:00,2,2,4,8,"224","At Risk"
12551,358.060416666667,1,168,2010-12-17 11:23:00,2010-12-17 11:23:00,1,2,1,4,"121","Hibernating"
12552,39.1166666666667,2,437.82,2011-10-31 12:11:00,2011-11-01 10:02:00,3,3,2,8,"332","Potential Loyalists"
12553,8.84166666666667,10,3692.28,2011-01-14 10:42:00,2011-12-01 16:38:00,5,5,5,15,"555","Champions"
12556,50.9888888888889,2,603.71,2011-07-11 13:35:00,2011-10-20 13:06:00,3,3,3,9,"333","Potential Loyalists"
12557,16.8270833333333,5,11990.96,2010-12-03 12:20:00,2011-11-23 16:59:00,4,4,5,13,"445","Champions"
12558,8.08958333333333,1,269.96,2011-12-02 10:41:00,2011-12-02 10:41:00,5,2,2,9,"522","Potential Loyalists"
12559,311.125694444444,2,561.71,2011-01-24 10:12:00,2011-02-02 09:49:00,1,3,3,7,"133","Needing Attention"
12560,5.95555555555556,3,2134.01,2011-07-19 15:55:00,2011-12-04 13:54:00,5,4,5,14,"545","Champions"
12561,303.049305555556,1,238.85,2011-02-10 11:39:00,2011-02-10 11:39:00,1,2,1,4,"121","Hibernating"
12562,8.8125,7,3781.74,2011-05-25 12:44:00,2011-12-01 17:20:00,5,5,5,15,"555","Champions"
12564,261.913194444444,1,456.9,2011-03-23 14:55:00,2011-03-23 14:55:00,1,2,2,5,"122","At Risk"
12565,289.094444444444,1,145.92,2011-02-24 10:34:00,2011-02-24 10:34:00,1,2,1,4,"121","Hibernating"
12566,86.9305555555556,1,351.65,2011-09-14 14:30:00,2011-09-14 14:30:00,2,2,2,6,"222","At Risk"
12567,23.075,10,9401.28,2010-12-05 11:57:00,2011-11-17 11:02:00,4,5,5,14,"455","Champions"
12569,2.85138888888889,32,4124.69,2011-04-01 13:47:00,2011-12-07 16:24:00,5,5,5,15,"555","Champions"
12571,40.1048611111111,2,519.61,2011-08-10 12:35:00,2011-10-31 10:19:00,3,3,3,9,"333","Potential Loyalists"
12572,9.14583333333333,2,1020.42,2011-10-19 08:20:00,2011-12-01 09:20:00,5,3,4,12,"534","Loyal Customers"
12573,227.873611111111,1,160.54,2011-04-26 15:52:00,2011-04-26 15:52:00,1,2,1,4,"121","Hibernating"
12574,316.145833333333,1,218.45,2011-01-28 09:20:00,2011-01-28 09:20:00,1,2,1,4,"121","Hibernating"
12576,36.1104166666667,5,1315.83,2011-02-08 11:31:00,2011-11-04 10:11:00,3,4,4,11,"344","Potential Loyalists"
12577,35.9763888888889,3,657.8,2010-12-15 16:21:00,2011-11-04 13:24:00,3,4,3,10,"343","Potential Loyalists"
12578,21.9722222222222,2,2794.51,2011-01-13 15:34:00,2011-11-18 13:30:00,4,3,5,12,"435","Loyal Customers"
12579,78.8159722222222,1,440.42,2011-09-22 17:15:00,2011-09-22 17:15:00,2,2,2,6,"222","At Risk"
12580,247.101388888889,1,415.7,2011-04-07 10:24:00,2011-04-07 10:24:00,1,2,2,5,"122","At Risk"
12581,40.1625,1,197.71,2011-10-31 08:56:00,2011-10-31 08:56:00,3,2,1,6,"321","Others"
12582,239.170138888889,2,511.36,2011-02-24 11:42:00,2011-04-15 08:45:00,1,3,3,7,"133","Needing Attention"
12583,3.19652777777778,15,7281.38,2010-12-01 08:45:00,2011-12-07 08:07:00,5,5,5,15,"555","Champions"
12584,4.13541666666667,9,2338.15,2011-03-04 15:15:00,2011-12-06 09:35:00,5,5,5,15,"555","Champions"
12585,234.965972222222,2,2040.1,2010-12-23 12:58:00,2011-04-19 13:39:00,1,3,4,8,"134","Needing Attention"
12586,17.8513888888889,1,196.94,2011-11-22 16:24:00,2011-11-22 16:24:00,4,2,1,7,"421","Others"
12587,8.00208333333333,1,144,2011-12-02 12:47:00,2011-12-02 12:47:00,5,2,1,8,"521","Others"
12588,39.9090277777778,1,214.9,2011-10-31 15:01:00,2011-10-31 15:01:00,3,2,1,6,"321","Others"
12589,29.1048611111111,2,646.68,2011-07-18 12:05:00,2011-11-11 10:19:00,4,3,3,10,"433","Loyal Customers"
12590,211.915277777778,2,9864.26,2011-05-12 14:46:00,2011-05-12 14:52:00,1,3,5,9,"135","Needing Attention"
12591,317.927083333333,1,452.85,2011-01-26 14:35:00,2011-01-26 14:35:00,1,2,2,5,"122","At Risk"
12592,92.9069444444444,2,437.6,2011-05-10 13:44:00,2011-09-08 15:04:00,2,3,2,7,"232","At Risk"
12593,109.004861111111,3,418.1,2011-05-05 09:29:00,2011-08-23 12:43:00,2,4,2,8,"242","At Risk"
12594,38.0208333333333,10,3338.22,2011-01-21 09:52:00,2011-11-02 12:20:00,3,5,5,13,"355","Champions"
12596,51.9916666666667,2,618.27,2011-04-11 13:22:00,2011-10-19 13:02:00,3,3,3,9,"333","Potential Loyalists"
12597,19.9701388888889,4,3811.22,2011-03-16 14:00:00,2011-11-20 13:33:00,4,4,5,13,"445","Champions"
12598,10.0222222222222,8,3023.08,2011-02-28 11:58:00,2011-11-30 12:18:00,5,5,5,15,"555","Champions"
12599,29.9694444444444,7,1032.58,2011-02-08 13:28:00,2011-11-10 13:34:00,4,5,4,13,"454","Champions"
12600,29.0979166666667,10,2599.04,2010-12-03 12:57:00,2011-11-11 10:29:00,4,5,5,14,"455","Champions"
12601,190.10625,5,577.06,2011-01-11 10:38:00,2011-06-03 10:17:00,1,4,3,8,"143","Needing Attention"
12602,59.0611111111111,1,153.12,2011-10-12 11:22:00,2011-10-12 11:22:00,3,2,1,6,"321","Others"
12603,22.0888888888889,1,739.2,2011-11-18 10:42:00,2011-11-18 10:42:00,4,2,3,9,"423","Potential Loyalists"
12604,79.9458333333333,2,254.18,2011-03-23 12:06:00,2011-09-21 14:08:00,2,3,2,7,"232","At Risk"
12607,60.8638888888889,1,1579.51,2011-10-10 16:06:00,2011-10-10 16:06:00,3,2,4,9,"324","Potential Loyalists"
12609,78.8444444444444,3,1126.85,2011-01-25 15:13:00,2011-09-22 16:34:00,2,4,4,10,"244","Needing Attention"
12610,23.1361111111111,5,2099.54,2011-08-05 13:52:00,2011-11-17 09:34:00,4,4,5,13,"445","Champions"
12611,52.9847222222222,1,1193.32,2011-10-18 13:12:00,2011-10-18 13:12:00,3,2,4,9,"324","Potential Loyalists"
12612,74.8854166666667,1,704.04,2011-09-26 15:35:00,2011-09-26 15:35:00,2,2,3,7,"223","At Risk"
12613,57.9104166666667,5,3344.38,2011-03-22 15:42:00,2011-10-13 14:59:00,3,4,5,12,"345","Potential Loyalists"
12614,278.102777777778,1,315.6,2011-03-07 10:22:00,2011-03-07 10:22:00,1,2,2,5,"122","At Risk"
12615,2.90833333333333,4,2291.19,2011-06-24 13:35:00,2011-12-07 15:02:00,5,4,5,14,"545","Champions"
12616,95.8979166666667,2,713.3,2011-02-15 14:17:00,2011-09-05 15:17:00,2,3,3,8,"233","Needing Attention"
12617,29.9243055555556,1,355.53,2011-11-10 14:39:00,2011-11-10 14:39:00,4,2,2,8,"422","Potential Loyalists"
12618,22.0694444444444,1,177.31,2011-11-18 11:10:00,2011-11-18 11:10:00,4,2,1,7,"421","Others"
12619,16.9152777777778,9,3641.24,2011-03-31 13:10:00,2011-11-23 14:52:00,4,5,5,14,"455","Champions"
12620,15.1041666666667,3,1339.41,2011-05-19 12:10:00,2011-11-25 10:20:00,4,4,4,12,"444","Loyal Customers"
12621,2.05902777777778,20,13689.67,2010-12-09 10:16:00,2011-12-08 11:25:00,5,5,5,15,"555","Champions"
12622,232.840972222222,1,180.1,2011-04-21 16:39:00,2011-04-21 16:39:00,1,2,1,4,"121","Hibernating"
12623,276.958333333333,1,305.1,2011-03-08 13:50:00,2011-03-08 13:50:00,1,2,2,5,"122","At Risk"
12624,106.906944444444,2,641.13,2011-06-15 12:34:00,2011-08-25 15:04:00,2,3,3,8,"233","Needing Attention"
12625,212.122222222222,2,2683.82,2011-01-24 13:27:00,2011-05-12 09:54:00,1,3,5,9,"135","Needing Attention"
12626,23.8638888888889,9,6620.48,2011-01-17 11:01:00,2011-11-16 16:06:00,4,5,5,14,"455","Champions"
12627,11.0298611111111,7,4478.53,2011-07-22 13:59:00,2011-11-29 12:07:00,5,5,5,15,"555","Champions"
12628,4.98263888888889,3,786.46,2011-10-06 09:28:00,2011-12-05 13:15:00,5,4,3,12,"543","Loyal Customers"
12630,10.0847222222222,2,1270.88,2011-10-27 10:41:00,2011-11-30 10:48:00,5,3,4,12,"534","Loyal Customers"
12631,57.95625,1,640.5,2011-10-13 13:53:00,2011-10-13 13:53:00,3,2,3,8,"323","Potential Loyalists"
12633,59.0486111111111,4,2163.98,2011-02-25 08:44:00,2011-10-12 11:40:00,3,4,5,12,"345","Potential Loyalists"
12635,90.0736111111111,2,1689.18,2011-07-08 08:43:00,2011-09-11 11:04:00,2,3,4,9,"234","Needing Attention"
12637,67.9611111111111,8,6021.9,2011-01-20 10:47:00,2011-10-03 13:46:00,3,5,5,13,"355","Champions"
12638,33.9854166666667,1,671.69,2011-11-06 13:11:00,2011-11-06 13:11:00,3,2,3,8,"323","Potential Loyalists"
12639,239.001388888889,1,486.1,2011-04-15 12:48:00,2011-04-15 12:48:00,1,2,2,5,"122","At Risk"
12640,24.0402777777778,3,1174.58,2011-09-19 12:01:00,2011-11-16 11:52:00,4,4,4,12,"444","Loyal Customers"
12641,115.975,1,185.9,2011-08-16 13:26:00,2011-08-16 13:26:00,2,2,1,5,"221","Hibernating"
12642,25.9076388888889,3,1013.26,2011-08-24 09:23:00,2011-11-14 15:03:00,4,4,4,12,"444","Loyal Customers"
12643,128.995833333333,6,3344.64,2011-01-11 11:48:00,2011-08-03 12:56:00,2,5,5,12,"255","Needing Attention"
12644,130.095138888889,1,477.91,2011-08-02 10:33:00,2011-08-02 10:33:00,2,2,2,6,"222","At Risk"
12645,34.0083333333333,4,1775.18,2011-01-27 13:08:00,2011-11-06 12:38:00,3,4,4,11,"344","Potential Loyalists"
12646,5.10833333333333,2,1346.97,2011-10-21 12:52:00,2011-12-05 10:14:00,5,3,4,12,"534","Loyal Customers"
12647,22.9958333333333,12,3722.82,2010-12-05 14:02:00,2011-11-17 12:56:00,4,5,5,14,"455","Champions"
12648,155.038194444444,1,318.05,2011-07-08 11:55:00,2011-07-08 11:55:00,2,2,2,6,"222","At Risk"
12649,107.922916666667,3,623.51,2011-05-11 14:37:00,2011-08-24 14:41:00,2,4,3,9,"243","Needing Attention"
12650,3.84444444444444,1,314.44,2011-12-06 16:34:00,2011-12-06 16:34:00,5,2,2,9,"522","Potential Loyalists"
12651,335.002777777778,1,114,2011-01-09 12:46:00,2011-01-09 12:46:00,1,2,1,4,"121","Hibernating"
12652,331.909722222222,1,919.98,2011-01-12 15:00:00,2011-01-12 15:00:00,1,2,3,6,"123","At Risk"
12653,149.089583333333,2,2209.85,2011-02-16 10:53:00,2011-07-14 10:41:00,2,3,5,10,"235","Needing Attention"
12654,11.1111111111111,5,601.98,2011-02-17 13:16:00,2011-11-29 10:10:00,5,4,3,12,"543","Loyal Customers"
12656,17.9638888888889,5,4051.17,2011-04-20 09:20:00,2011-11-22 13:42:00,4,4,5,13,"445","Champions"
12657,11.8770833333333,4,1643.18,2011-09-22 11:40:00,2011-11-28 15:47:00,5,4,4,13,"544","Champions"
12658,19.1027777777778,1,686.05,2011-11-21 10:22:00,2011-11-21 10:22:00,4,2,3,9,"423","Potential Loyalists"
12659,30.0395833333333,1,91.68,2011-11-10 11:53:00,2011-11-10 11:53:00,4,2,1,7,"421","Others"
12660,11.975,1,245.1,2011-11-28 13:26:00,2011-11-28 13:26:00,5,2,1,8,"521","Others"
12662,1.03541666666667,11,3849.78,2010-12-01 13:04:00,2011-12-09 11:59:00,5,5,5,15,"555","Champions"
12664,8.82152777777778,9,4881.88,2011-01-21 11:42:00,2011-12-01 17:07:00,5,5,5,15,"555","Champions"
12665,325.177777777778,1,63,2011-01-19 08:34:00,2011-01-19 08:34:00,1,2,1,4,"121","Hibernating"
12667,58.8263888888889,1,620.13,2011-10-12 17:00:00,2011-10-12 17:00:00,3,2,3,8,"323","Potential Loyalists"
12668,12.0791666666667,4,3807.15,2010-12-19 12:46:00,2011-11-28 10:56:00,5,4,5,14,"545","Champions"
12669,151.122222222222,3,2744.03,2011-03-28 10:15:00,2011-07-12 09:54:00,2,4,5,11,"245","Needing Attention"
12670,10.89375,5,2996.05,2011-04-21 10:16:00,2011-11-29 15:23:00,5,4,5,14,"545","Champions"
12672,330.145833333333,1,225.9,2011-01-14 09:20:00,2011-01-14 09:20:00,1,2,1,4,"121","Hibernating"
12673,5.95486111111111,2,610.52,2011-01-17 11:46:00,2011-12-04 13:55:00,5,3,3,11,"533","Loyal Customers"
12674,39.0263888888889,4,1970.6,2011-05-16 09:10:00,2011-11-01 12:12:00,3,4,4,11,"344","Potential Loyalists"
12676,25.0173611111111,6,1331.39,2011-02-01 15:41:00,2011-11-15 12:25:00,4,5,4,13,"454","Champions"
12678,42.9902777777778,12,17628.46,2010-12-21 11:00:00,2011-10-28 13:04:00,3,5,5,13,"355","Champions"
12679,59.0138888888889,4,1113.02,2011-03-01 12:26:00,2011-10-12 12:30:00,3,4,4,11,"344","Potential Loyalists"
12680,1,4,862.81,2011-08-18 15:44:00,2011-12-09 12:50:00,5,4,3,12,"543","Loyal Customers"
12681,15.0534722222222,22,13787.54,2010-12-07 10:08:00,2011-11-25 11:33:00,4,5,5,14,"455","Champions"
12682,4.11805555555556,31,12288.22,2010-12-03 13:59:00,2011-12-06 10:00:00,5,5,5,15,"555","Champions"
12683,4.84652777777778,15,8476.57,2010-12-09 10:37:00,2011-12-05 16:31:00,5,5,5,15,"555","Champions"
12684,8.12291666666667,7,2283.63,2011-05-10 12:55:00,2011-12-02 09:53:00,5,5,5,15,"555","Champions"
12685,28.9611111111111,6,2863.08,2011-09-07 10:28:00,2011-11-11 13:46:00,4,5,5,14,"455","Champions"
12686,372.124305555556,1,89.14,2010-12-03 09:51:00,2010-12-03 09:51:00,1,2,1,4,"121","Hibernating"
12688,114.167361111111,1,4873.81,2011-08-18 08:49:00,2011-08-18 08:49:00,2,2,5,9,"225","At Risk"
12689,26.1798611111111,2,1247.61,2011-08-04 10:04:00,2011-11-14 08:31:00,4,3,4,11,"434","Loyal Customers"
12690,206.153472222222,1,389.01,2011-05-18 09:09:00,2011-05-18 09:09:00,1,2,2,5,"122","At Risk"
12691,28.8340277777778,6,1035.8,2010-12-17 14:46:00,2011-11-11 16:49:00,4,5,4,13,"454","Champions"
12693,127.790972222222,4,855.91,2011-01-24 12:58:00,2011-08-04 17:51:00,2,4,3,9,"243","Needing Attention"
12694,70.9888888888889,2,869.67,2011-06-09 17:48:00,2011-09-30 13:06:00,3,3,3,9,"333","Potential Loyalists"
12695,7.97777777777778,4,582.1,2011-05-13 13:15:00,2011-12-02 13:22:00,5,4,3,12,"543","Loyal Customers"
12697,29.16875,3,957.59,2011-06-23 15:44:00,2011-11-11 08:47:00,4,4,4,12,"444","Loyal Customers"
12700,8.08541666666667,4,4939.99,2011-05-08 16:10:00,2011-12-02 10:47:00,5,4,5,14,"545","Champions"
12701,80.0854166666667,2,797.71,2011-04-11 13:02:00,2011-09-21 10:47:00,2,3,3,8,"233","Needing Attention"
12702,20.0930555555556,1,219,2011-11-20 10:36:00,2011-11-20 10:36:00,4,2,1,7,"421","Others"
12703,71.7902777777778,1,283.55,2011-09-29 17:52:00,2011-09-29 17:52:00,3,2,2,7,"322","Potential Loyalists"
12704,7.98263888888889,8,2340.84,2011-06-23 10:20:00,2011-12-02 13:15:00,5,5,5,15,"555","Champions"
12705,15.98125,9,6868.29,2010-12-17 15:58:00,2011-11-24 13:17:00,4,5,5,14,"455","Champions"
12707,292.175,1,603.42,2011-02-21 08:38:00,2011-02-21 08:38:00,1,2,3,6,"123","At Risk"
12708,30.1236111111111,10,2712.91,2010-12-06 10:43:00,2011-11-10 09:52:00,4,5,5,14,"455","Champions"
12709,15.8833333333333,15,9736.52,2010-12-08 09:49:00,2011-11-24 15:38:00,4,5,5,14,"455","Champions"
12710,97.0347222222222,3,1149.02,2011-05-22 14:05:00,2011-09-04 12:00:00,2,4,4,10,"244","Needing Attention"
12712,29.1881944444444,13,4396.13,2010-12-03 14:30:00,2011-11-11 08:19:00,4,5,5,14,"455","Champions"
12713,1.02361111111111,1,848.55,2011-12-09 12:16:00,2011-12-09 12:16:00,5,2,3,10,"523","Potential Loyalists"
12714,9.87986111111111,5,4708.86,2011-02-18 10:53:00,2011-11-30 15:43:00,5,4,5,14,"545","Champions"
12715,106.894444444444,1,353.86,2011-08-25 15:22:00,2011-08-25 15:22:00,2,2,2,6,"222","At Risk"
12716,4.16319444444444,2,1053.49,2011-07-29 13:28:00,2011-12-06 08:55:00,5,3,4,12,"534","Loyal Customers"
12717,151.91875,2,1030.98,2011-04-08 10:32:00,2011-07-11 14:47:00,2,3,4,9,"234","Needing Attention"
12718,71.8416666666667,1,238.25,2011-09-29 16:38:00,2011-09-29 16:38:00,3,2,1,6,"321","Others"
12719,5.96180555555556,2,644.95,2011-10-05 14:50:00,2011-12-04 13:45:00,5,3,3,11,"533","Loyal Customers"
12720,3.19930555555556,25,5781.73,2010-12-05 15:21:00,2011-12-07 08:03:00,5,5,5,15,"555","Champions"
12721,32.0256944444444,6,2656.13,2010-12-20 11:38:00,2011-11-08 12:13:00,4,5,5,14,"455","Champions"
12722,85.9166666666667,4,997.63,2011-07-12 11:55:00,2011-09-15 14:50:00,2,4,4,10,"244","Needing Attention"
12723,4.10486111111111,5,725.07,2011-10-05 15:52:00,2011-12-06 10:19:00,5,4,3,12,"543","Loyal Customers"
12724,5.86666666666667,4,1031.41,2011-01-11 15:00:00,2011-12-04 16:02:00,5,4,4,13,"544","Champions"
12725,371.878472222222,1,427.8,2010-12-03 15:45:00,2010-12-03 15:45:00,1,2,2,5,"122","At Risk"
12726,28.96875,7,2609.1,2010-12-17 12:56:00,2011-11-11 13:35:00,4,5,5,14,"455","Champions"
12727,11.0444444444444,7,3980.7,2011-01-23 15:17:00,2011-11-29 11:46:00,5,5,5,15,"555","Champions"
12728,71.8881944444445,4,836.33,2011-01-11 13:31:00,2011-09-29 15:31:00,3,4,3,10,"343","Potential Loyalists"
12729,114.048611111111,1,453.01,2011-08-18 11:40:00,2011-08-18 11:40:00,2,2,2,6,"222","At Risk"
12731,24.0354166666667,12,18895.91,2010-12-10 10:56:00,2011-11-16 11:59:00,4,5,5,14,"455","Champions"
12732,180.053472222222,1,236.26,2011-06-13 11:33:00,2011-06-13 11:33:00,1,2,1,4,"121","Hibernating"
12733,234.854861111111,1,383.95,2011-04-19 16:19:00,2011-04-19 16:19:00,1,2,2,5,"122","At Risk"
12734,353.002083333333,1,110.4,2010-12-22 12:47:00,2010-12-22 12:47:00,1,2,1,4,"121","Hibernating"
12735,315.967361111111,2,779.57,2011-01-06 14:26:00,2011-01-28 13:37:00,1,3,3,7,"133","Needing Attention"
12736,333.203472222222,1,234,2011-01-11 07:57:00,2011-01-11 07:57:00,1,2,1,4,"121","Hibernating"
12738,372.765972222222,1,155.35,2010-12-02 18:27:00,2010-12-02 18:27:00,1,2,1,4,"121","Hibernating"
12739,78.9930555555556,2,1013.04,2011-09-01 17:45:00,2011-09-22 13:00:00,2,3,4,9,"234","Needing Attention"
12740,64.0875,1,427.6,2011-10-07 10:44:00,2011-10-07 10:44:00,3,2,2,7,"322","Potential Loyalists"
12743,134.853472222222,2,546.43,2011-07-28 16:06:00,2011-07-28 16:21:00,2,3,3,8,"233","Needing Attention"
12744,52.0638888888889,7,21279.29,2011-01-25 13:26:00,2011-10-19 11:18:00,3,5,5,13,"355","Champions"
12747,2.92777777777778,11,4196.01,2010-12-05 15:38:00,2011-12-07 14:34:00,5,5,5,15,"555","Champions"
12748,1.02083333333333,209,33719.73,2010-12-01 12:48:00,2011-12-09 12:20:00,5,5,5,15,"555","Champions"
12749,4.12083333333333,5,4090.88,2011-05-10 15:25:00,2011-12-06 09:56:00,5,4,5,14,"545","Champions"
12750,129.150694444444,1,275.88,2011-08-03 09:13:00,2011-08-03 09:13:00,2,2,2,6,"222","At Risk"
12752,81.9708333333333,1,4366.78,2011-09-19 13:32:00,2011-09-19 13:32:00,2,2,5,9,"225","At Risk"
12753,23.0819444444444,6,21429.39,2010-12-12 11:44:00,2011-11-17 10:52:00,4,5,5,14,"455","Champions"
12754,236.159722222222,3,3010.74,2011-02-04 10:31:00,2011-04-18 09:00:00,1,4,5,10,"145","Needing Attention"
12755,281.005555555556,2,3811.95,2010-12-09 10:44:00,2011-03-04 12:42:00,1,3,5,9,"135","Needing Attention"
12756,87.1381944444445,1,112.08,2011-09-14 09:31:00,2011-09-14 09:31:00,2,2,1,5,"221","Hibernating"
12757,16.0138888888889,13,7857.1,2011-05-12 19:01:00,2011-11-24 12:30:00,4,5,5,14,"455","Champions"
12758,117.102777777778,2,2791.59,2011-03-08 12:05:00,2011-08-15 10:22:00,2,3,5,10,"235","Needing Attention"
12759,52.9173611111111,3,1531.44,2011-03-09 08:09:00,2011-10-18 14:49:00,3,4,4,11,"344","Potential Loyalists"
12762,8.10208333333333,2,1898.52,2011-11-14 14:23:00,2011-12-02 10:23:00,5,3,4,12,"534","Loyal Customers"
12763,138.943055555556,2,494.08,2010-12-05 15:46:00,2011-07-24 14:12:00,2,3,3,8,"233","Needing Attention"
12764,317.104861111111,1,1693.88,2011-01-27 10:19:00,2011-01-27 10:19:00,1,2,4,7,"124","At Risk"
12766,4.16944444444444,7,6989.63,2010-12-08 13:53:00,2011-12-06 08:46:00,5,5,5,15,"555","Champions"
12769,239.100694444444,1,1143.6,2011-04-15 10:25:00,2011-04-15 10:25:00,1,2,4,7,"124","At Risk"
12770,211.136805555556,1,1351.45,2011-05-13 09:33:00,2011-05-13 09:33:00,1,2,4,7,"124","At Risk"
12772,60.1465277777778,1,892.47,2011-10-11 09:19:00,2011-10-11 09:19:00,3,2,3,8,"323","Potential Loyalists"
12775,17.8451388888889,5,1386.04,2011-02-01 13:45:00,2011-11-22 16:33:00,4,4,4,12,"444","Loyal Customers"
12778,20.0555555555556,6,822.23,2011-01-31 14:35:00,2011-11-20 11:30:00,4,5,3,12,"453","Loyal Customers"
12779,38.0465277777778,8,3981.36,2010-12-03 13:40:00,2011-11-02 11:43:00,3,5,5,13,"355","Champions"
12781,64.0923611111111,2,826.74,2011-02-28 08:43:00,2011-10-07 10:37:00,3,3,3,9,"333","Potential Loyalists"
12782,5.14861111111111,5,2330.92,2010-12-17 11:30:00,2011-12-05 09:16:00,5,4,5,14,"545","Champions"
12783,2.87083333333333,6,2225.91,2011-09-25 15:35:00,2011-12-07 15:56:00,5,5,5,15,"555","Champions"
12784,9.88333333333333,2,574.42,2011-11-24 12:53:00,2011-11-30 15:38:00,5,3,3,11,"533","Loyal Customers"
12785,364.959722222222,1,311.95,2010-12-10 13:48:00,2010-12-10 13:48:00,1,2,2,5,"122","At Risk"
12787,10.1708333333333,3,463.66,2011-05-31 09:36:00,2011-11-30 08:44:00,5,4,2,11,"542","Potential Loyalists"
12789,65.9694444444444,1,91.85,2011-10-05 13:34:00,2011-10-05 13:34:00,3,2,1,6,"321","Others"
12790,192.941666666667,1,324.92,2011-05-31 14:14:00,2011-05-31 14:14:00,1,2,2,5,"122","At Risk"
12791,374.057638888889,1,192.6,2010-12-01 11:27:00,2010-12-01 11:27:00,1,2,1,4,"121","Hibernating"
12792,257.051388888889,1,400.54,2011-03-28 11:36:00,2011-03-28 11:36:00,1,2,2,5,"122","At Risk"
12793,335.026388888889,2,545.48,2010-12-03 15:14:00,2011-01-09 12:12:00,1,3,3,7,"133","Needing Attention"
12794,53.9138888888889,2,860.41,2011-09-02 12:01:00,2011-10-17 14:54:00,3,3,3,9,"333","Potential Loyalists"
12795,19.0993055555556,1,430.48,2011-11-21 10:27:00,2011-11-21 10:27:00,4,2,2,8,"422","Potential Loyalists"
12797,366.079861111111,1,254.03,2010-12-09 10:55:00,2010-12-09 10:55:00,1,2,2,5,"122","At Risk"
12798,10.8736111111111,3,6977.04,2011-06-22 10:11:00,2011-11-29 15:52:00,5,4,5,14,"545","Champions"
12802,187.134722222222,1,427.58,2011-06-06 09:36:00,2011-06-06 09:36:00,1,2,2,5,"122","At Risk"
12808,37.1145833333333,3,483.65,2010-12-06 10:27:00,2011-11-03 10:05:00,3,4,2,9,"342","Potential Loyalists"
12809,178.082638888889,1,489.31,2011-06-15 10:51:00,2011-06-15 10:51:00,2,2,2,6,"222","At Risk"
12811,261.130555555556,3,514.85,2011-02-28 15:39:00,2011-03-24 09:42:00,1,4,3,8,"143","Needing Attention"
12812,45.1222222222222,1,229.64,2011-10-26 09:54:00,2011-10-26 09:54:00,3,2,1,6,"321","Others"
12814,102.027083333333,1,125.92,2011-08-30 12:11:00,2011-08-30 12:11:00,2,2,1,5,"221","Hibernating"
12815,148.103472222222,2,1063.46,2011-05-25 13:34:00,2011-07-15 10:21:00,2,3,4,9,"234","Needing Attention"
12816,96.00625,2,572.2,2011-06-16 13:24:00,2011-09-05 12:41:00,2,3,3,8,"233","Needing Attention"
12817,281.848611111111,1,166.04,2011-03-03 16:28:00,2011-03-03 16:28:00,1,2,1,4,"121","Hibernating"
12818,262.030555555556,1,1542.08,2011-03-23 12:06:00,2011-03-23 12:06:00,1,2,4,7,"124","At Risk"
12820,3.90138888888889,4,942.34,2011-01-17 12:34:00,2011-12-06 15:12:00,5,4,4,13,"544","Champions"
12821,214.874305555556,1,92.72,2011-05-09 15:51:00,2011-05-09 15:51:00,1,2,1,4,"121","Hibernating"
12822,71.1152777777778,2,948.88,2011-09-13 13:46:00,2011-09-30 10:04:00,3,3,4,10,"334","Potential Loyalists"
12823,75.21875,5,1759.5,2011-02-16 12:15:00,2011-09-26 07:35:00,2,4,4,10,"244","Needing Attention"
12824,60.0006944444444,1,397.12,2011-10-11 12:49:00,2011-10-11 12:49:00,3,2,2,7,"322","Potential Loyalists"
12826,3.10069444444444,7,1474.72,2010-12-09 15:21:00,2011-12-07 10:25:00,5,5,4,14,"554","Champions"
12827,6.02291666666667,3,430.15,2011-10-26 15:44:00,2011-12-04 12:17:00,5,4,2,11,"542","Potential Loyalists"
12828,3.17013888888889,6,1018.71,2011-08-01 16:16:00,2011-12-07 08:45:00,5,5,4,14,"554","Champions"
12829,337.067361111111,2,293,2010-12-14 14:54:00,2011-01-07 11:13:00,1,3,2,6,"132","At Risk"
12830,38.0388888888889,6,6814.64,2011-06-21 10:53:00,2011-11-02 11:54:00,3,5,5,13,"355","Champions"
12831,262.991666666667,1,215.05,2011-03-22 13:02:00,2011-03-22 13:02:00,1,2,1,4,"121","Hibernating"
12832,32.9722222222222,2,383.03,2011-09-02 13:48:00,2011-11-07 13:30:00,4,3,2,9,"432","Potential Loyalists"
12833,145.961111111111,1,417.38,2011-07-17 13:46:00,2011-07-17 13:46:00,2,2,2,6,"222","At Risk"
12834,283.125694444444,1,312.38,2011-03-02 09:49:00,2011-03-02 09:49:00,1,2,2,5,"122","At Risk"
12836,59.9027777777778,4,2612.86,2011-02-01 11:19:00,2011-10-11 15:10:00,3,4,5,12,"345","Potential Loyalists"
12837,173.863194444444,1,134.1,2011-06-19 16:07:00,2011-06-19 16:07:00,2,2,1,5,"221","Hibernating"
12838,34.0208333333333,2,683.13,2010-12-01 11:57:00,2011-11-06 12:20:00,3,3,3,9,"333","Potential Loyalists"
12839,3.01180555555556,14,5591.42,2010-12-07 15:48:00,2011-12-07 12:33:00,5,5,5,15,"555","Champions"
12840,144.139583333333,4,2726.77,2011-04-27 12:21:00,2011-07-19 09:29:00,2,4,5,11,"245","Needing Attention"
12841,5.06736111111111,25,4022.35,2010-12-03 10:43:00,2011-12-05 11:13:00,5,5,5,15,"555","Champions"
12842,70.8868055555556,2,1118.99,2011-02-04 12:36:00,2011-09-30 15:33:00,3,3,4,10,"334","Potential Loyalists"
12843,66.0284722222222,8,1702.26,2011-03-20 14:38:00,2011-10-05 12:09:00,3,5,4,12,"354","Potential Loyalists"
12844,29.9715277777778,2,325.96,2011-08-01 13:11:00,2011-11-10 13:31:00,4,3,2,9,"432","Potential Loyalists"
12845,267.969444444444,4,354.09,2011-02-22 14:10:00,2011-03-17 13:34:00,1,4,2,7,"142","At Risk"
12847,22.9819444444444,1,871.54,2011-11-17 13:16:00,2011-11-17 13:16:00,4,2,3,9,"423","Potential Loyalists"
12849,31.9645833333333,2,1050.89,2011-03-16 12:26:00,2011-11-08 13:41:00,4,3,4,11,"434","Loyal Customers"
12851,97.00625,1,135.18,2011-09-04 12:41:00,2011-09-04 12:41:00,2,2,1,5,"221","Hibernating"
12852,295.16875,1,311.55,2011-02-18 08:47:00,2011-02-18 08:47:00,1,2,2,5,"122","At Risk"
12853,135.05625,6,1957.1,2011-01-28 10:28:00,2011-07-28 11:29:00,2,5,4,11,"254","Needing Attention"
12854,79.0243055555556,3,1324.5,2011-01-25 13:35:00,2011-09-22 12:15:00,2,4,4,10,"244","Needing Attention"
12855,373.134027777778,1,38.1,2010-12-02 09:37:00,2010-12-02 09:37:00,1,2,1,4,"121","Hibernating"
12856,8.08194444444444,6,2179.93,2011-10-07 12:38:00,2011-12-02 10:52:00,5,5,5,15,"555","Champions"
12857,211.104166666667,2,1106.4,2011-02-10 12:32:00,2011-05-13 10:20:00,1,3,4,8,"134","Needing Attention"
12863,52.9409722222222,1,521.2,2011-10-18 14:15:00,2011-10-18 14:15:00,3,2,3,8,"323","Potential Loyalists"
12864,138.990972222222,1,147.12,2011-07-24 13:03:00,2011-07-24 13:03:00,2,2,1,5,"221","Hibernating"
12865,26.9298611111111,2,1568.23,2011-08-08 10:11:00,2011-11-13 14:31:00,4,3,4,11,"434","Loyal Customers"
12866,283.94375,1,559.12,2011-03-01 14:11:00,2011-03-01 14:11:00,1,2,3,6,"123","At Risk"
12867,26.8888888888889,7,4036.82,2010-12-14 16:39:00,2011-11-13 15:30:00,4,5,5,14,"455","Champions"
12868,186.088888888889,6,1607.06,2010-12-01 12:50:00,2011-06-07 10:42:00,1,5,4,10,"154","Needing Attention"
12871,84.9048611111111,2,380.64,2011-05-16 13:32:00,2011-09-16 15:07:00,2,3,2,7,"232","At Risk"
12872,327.081944444444,2,599.97,2010-12-09 14:44:00,2011-01-17 10:52:00,1,3,3,7,"133","Needing Attention"
12873,282.911111111111,1,374,2011-03-02 14:58:00,2011-03-02 14:58:00,1,2,2,5,"122","At Risk"
12875,143.888888888889,2,343.23,2010-12-12 12:03:00,2011-07-19 15:30:00,2,3,2,7,"232","At Risk"
12876,58.0166666666667,2,2218.02,2011-05-27 13:34:00,2011-10-13 12:26:00,3,3,5,11,"335","Potential Loyalists"
12877,4.09722222222222,12,1535.77,2010-12-16 12:23:00,2011-12-06 10:30:00,5,5,4,14,"554","Champions"
12878,236.988194444444,2,854.99,2011-03-18 14:02:00,2011-04-17 13:07:00,1,3,3,7,"133","Needing Attention"
12879,45.0180555555556,3,573.22,2011-09-09 12:11:00,2011-10-26 12:24:00,3,4,3,10,"343","Potential Loyalists"
12881,276.045833333333,1,298,2011-03-09 11:44:00,2011-03-09 11:44:00,1,2,2,5,"122","At Risk"
12882,9.85555555555556,2,1463.04,2011-11-06 11:22:00,2011-11-30 16:18:00,5,3,4,12,"534","Loyal Customers"
12883,25.1375,4,703.47,2011-09-11 15:18:00,2011-11-15 09:32:00,4,4,3,11,"443","Loyal Customers"
12884,88.9861111111111,1,309.05,2011-09-12 13:10:00,2011-09-12 13:10:00,2,2,2,6,"222","At Risk"
12885,63.9652777777778,3,1175.22,2011-08-08 11:45:00,2011-10-07 13:40:00,3,4,4,11,"344","Potential Loyalists"
12886,68.1118055555555,2,1378.4,2011-05-04 11:21:00,2011-10-03 10:09:00,3,3,4,10,"334","Potential Loyalists"
12888,214.866666666667,2,354.12,2011-03-29 14:31:00,2011-05-09 16:02:00,1,3,2,6,"132","At Risk"
12890,24.8083333333333,1,380.47,2011-11-15 17:26:00,2011-11-15 17:26:00,4,2,2,8,"422","Potential Loyalists"
12891,186.013194444444,3,331,2011-02-20 11:28:00,2011-06-07 12:31:00,1,4,2,7,"142","At Risk"
12893,31.0111111111111,1,188.14,2011-11-09 12:34:00,2011-11-09 12:34:00,4,2,1,7,"421","Others"
12895,42.9576388888889,2,372.8,2011-09-14 08:35:00,2011-10-28 13:51:00,3,3,2,8,"332","Potential Loyalists"
12897,205.025694444444,2,216.5,2011-02-11 11:40:00,2011-05-19 12:13:00,1,3,1,5,"131","Others"
12901,9.11319444444444,28,17654.54,2011-03-14 10:41:00,2011-12-01 10:07:00,5,5,5,15,"555","Champions"
12902,265.030555555556,1,138.68,2011-03-20 12:06:00,2011-03-20 12:06:00,1,2,1,4,"121","Hibernating"
12904,18.9277777777778,2,509.58,2011-06-20 13:18:00,2011-11-21 14:34:00,4,3,3,10,"433","Loyal Customers"
12906,12.1215277777778,5,2919.81,2011-09-22 15:03:00,2011-11-28 09:55:00,5,4,5,14,"545","Champions"
12908,176.882638888889,2,750,2011-01-31 12:37:00,2011-06-16 15:39:00,2,3,3,8,"233","Needing Attention"
12909,40.0048611111111,5,2178.67,2011-03-31 12:51:00,2011-10-31 12:43:00,3,4,5,12,"345","Potential Loyalists"
12910,23.9319444444444,8,3075.04,2011-04-12 10:01:00,2011-11-16 14:28:00,4,5,5,14,"455","Champions"
12912,3.16319444444444,5,1662.3,2011-10-30 11:35:00,2011-12-07 08:55:00,5,4,4,13,"544","Champions"
12913,5.02708333333333,5,2483.63,2010-12-06 16:36:00,2011-12-05 12:11:00,5,4,5,14,"545","Champions"
12915,149.052777777778,2,363.65,2010-12-02 12:33:00,2011-07-14 11:34:00,2,3,2,7,"232","At Risk"
12916,139.09375,4,3006.15,2011-01-23 10:43:00,2011-07-24 10:35:00,2,4,5,11,"245","Needing Attention"
12917,128.838888888889,1,594,2011-08-03 16:42:00,2011-08-03 16:42:00,2,2,3,7,"223","At Risk"
12919,8.96041666666667,6,1335.19,2011-06-23 09:22:00,2011-12-01 13:47:00,5,5,4,14,"554","Champions"
12920,17.90625,1,164.23,2011-11-22 15:05:00,2011-11-22 15:05:00,4,2,1,7,"421","Others"
12921,9.85277777777778,37,16587.09,2010-12-01 15:06:00,2011-11-30 16:22:00,5,5,5,15,"555","Champions"
12922,161.885416666667,1,405.38,2011-07-01 15:35:00,2011-07-01 15:35:00,2,2,2,6,"222","At Risk"
12923,64.8541666666667,1,176.97,2011-10-06 16:20:00,2011-10-06 16:20:00,3,2,1,6,"321","Others"
12924,88.9548611111111,4,933.7,2011-01-16 11:49:00,2011-09-12 13:55:00,2,4,3,9,"243","Needing Attention"
12925,5.06875,2,694.05,2011-09-26 11:05:00,2011-12-05 11:11:00,5,3,3,11,"533","Loyal Customers"
12928,35.9347222222222,5,2062.7,2010-12-15 15:45:00,2011-11-04 14:24:00,3,4,5,12,"345","Potential Loyalists"
12929,312.029166666667,1,117.85,2011-02-01 12:08:00,2011-02-01 12:08:00,1,2,1,4,"121","Hibernating"
12930,78.8972222222222,2,415.8,2011-06-21 13:25:00,2011-09-22 15:18:00,2,3,2,7,"232","At Risk"
12931,22.0076388888889,15,42055.96,2010-12-17 09:45:00,2011-11-18 12:39:00,4,5,5,14,"455","Champions"
12933,24.8416666666667,3,607.53,2011-03-01 11:30:00,2011-11-15 16:38:00,4,4,3,11,"443","Loyal Customers"
12935,2.80902777777778,7,2160.7,2011-01-24 13:58:00,2011-12-07 17:25:00,5,5,5,15,"555","Champions"
12936,17.8041666666667,4,1063.9,2011-09-22 13:51:00,2011-11-22 17:32:00,4,4,4,12,"444","Loyal Customers"
12937,15.90625,4,1504.27,2011-03-17 14:19:00,2011-11-24 15:05:00,4,4,4,12,"444","Loyal Customers"
12938,26.0618055555556,1,114.14,2011-11-14 11:21:00,2011-11-14 11:21:00,4,2,1,7,"421","Others"
12939,64.9284722222222,8,11581.8,2011-01-09 11:20:00,2011-10-06 14:33:00,3,5,5,13,"355","Champions"
12940,55.0284722222222,2,913.54,2011-09-13 10:16:00,2011-10-16 12:09:00,3,3,3,9,"333","Potential Loyalists"
12942,131.924305555556,3,683.9,2010-12-09 09:34:00,2011-07-31 14:39:00,2,4,3,9,"243","Needing Attention"
12944,36.0736111111111,2,604.51,2010-12-20 10:41:00,2011-11-04 11:04:00,3,3,3,9,"333","Potential Loyalists"
12945,288.940972222222,1,462.95,2011-02-24 14:15:00,2011-02-24 14:15:00,1,2,2,5,"122","At Risk"
12947,144.113888888889,6,1603.99,2010-12-01 16:21:00,2011-07-19 10:06:00,2,5,4,11,"254","Needing Attention"
12948,16.8194444444444,7,2064.95,2011-03-20 10:17:00,2011-11-23 17:10:00,4,5,5,14,"455","Champions"
12949,31.0590277777778,8,4167.22,2011-04-01 13:20:00,2011-11-09 11:25:00,4,5,5,14,"455","Champions"
12950,2.98125,3,1843,2011-11-15 13:48:00,2011-12-07 13:17:00,5,4,4,13,"544","Champions"
12951,9.025,6,1064.07,2011-01-13 10:33:00,2011-12-01 12:14:00,5,5,4,14,"554","Champions"
12952,6.09375,4,1387.79,2011-09-22 16:37:00,2011-12-04 10:35:00,5,4,4,13,"544","Champions"
12953,10.1430555555556,1,329.85,2011-11-30 09:24:00,2011-11-30 09:24:00,5,2,2,9,"522","Potential Loyalists"
12955,1.84791666666667,11,4757.16,2011-03-17 09:03:00,2011-12-08 16:29:00,5,5,5,15,"555","Champions"
12956,306.8625,1,108.07,2011-02-06 16:08:00,2011-02-06 16:08:00,1,2,1,4,"121","Hibernating"
12957,10.1229166666667,8,4017.54,2011-01-04 12:18:00,2011-11-30 09:53:00,5,5,5,15,"555","Champions"
12962,7.87152777777778,2,266.39,2011-08-18 13:38:00,2011-12-02 15:55:00,5,3,2,10,"532","Potential Loyalists"
12963,8.99652777777778,8,1856.63,2010-12-09 09:14:00,2011-12-01 12:55:00,5,5,4,14,"554","Champions"
12965,89.8881944444445,1,771.91,2011-09-11 15:31:00,2011-09-11 15:31:00,2,2,3,7,"223","At Risk"
12966,10.0083333333333,1,160.18,2011-11-30 12:38:00,2011-11-30 12:38:00,5,2,1,8,"521","Others"
12967,358.736111111111,2,1660.9,2010-12-03 09:49:00,2010-12-16 19:10:00,1,3,4,8,"134","Needing Attention"
12968,112.879166666667,1,135.95,2011-08-19 15:44:00,2011-08-19 15:44:00,2,2,1,5,"221","Hibernating"
12970,7.93055555555556,4,452.24,2011-01-21 14:04:00,2011-12-02 14:30:00,5,4,2,11,"542","Potential Loyalists"
12971,4.02083333333333,86,11189.91,2010-12-02 16:42:00,2011-12-06 12:20:00,5,5,5,15,"555","Champions"
12974,198.136805555556,1,144.8,2011-05-26 09:33:00,2011-05-26 09:33:00,1,2,1,4,"121","Hibernating"
12976,212.121527777778,1,738.6,2011-05-12 09:55:00,2011-05-12 09:55:00,1,2,3,6,"123","At Risk"
12977,156.840277777778,1,39.24,2011-07-06 16:40:00,2011-07-06 16:40:00,2,2,1,5,"221","Hibernating"
12980,158.136111111111,9,7374.9,2010-12-16 11:36:00,2011-07-05 09:34:00,2,5,5,12,"255","Needing Attention"
12981,30.0347222222222,2,372.22,2011-07-29 14:14:00,2011-11-10 12:00:00,4,3,2,9,"432","Potential Loyalists"
12982,243.040972222222,1,390.54,2011-04-11 11:51:00,2011-04-11 11:51:00,1,2,2,5,"122","At Risk"
12984,19.0090277777778,1,97.5,2011-11-21 12:37:00,2011-11-21 12:37:00,4,2,1,7,"421","Others"
12985,1.08611111111111,2,1239.38,2011-11-11 12:44:00,2011-12-09 10:46:00,5,3,4,12,"534","Loyal Customers"
12987,74.0326388888889,2,558.7,2011-05-26 12:00:00,2011-09-27 12:03:00,2,3,3,8,"233","Needing Attention"
12988,292.929861111111,1,535.32,2011-02-20 14:31:00,2011-02-20 14:31:00,1,2,3,6,"123","At Risk"
12989,3.89027777777778,15,6924.11,2010-12-10 13:24:00,2011-12-06 15:28:00,5,5,5,15,"555","Champions"
12990,31.9923611111111,3,409.5,2011-02-02 15:39:00,2011-11-08 13:01:00,4,4,2,10,"442","Potential Loyalists"
12991,23.8861111111111,2,503.76,2011-08-19 14:39:00,2011-11-16 15:34:00,4,3,3,10,"433","Loyal Customers"
12993,23.8756944444444,4,414.76,2011-02-14 14:29:00,2011-11-16 15:49:00,4,4,2,10,"442","Potential Loyalists"
12994,4.87986111111111,3,974.42,2011-03-16 08:31:00,2011-12-05 15:43:00,5,4,4,13,"544","Champions"
12995,85.8791666666667,1,211.32,2011-09-15 15:44:00,2011-09-15 15:44:00,2,2,1,5,"221","Hibernating"
12997,22.8770833333333,4,1226.89,2011-01-26 15:49:00,2011-11-17 15:47:00,4,4,4,12,"444","Loyal Customers"
12999,196.976388888889,3,455.88,2011-04-08 10:26:00,2011-05-27 13:24:00,1,4,2,7,"142","At Risk"
13000,107.088194444444,3,534.85,2010-12-10 10:26:00,2011-08-25 10:43:00,2,4,3,9,"243","Needing Attention"
13001,4.91597222222222,13,9818.82,2011-01-17 12:45:00,2011-12-05 14:51:00,5,5,5,15,"555","Champions"
13002,318.897222222222,1,120.95,2011-01-25 15:18:00,2011-01-25 15:18:00,1,2,1,4,"121","Hibernating"
13003,106.083333333333,3,149.05,2011-05-09 08:23:00,2011-08-26 10:50:00,2,4,1,7,"241","Others"
13004,12.0576388888889,18,5655.91,2010-12-17 08:20:00,2011-11-28 11:27:00,5,5,5,15,"555","Champions"
13005,174.08125,2,513.7,2011-04-07 13:32:00,2011-06-19 10:53:00,2,3,3,8,"233","Needing Attention"
13006,56.9590277777778,1,81.57,2011-10-14 13:49:00,2011-10-14 13:49:00,3,2,1,6,"321","Others"
13008,323.934722222222,1,229.47,2011-01-20 14:24:00,2011-01-20 14:24:00,1,2,1,4,"121","Hibernating"
13011,372.811111111111,1,50.55,2010-12-02 17:22:00,2010-12-02 17:22:00,1,2,1,4,"121","Hibernating"
13012,9.98958333333333,8,1661.84,2011-02-18 09:43:00,2011-11-30 13:05:00,5,5,4,14,"554","Champions"
13013,1.90902777777778,13,4810.94,2010-12-03 12:28:00,2011-12-08 15:01:00,5,5,5,15,"555","Champions"
13014,11.0159722222222,10,3466.28,2011-03-03 18:28:00,2011-11-29 12:27:00,5,5,5,15,"555","Champions"
13015,53.9798611111111,5,3346.28,2011-04-04 14:28:00,2011-10-17 13:19:00,3,4,5,12,"345","Potential Loyalists"
13016,73.9458333333333,3,789.89,2011-08-08 15:00:00,2011-09-27 14:08:00,2,4,3,9,"243","Needing Attention"
13017,7.87291666666667,1,204,2011-12-02 15:53:00,2011-12-02 15:53:00,5,2,1,8,"521","Others"
13018,16.9736111111111,28,7277.7,2011-02-17 11:05:00,2011-11-23 13:28:00,4,5,5,14,"455","Champions"
13021,4.84236111111111,9,2616.38,2010-12-16 10:12:00,2011-12-05 16:37:00,5,5,5,15,"555","Champions"
13023,64.8493055555556,2,689.9,2011-08-02 09:34:00,2011-10-06 16:27:00,3,3,3,9,"333","Potential Loyalists"
13026,1.82777777777778,5,975.36,2011-03-09 11:35:00,2011-12-08 16:58:00,5,4,4,13,"544","Champions"
13027,114.132638888889,6,6912,2010-12-20 12:45:00,2011-08-18 09:39:00,2,5,5,12,"255","Needing Attention"
13028,23.0694444444444,2,661.32,2011-10-25 14:09:00,2011-11-17 11:10:00,4,3,3,10,"433","Loyal Customers"
13029,31.1506944444444,3,1247.5,2010-12-21 13:53:00,2011-11-09 09:13:00,4,4,4,12,"444","Loyal Customers"
13030,11.9305555555556,2,799.48,2010-12-06 14:31:00,2011-11-28 14:30:00,5,3,3,11,"533","Loyal Customers"
13032,52.8722222222222,2,1010.18,2011-09-13 16:40:00,2011-10-18 15:54:00,3,3,4,10,"334","Potential Loyalists"
13033,357.935416666667,1,190.55,2010-12-17 14:23:00,2010-12-17 14:23:00,1,2,1,4,"121","Hibernating"
13034,55.0201388888889,2,642.77,2010-12-05 14:52:00,2011-10-16 12:21:00,3,3,3,9,"333","Potential Loyalists"
13035,74.1618055555556,2,921.88,2011-03-24 09:21:00,2011-09-27 08:57:00,2,3,3,8,"233","Needing Attention"
13037,138.877777777778,3,881.07,2011-03-28 15:42:00,2011-07-24 15:46:00,2,4,3,9,"243","Needing Attention"
13038,80.9256944444444,3,908.46,2011-02-22 11:43:00,2011-09-20 14:37:00,2,4,3,9,"243","Needing Attention"
13040,9.09166666666667,2,676.99,2011-11-06 13:53:00,2011-12-01 10:38:00,5,3,3,11,"533","Loyal Customers"
13043,273.915277777778,1,516.42,2011-03-11 14:52:00,2011-03-11 14:52:00,1,2,3,6,"123","At Risk"
13044,291.895833333333,1,560.47,2011-02-21 15:20:00,2011-02-21 15:20:00,1,2,3,6,"123","At Risk"
13045,99.9069444444444,1,305.28,2011-09-01 15:04:00,2011-09-01 15:04:00,2,2,2,6,"222","At Risk"
13046,31.1763888888889,2,629.31,2011-03-18 15:43:00,2011-11-09 08:36:00,4,3,3,10,"433","Loyal Customers"
13047,32.0305555555556,10,3237.54,2010-12-01 08:34:00,2011-11-08 12:06:00,4,5,5,14,"455","Champions"
13048,14.9770833333333,4,1835.91,2011-01-16 14:36:00,2011-11-25 13:23:00,4,4,4,12,"444","Loyal Customers"
13049,64.8881944444445,2,656.68,2011-01-25 16:33:00,2011-10-06 15:31:00,3,3,3,9,"333","Potential Loyalists"
13050,15.1472222222222,17,5836.86,2010-12-08 09:30:00,2011-11-25 09:18:00,4,5,5,14,"455","Champions"
13052,212.943055555556,1,348.15,2011-05-11 14:12:00,2011-05-11 14:12:00,1,2,2,5,"122","At Risk"
13055,78.9333333333333,3,1214.41,2011-05-10 08:58:00,2011-09-22 14:26:00,2,4,4,10,"244","Needing Attention"
13058,25.0048611111111,3,271.4,2011-07-11 12:01:00,2011-11-15 12:43:00,4,4,2,10,"442","Potential Loyalists"
13059,250.090277777778,1,183.4,2011-04-04 10:40:00,2011-04-04 10:40:00,1,2,1,4,"121","Hibernating"
13060,254.050694444444,1,307.53,2011-03-31 11:37:00,2011-03-31 11:37:00,1,2,2,5,"122","At Risk"
13061,72.8652777777778,1,248.61,2011-09-28 16:04:00,2011-09-28 16:04:00,2,2,1,5,"221","Hibernating"
13062,191.901388888889,1,346.98,2011-06-01 15:12:00,2011-06-01 15:12:00,1,2,2,5,"122","At Risk"
13064,13.0131944444444,4,1119.49,2011-01-16 13:41:00,2011-11-27 12:31:00,5,4,4,13,"544","Champions"
13065,373.831944444444,1,205.86,2010-12-01 16:52:00,2010-12-01 16:52:00,1,2,1,4,"121","Hibernating"
13066,24.9951388888889,2,470.8,2011-11-07 17:06:00,2011-11-15 12:57:00,4,3,2,9,"432","Potential Loyalists"
13067,82.9666666666667,1,115.46,2011-09-18 13:38:00,2011-09-18 13:38:00,2,2,1,5,"221","Hibernating"
13068,10.9097222222222,2,344,2011-01-24 08:20:00,2011-11-29 15:00:00,5,3,2,10,"532","Potential Loyalists"
13069,1.17430555555556,24,4436.12,2010-12-05 11:02:00,2011-12-09 08:39:00,5,5,5,15,"555","Champions"
13070,192.961805555556,1,228.8,2011-05-31 13:45:00,2011-05-31 13:45:00,1,2,1,4,"121","Hibernating"
13072,267.193055555556,1,177.15,2011-03-18 08:12:00,2011-03-18 08:12:00,1,2,1,4,"121","Hibernating"
13075,130.104861111111,1,919.61,2011-08-02 10:19:00,2011-08-02 10:19:00,2,2,3,7,"223","At Risk"
13077,1.72638888888889,4,729.27,2010-12-08 14:59:00,2011-12-08 19:24:00,5,4,3,12,"543","Loyal Customers"
13078,3.88472222222222,26,12627.94,2010-12-08 09:07:00,2011-12-06 15:36:00,5,5,5,15,"555","Champions"
13079,4.83125,5,220.1,2011-07-22 14:41:00,2011-12-05 16:53:00,5,4,1,10,"541","Others"
13080,179.910416666667,1,58.08,2011-06-13 14:59:00,2011-06-13 14:59:00,1,2,1,4,"121","Hibernating"
13081,12.0805555555556,11,28337.38,2010-12-03 17:20:00,2011-11-28 10:54:00,5,5,5,15,"555","Champions"
13082,126.856944444444,9,3613.63,2011-01-05 15:42:00,2011-08-05 16:16:00,2,5,5,12,"255","Needing Attention"
13083,4.90902777777778,2,303.75,2011-09-25 10:46:00,2011-12-05 15:01:00,5,3,2,10,"532","Potential Loyalists"
13085,158.027083333333,2,416.08,2011-02-17 13:57:00,2011-07-05 12:11:00,2,3,2,7,"232","At Risk"
13089,3.15833333333333,97,58825.83,2010-12-05 10:27:00,2011-12-07 09:02:00,5,5,5,15,"555","Champions"
13090,9.00763888888889,14,8910.82,2010-12-02 07:48:00,2011-12-01 12:39:00,5,5,5,15,"555","Champions"
13091,28.8722222222222,1,345.82,2011-11-11 15:54:00,2011-11-11 15:54:00,4,2,2,8,"422","Potential Loyalists"
13092,71.0638888888889,5,477.83,2010-12-15 12:27:00,2011-09-30 11:18:00,3,4,2,9,"342","Potential Loyalists"
13093,276.025,8,7832.47,2010-12-01 15:00:00,2011-03-09 12:14:00,1,5,5,11,"155","Needing Attention"
13094,21.9465277777778,12,1927.32,2010-12-06 10:34:00,2011-11-18 14:07:00,4,5,4,13,"454","Champions"
13095,71.0326388888889,1,74.4,2011-09-30 12:03:00,2011-09-30 12:03:00,3,2,1,6,"321","Others"
13097,33.0881944444444,10,6010.42,2010-12-14 15:13:00,2011-11-07 10:43:00,3,5,5,13,"355","Champions"
13098,1.94166666666667,28,28882.44,2011-01-26 13:46:00,2011-12-08 14:14:00,5,5,5,15,"555","Champions"
13099,99.7986111111111,1,207.36,2011-09-01 17:40:00,2011-09-01 17:40:00,2,2,1,5,"221","Hibernating"
13101,234.925694444444,1,101.19,2011-04-19 14:37:00,2011-04-19 14:37:00,1,2,1,4,"121","Hibernating"
13102,1.99861111111111,24,6424.09,2010-12-09 13:38:00,2011-12-08 12:52:00,5,5,5,15,"555","Champions"
13103,40.1333333333333,1,243.94,2011-10-31 09:38:00,2011-10-31 09:38:00,3,2,1,6,"321","Others"
13104,3.98611111111111,6,1098.48,2010-12-20 11:58:00,2011-12-06 13:10:00,5,5,4,14,"554","Champions"
13106,133.901388888889,1,76.5,2011-07-29 15:12:00,2011-07-29 15:12:00,2,2,1,5,"221","Hibernating"
13107,44.9152777777778,4,1531.62,2011-01-10 12:28:00,2011-10-26 14:52:00,3,4,4,11,"344","Potential Loyalists"
13108,373.09375,1,350.06,2010-12-02 10:35:00,2010-12-02 10:35:00,1,2,2,5,"122","At Risk"
13109,60.1069444444444,2,786.54,2011-07-05 14:56:00,2011-10-11 10:16:00,3,3,3,9,"333","Potential Loyalists"
13110,31.9305555555556,7,1488.67,2011-02-01 15:24:00,2011-11-08 14:30:00,4,5,4,13,"454","Champions"
13113,1.00069444444444,24,12245.96,2010-12-08 13:21:00,2011-12-09 12:49:00,5,5,5,15,"555","Champions"
13115,12.0083333333333,4,2294.78,2011-06-08 16:15:00,2011-11-28 12:38:00,5,4,5,14,"545","Champions"
13116,138.928472222222,1,501.14,2011-07-24 14:33:00,2011-07-24 14:33:00,2,2,3,7,"223","At Risk"
13117,22.0333333333333,8,984.91,2010-12-02 13:11:00,2011-11-18 12:02:00,4,5,4,13,"454","Champions"
13118,20.0027777777778,5,1197.81,2011-02-24 12:32:00,2011-11-20 12:46:00,4,4,4,12,"444","Loyal Customers"
13120,239.104861111111,1,30.6,2011-04-15 10:19:00,2011-04-15 10:19:00,1,2,1,4,"121","Hibernating"
13121,269.835416666667,1,283.73,2011-03-15 16:47:00,2011-03-15 16:47:00,1,2,2,5,"122","At Risk"
13122,94.8729166666667,2,922.39,2011-04-13 14:12:00,2011-09-06 15:53:00,2,3,3,8,"233","Needing Attention"
13124,90.0034722222222,3,3866.33,2010-12-15 15:00:00,2011-09-11 12:45:00,2,4,5,11,"245","Needing Attention"
13126,5.11805555555556,8,2099.64,2010-12-08 11:42:00,2011-12-05 10:00:00,5,5,5,15,"555","Champions"
13127,78.1,1,259.17,2011-09-23 10:26:00,2011-09-23 10:26:00,2,2,2,6,"222","At Risk"
13130,94.8888888888889,1,64,2011-09-06 15:30:00,2011-09-06 15:30:00,2,2,1,5,"221","Hibernating"
13131,23.9784722222222,3,1073.3,2011-06-05 10:54:00,2011-11-16 13:21:00,4,4,4,12,"444","Loyal Customers"
13132,262.004166666667,1,77.3,2011-03-23 12:44:00,2011-03-23 12:44:00,1,2,1,4,"121","Hibernating"
13133,274.096527777778,2,109.8,2011-02-08 15:48:00,2011-03-11 10:31:00,1,3,1,5,"131","Others"
13134,86.09375,4,1793.58,2011-04-13 12:57:00,2011-09-15 10:35:00,2,4,4,10,"244","Needing Attention"
13135,197.081944444444,1,3096,2011-05-27 10:52:00,2011-05-27 10:52:00,1,2,5,8,"125","At Risk"
13136,56.9645833333333,5,2607.61,2011-05-11 12:47:00,2011-10-14 13:41:00,3,4,5,12,"345","Potential Loyalists"
13137,11.0284722222222,8,3650.41,2011-02-04 11:54:00,2011-11-29 12:09:00,5,5,5,15,"555","Champions"
13138,22.8326388888889,6,962.39,2010-12-02 15:03:00,2011-11-17 16:51:00,4,5,4,13,"454","Champions"
13139,16.9555555555556,7,5064.94,2011-03-25 11:57:00,2011-11-23 13:54:00,4,5,5,14,"455","Champions"
13140,108.886805555556,3,423.72,2010-12-08 15:12:00,2011-08-23 15:33:00,2,4,2,8,"242","At Risk"
13141,85.1222222222222,5,2388.75,2011-01-28 13:04:00,2011-09-16 09:54:00,2,4,5,11,"245","Needing Attention"
13142,19.8631944444444,1,307.09,2011-11-20 16:07:00,2011-11-20 16:07:00,4,2,2,8,"422","Potential Loyalists"
13144,333.065972222222,1,110.95,2011-01-11 11:15:00,2011-01-11 11:15:00,1,2,1,4,"121","Hibernating"
13145,40.0034722222222,4,618.52,2010-12-02 18:06:00,2011-10-31 12:45:00,3,4,3,10,"343","Potential Loyalists"
13146,26.8895833333333,1,228.91,2011-11-13 15:29:00,2011-11-13 15:29:00,4,2,1,7,"421","Others"
13147,10.9520833333333,4,712.8,2011-09-01 12:28:00,2011-11-29 13:59:00,5,4,3,12,"543","Loyal Customers"
13148,29.89375,12,3707.12,2010-12-10 13:06:00,2011-11-10 15:23:00,4,5,5,14,"455","Champions"
13149,14.9868055555556,4,1676.06,2011-02-23 13:57:00,2011-11-25 13:09:00,4,4,4,12,"444","Loyal Customers"
13151,296.014583333333,1,1257.87,2011-02-17 12:29:00,2011-02-17 12:29:00,1,2,4,7,"124","At Risk"
13153,6.025,1,486.22,2011-12-04 12:14:00,2011-12-04 12:14:00,5,2,2,9,"522","Potential Loyalists"
13155,33.88125,4,971.76,2010-12-06 12:44:00,2011-11-06 15:41:00,3,4,4,11,"344","Potential Loyalists"
13157,49.9583333333333,4,1741.22,2011-02-14 14:03:00,2011-10-21 13:50:00,3,4,4,11,"344","Potential Loyalists"
13158,95.0361111111111,4,1201.06,2011-01-25 09:58:00,2011-09-06 11:58:00,2,4,4,10,"244","Needing Attention"
13159,9.0625,4,1437.85,2011-08-16 11:44:00,2011-12-01 11:20:00,5,4,4,13,"544","Champions"
13160,22.9881944444444,1,91.8,2011-11-17 13:07:00,2011-11-17 13:07:00,4,2,1,7,"421","Others"
13161,313.949305555556,1,112.75,2011-01-30 14:03:00,2011-01-30 14:03:00,1,2,1,4,"121","Hibernating"
13162,122.86875,4,1688.29,2011-01-09 10:43:00,2011-08-09 15:59:00,2,4,4,10,"244","Needing Attention"
13165,46.90625,2,1021.48,2010-12-23 14:06:00,2011-10-24 15:05:00,3,3,4,10,"334","Potential Loyalists"
13166,283.898611111111,1,417.2,2011-03-01 15:16:00,2011-03-01 15:16:00,1,2,2,5,"122","At Risk"
13167,19.0180555555556,4,791.33,2011-07-19 12:13:00,2011-11-21 12:24:00,4,4,3,11,"443","Loyal Customers"
13168,36.9958333333333,4,1319.19,2011-01-25 13:55:00,2011-11-03 12:56:00,3,4,4,11,"344","Potential Loyalists"
13169,64.0270833333333,2,712.88,2011-04-01 14:24:00,2011-10-07 12:11:00,3,3,3,9,"333","Potential Loyalists"
13170,27.0215277777778,1,116.01,2011-11-13 12:19:00,2011-11-13 12:19:00,4,2,1,7,"421","Others"
13171,22.0993055555556,3,468.41,2011-02-13 14:16:00,2011-11-18 10:27:00,4,4,2,10,"442","Potential Loyalists"
13173,4.87430555555556,2,353.65,2010-12-07 14:30:00,2011-12-05 15:51:00,5,3,2,10,"532","Potential Loyalists"
13174,16.9270833333333,3,2817.03,2010-12-05 16:24:00,2011-11-23 14:35:00,4,4,5,13,"445","Champions"
13176,46.8798611111111,1,492.84,2011-10-24 15:43:00,2011-10-24 15:43:00,3,2,3,8,"323","Potential Loyalists"
13177,65.1208333333333,1,282.45,2011-10-06 09:56:00,2011-10-06 09:56:00,3,2,2,7,"322","Potential Loyalists"
13178,26.8583333333333,11,5725.47,2010-12-14 12:22:00,2011-11-13 16:14:00,4,5,5,14,"455","Champions"
13182,45.9611111111111,1,121.18,2011-10-25 13:46:00,2011-10-25 13:46:00,3,2,1,6,"321","Others"
13183,8.09722222222222,9,3957.78,2011-01-09 10:50:00,2011-12-02 10:30:00,5,5,5,15,"555","Champions"
13184,15.0333333333333,10,1701.29,2011-02-22 17:25:00,2011-11-25 12:02:00,4,5,4,13,"454","Champions"
13185,268.0375,1,71.4,2011-03-17 11:56:00,2011-03-17 11:56:00,1,2,1,4,"121","Hibernating"
13186,40.0486111111111,3,1575.89,2011-08-03 09:09:00,2011-10-31 11:40:00,3,4,4,11,"344","Potential Loyalists"
13187,337.745138888889,1,236.02,2011-01-06 18:57:00,2011-01-06 18:57:00,1,2,1,4,"121","Hibernating"
13188,11.8902777777778,1,114.6,2011-11-28 15:28:00,2011-11-28 15:28:00,5,2,1,8,"521","Others"
13189,19.0909722222222,2,260.68,2011-08-16 13:12:00,2011-11-21 10:39:00,4,3,2,9,"432","Potential Loyalists"
13192,95.9423611111111,2,911.94,2011-05-18 14:57:00,2011-09-05 14:13:00,2,3,3,8,"233","Needing Attention"
13193,61.9305555555556,1,117.88,2011-10-09 14:30:00,2011-10-09 14:30:00,3,2,1,6,"321","Others"
13194,136.159027777778,1,60.7,2011-07-27 09:01:00,2011-07-27 09:01:00,2,2,1,5,"221","Hibernating"
13196,11.9555555555556,4,1797.78,2011-03-22 14:24:00,2011-11-28 13:54:00,5,4,4,13,"544","Champions"
13198,10.8979166666667,6,3401.24,2010-12-13 09:29:00,2011-11-29 15:17:00,5,5,5,15,"555","Champions"
13199,4.01388888888889,38,9817.12,2010-12-08 10:51:00,2011-12-06 12:30:00,5,5,5,15,"555","Champions"
13200,19.8854166666667,4,870.09,2011-08-05 14:50:00,2011-11-20 15:35:00,4,4,3,11,"443","Loyal Customers"
13203,10.0868055555556,4,869.46,2011-04-11 14:40:00,2011-11-30 10:45:00,5,4,3,12,"543","Loyal Customers"
13207,15.9152777777778,2,250.26,2011-07-12 11:35:00,2011-11-24 14:52:00,4,3,2,9,"432","Potential Loyalists"
13208,59.1222222222222,6,1223.9,2011-02-03 19:32:00,2011-10-12 09:54:00,3,5,4,12,"354","Potential Loyalists"
13209,30.9555555555556,8,5891.61,2010-12-13 10:31:00,2011-11-09 13:54:00,4,5,5,14,"455","Champions"
13210,94.1888888888889,1,353.48,2011-09-07 08:18:00,2011-09-07 08:18:00,2,2,2,6,"222","At Risk"
13211,10.9215277777778,3,1197.42,2010-12-13 16:17:00,2011-11-29 14:43:00,5,4,4,13,"544","Champions"
13212,20.0069444444444,3,788.08,2011-10-09 14:48:00,2011-11-20 12:40:00,4,4,3,11,"443","Loyal Customers"
13213,57.0472222222222,5,1520.58,2011-05-24 12:22:00,2011-10-14 11:42:00,3,4,4,11,"344","Potential Loyalists"
13216,268.022222222222,1,333.74,2011-03-17 12:18:00,2011-03-17 12:18:00,1,2,2,5,"122","At Risk"
13217,122.8875,3,533.98,2011-07-06 12:08:00,2011-08-09 15:32:00,2,4,3,9,"243","Needing Attention"
13218,127.827083333333,1,62.64,2011-08-04 16:59:00,2011-08-04 16:59:00,2,2,1,5,"221","Hibernating"
13220,78.9666666666667,4,819.29,2011-04-17 10:59:00,2011-09-22 13:38:00,2,4,3,9,"243","Needing Attention"
13221,240.827777777778,2,847.41,2010-12-15 13:24:00,2011-04-13 16:58:00,1,3,3,7,"133","Needing Attention"
13223,200.990972222222,2,163.2,2011-04-21 15:16:00,2011-05-23 13:03:00,1,3,1,5,"131","Others"
13224,60.9131944444444,2,2155.95,2011-07-11 14:10:00,2011-10-10 14:55:00,3,3,5,11,"335","Potential Loyalists"
13225,3.97291666666667,7,6463.84,2010-12-13 09:49:00,2011-12-06 13:29:00,5,5,5,15,"555","Champions"
13226,273.927083333333,1,108.21,2011-03-11 14:35:00,2011-03-11 14:35:00,1,2,1,4,"121","Hibernating"
13227,202.04375,1,257.7,2011-05-22 11:47:00,2011-05-22 11:47:00,1,2,2,5,"122","At Risk"
13228,81.9319444444444,1,358,2011-09-19 14:28:00,2011-09-19 14:28:00,2,2,2,6,"222","At Risk"
13229,226.029861111111,1,160.95,2011-04-28 12:07:00,2011-04-28 12:07:00,1,2,1,4,"121","Hibernating"
13230,4.86597222222222,14,2806.97,2010-12-09 19:28:00,2011-12-05 16:03:00,5,5,5,15,"555","Champions"
13232,13.0909722222222,7,1357.6,2011-04-10 13:48:00,2011-11-27 10:39:00,5,5,4,14,"554","Champions"
13233,74.9756944444444,2,605.12,2011-01-07 14:49:00,2011-09-26 13:25:00,2,3,3,8,"233","Needing Attention"
13235,212.817361111111,1,1031.07,2011-05-11 17:13:00,2011-05-11 17:13:00,1,2,4,7,"124","At Risk"
13236,25,2,744.85,2011-08-25 08:58:00,2011-11-15 12:50:00,4,3,3,10,"433","Loyal Customers"
13238,17.8840277777778,4,700.73,2010-12-14 14:37:00,2011-11-22 15:37:00,4,4,3,11,"443","Loyal Customers"
13239,262.100694444444,1,329.56,2011-03-23 10:25:00,2011-03-23 10:25:00,1,2,2,5,"122","At Risk"
13240,96.9458333333333,4,663.65,2010-12-09 12:49:00,2011-09-04 14:08:00,2,4,3,9,"243","Needing Attention"
13242,112.997916666667,3,270.4,2011-05-10 12:26:00,2011-08-19 12:53:00,2,4,2,8,"242","At Risk"
13243,203.983333333333,1,600.07,2011-05-20 13:14:00,2011-05-20 13:14:00,1,2,3,6,"123","At Risk"
13244,93.0444444444445,1,121.74,2011-09-08 11:46:00,2011-09-08 11:46:00,2,2,1,5,"221","Hibernating"
13245,51.0486111111111,1,430.5,2011-10-20 11:40:00,2011-10-20 11:40:00,3,2,2,7,"322","Potential Loyalists"
13246,18.8333333333333,6,1987.3,2011-01-13 13:36:00,2011-11-21 16:50:00,4,5,4,13,"454","Champions"
13247,18.0770833333333,4,501.12,2011-09-18 11:31:00,2011-11-22 10:59:00,4,4,3,11,"443","Loyal Customers"
13248,125.006944444444,2,465.68,2011-06-03 13:05:00,2011-08-07 12:40:00,2,3,2,7,"232","At Risk"
13249,92.975,3,711.41,2011-03-23 15:26:00,2011-09-08 13:26:00,2,4,3,9,"243","Needing Attention"
13253,157.111805555556,2,1030.4,2011-01-04 15:43:00,2011-07-06 10:09:00,2,3,4,9,"234","Needing Attention"
13255,9.98333333333333,2,399.51,2010-12-01 11:58:00,2011-11-30 13:14:00,5,3,2,10,"532","Potential Loyalists"
13258,12.1381944444444,3,698.58,2011-05-18 13:11:00,2011-11-28 09:31:00,5,4,3,12,"543","Loyal Customers"
13259,62.0847222222222,1,292.32,2011-10-09 10:48:00,2011-10-09 10:48:00,3,2,2,7,"322","Potential Loyalists"
13260,61.9784722222222,1,557.62,2011-10-09 13:21:00,2011-10-09 13:21:00,3,2,3,8,"323","Potential Loyalists"
13261,269.019444444444,2,944.1,2011-02-27 10:41:00,2011-03-16 12:22:00,1,3,4,8,"134","Needing Attention"
13262,263.905555555556,1,200.29,2011-03-21 15:06:00,2011-03-21 15:06:00,1,2,1,4,"121","Hibernating"
13263,1.95208333333333,35,7454.07,2011-01-18 16:31:00,2011-12-08 13:59:00,5,5,5,15,"555","Champions"
13265,53.9083333333333,5,2107.66,2011-03-11 09:54:00,2011-10-17 15:02:00,3,4,5,12,"345","Potential Loyalists"
13266,11.9243055555556,12,3834.26,2011-03-28 10:14:00,2011-11-28 14:39:00,5,5,5,15,"555","Champions"
13267,3.06805555555556,19,4521.49,2010-12-08 09:20:00,2011-12-07 11:12:00,5,5,5,15,"555","Champions"
13268,18.0409722222222,11,3214.69,2011-03-17 13:20:00,2011-11-22 11:51:00,4,5,5,14,"455","Champions"
13269,1.91458333333333,15,5346.23,2010-12-05 11:51:00,2011-12-08 14:53:00,5,5,5,15,"555","Champions"
13270,366.914583333333,1,590,2010-12-08 14:53:00,2010-12-08 14:53:00,1,2,3,6,"123","At Risk"
13271,37.9298611111111,1,217.38,2011-11-02 14:31:00,2011-11-02 14:31:00,3,2,1,6,"321","Others"
13272,31.9513888888889,2,276.56,2011-09-11 12:06:00,2011-11-08 14:00:00,4,3,2,9,"432","Potential Loyalists"
13273,113.95,1,138.98,2011-08-18 14:02:00,2011-08-18 14:02:00,2,2,1,5,"221","Hibernating"
13276,64.0041666666667,2,590.93,2011-09-01 10:03:00,2011-10-07 12:44:00,3,3,3,9,"333","Potential Loyalists"
13277,16.1451388888889,4,258.4,2011-07-29 10:06:00,2011-11-24 09:21:00,4,4,2,10,"442","Potential Loyalists"
13278,41.0423611111111,1,542.73,2011-10-30 11:49:00,2011-10-30 11:49:00,3,2,3,8,"323","Potential Loyalists"
13279,78.8097222222222,1,137.75,2011-09-22 17:24:00,2011-09-22 17:24:00,2,2,1,5,"221","Hibernating"
13280,122.983333333333,3,814.86,2011-01-06 17:10:00,2011-08-09 13:14:00,2,4,3,9,"243","Needing Attention"
13282,18.8868055555556,3,1132.14,2011-05-03 12:03:00,2011-11-21 15:33:00,4,4,4,12,"444","Loyal Customers"
13283,60.125,2,93.66,2011-06-07 12:39:00,2011-10-11 09:50:00,3,3,1,7,"331","Others"
13284,331.14375,1,201.19,2011-01-13 09:23:00,2011-01-13 09:23:00,1,2,1,4,"121","Hibernating"
13285,23.9798611111111,4,2709.12,2011-02-22 17:13:00,2011-11-16 13:19:00,4,4,5,13,"445","Champions"
13291,156.093055555556,1,361.11,2011-07-07 10:36:00,2011-07-07 10:36:00,2,2,2,6,"222","At Risk"
13292,39.1152777777778,2,578.94,2011-02-28 15:00:00,2011-11-01 10:04:00,3,3,3,9,"333","Potential Loyalists"
13294,190.163888888889,2,873.74,2011-04-04 12:37:00,2011-06-03 08:54:00,1,3,3,7,"133","Needing Attention"
13295,360.061805555556,1,201.2,2010-12-15 11:21:00,2010-12-15 11:21:00,1,2,1,4,"121","Hibernating"
13296,137.961111111111,1,87.4,2011-07-25 13:46:00,2011-07-25 13:46:00,2,2,1,5,"221","Hibernating"
13297,8.1375,4,2089.85,2011-10-03 15:08:00,2011-12-02 09:32:00,5,4,5,14,"545","Champions"
13298,1.98541666666667,1,360,2011-12-08 13:11:00,2011-12-08 13:11:00,5,2,2,9,"522","Potential Loyalists"
13299,268.996527777778,1,142.5,2011-03-16 12:55:00,2011-03-16 12:55:00,1,2,1,4,"121","Hibernating"
13300,169.986805555556,1,371.89,2011-06-23 13:09:00,2011-06-23 13:09:00,2,2,2,6,"222","At Risk"
13301,104.059027777778,4,618.09,2011-02-20 13:13:00,2011-08-28 11:25:00,2,4,3,9,"243","Needing Attention"
13302,155.7875,1,63.75,2011-07-07 17:56:00,2011-07-07 17:56:00,2,2,1,5,"221","Hibernating"
13304,351.927083333333,1,300.42,2010-12-23 14:35:00,2010-12-23 14:35:00,1,2,2,5,"122","At Risk"
13305,4.89930555555556,10,2000.86,2010-12-02 12:10:00,2011-12-05 15:15:00,5,5,4,14,"554","Champions"
13307,120.816666666667,1,15,2011-08-11 17:14:00,2011-08-11 17:14:00,2,2,1,5,"221","Hibernating"
13308,23.1381944444444,3,1385.51,2011-05-20 13:13:00,2011-11-17 09:31:00,4,4,4,12,"444","Loyal Customers"
13309,7.84444444444444,5,1456.79,2011-02-04 12:29:00,2011-12-02 16:34:00,5,4,4,13,"544","Champions"
13310,28.8104166666667,3,1132.03,2011-01-19 14:50:00,2011-11-11 17:23:00,4,4,4,12,"444","Loyal Customers"
13311,4.99652777777778,2,598.57,2011-07-12 14:26:00,2011-12-05 12:55:00,5,3,3,11,"533","Loyal Customers"
13313,22.8347222222222,5,1555.32,2011-01-04 10:00:00,2011-11-17 16:48:00,4,4,4,12,"444","Loyal Customers"
13314,2.01458333333333,3,775.94,2011-09-27 10:20:00,2011-12-08 12:29:00,5,4,3,12,"543","Loyal Customers"
13316,37.9652777777778,4,5977.73,2011-03-30 13:01:00,2011-11-02 13:40:00,3,4,5,12,"345","Potential Loyalists"
13317,66.96875,6,2273.68,2010-12-16 09:22:00,2011-10-04 13:35:00,3,5,5,13,"355","Champions"
13318,1.74930555555556,3,640.76,2011-11-02 13:26:00,2011-12-08 18:51:00,5,4,3,12,"543","Loyal Customers"
13319,5.96944444444444,26,10845.55,2010-12-09 10:04:00,2011-12-04 13:34:00,5,5,5,15,"555","Champions"
13320,78.7798611111111,4,1548.7,2011-05-10 10:29:00,2011-09-22 18:07:00,2,4,4,10,"244","Needing Attention"
13321,72.8930555555555,2,567.36,2011-09-14 15:18:00,2011-09-28 15:24:00,2,3,3,8,"233","Needing Attention"
13322,17.9368055555556,1,199.48,2011-11-22 14:21:00,2011-11-22 14:21:00,4,2,1,7,"421","Others"
13323,3.81805555555556,5,787.85,2011-09-16 13:23:00,2011-12-06 17:12:00,5,4,3,12,"543","Loyal Customers"
13324,36.8486111111111,10,7121.95,2010-12-14 09:50:00,2011-11-03 16:28:00,3,5,5,13,"355","Champions"
13325,82.0930555555556,1,675.3,2011-09-19 10:36:00,2011-09-19 10:36:00,2,2,3,7,"223","At Risk"
13327,39.1034722222222,8,3627.77,2010-12-09 15:32:00,2011-11-01 10:21:00,3,5,5,13,"355","Champions"
13328,316.894444444444,1,1308.48,2011-01-27 15:22:00,2011-01-27 15:22:00,1,2,4,7,"124","At Risk"
13329,32.0979166666667,2,789,2010-12-08 10:11:00,2011-11-08 10:29:00,4,3,3,10,"433","Loyal Customers"
13330,93.0159722222222,3,1140.93,2011-01-28 10:08:00,2011-09-08 12:27:00,2,4,4,10,"244","Needing Attention"
13332,14.9722222222222,1,350.9,2011-11-25 13:30:00,2011-11-25 13:30:00,4,2,2,8,"422","Potential Loyalists"
13334,82.8951388888889,3,3536.82,2011-02-07 11:42:00,2011-09-18 15:21:00,2,4,5,11,"245","Needing Attention"
13336,77.9479166666667,1,795.12,2011-09-23 14:05:00,2011-09-23 14:05:00,2,2,3,7,"223","At Risk"
13338,158.155555555556,1,487.02,2011-07-05 09:06:00,2011-07-05 09:06:00,2,2,2,6,"222","At Risk"
13339,201.179861111111,1,860.12,2011-05-23 08:31:00,2011-05-23 08:31:00,1,2,3,6,"123","At Risk"
13340,45.9826388888889,7,10736.48,2011-03-08 11:39:00,2011-10-25 13:15:00,3,5,5,13,"355","Champions"
13341,261.125,1,775.85,2011-03-24 09:50:00,2011-03-24 09:50:00,1,2,3,6,"123","At Risk"
13343,178.018055555556,1,353.43,2011-06-15 12:24:00,2011-06-15 12:24:00,2,2,2,6,"222","At Risk"
13344,68.1284722222222,3,2543.72,2011-03-07 10:28:00,2011-10-03 09:45:00,3,4,5,12,"345","Potential Loyalists"
13345,288.159027777778,1,389.5,2011-02-25 09:01:00,2011-02-25 09:01:00,1,2,2,5,"122","At Risk"
13347,70.9736111111111,1,341.36,2011-09-30 13:28:00,2011-09-30 13:28:00,3,2,2,7,"322","Potential Loyalists"
13348,64.8069444444444,1,233.76,2011-10-06 17:28:00,2011-10-06 17:28:00,3,2,1,6,"321","Others"
13349,11.1965277777778,1,247.32,2011-11-29 08:07:00,2011-11-29 08:07:00,5,2,1,8,"521","Others"
13350,16.8451388888889,2,979.12,2011-09-21 13:33:00,2011-11-23 16:33:00,4,3,4,11,"434","Loyal Customers"
13351,66.9965277777778,1,373.94,2011-10-04 12:55:00,2011-10-04 12:55:00,3,2,2,7,"322","Potential Loyalists"
13352,60.9548611111111,1,397.98,2011-10-10 13:55:00,2011-10-10 13:55:00,3,2,2,7,"322","Potential Loyalists"
13354,71.98125,1,743.53,2011-09-29 13:17:00,2011-09-29 13:17:00,3,2,3,8,"323","Potential Loyalists"
13355,122.918055555556,1,674.7,2011-08-09 14:48:00,2011-08-09 14:48:00,2,2,3,7,"223","At Risk"
13356,80.9284722222222,1,768.24,2011-09-20 14:33:00,2011-09-20 14:33:00,2,2,3,7,"223","At Risk"
13357,257.954166666667,1,609.95,2011-03-27 13:56:00,2011-03-27 13:56:00,1,2,3,6,"123","At Risk"
13358,269.040277777778,1,439.03,2011-03-16 11:52:00,2011-03-16 11:52:00,1,2,2,5,"122","At Risk"
13359,64.1388888888889,1,439.56,2011-10-07 09:30:00,2011-10-07 09:30:00,3,2,2,7,"322","Potential Loyalists"
13362,9.92291666666667,4,3090.74,2011-02-25 11:33:00,2011-11-30 14:41:00,5,4,5,14,"545","Champions"
13363,18.0069444444444,2,992.5,2011-10-27 10:46:00,2011-11-22 12:40:00,4,3,4,11,"434","Loyal Customers"
13364,71.7756944444444,1,134.96,2011-09-29 18:13:00,2011-09-29 18:13:00,3,2,1,6,"321","Others"
13365,34.0097222222222,2,2225.37,2011-05-06 12:00:00,2011-11-06 12:36:00,3,3,5,11,"335","Potential Loyalists"
13366,50.9673611111111,1,56.16,2011-10-20 13:37:00,2011-10-20 13:37:00,3,2,1,6,"321","Others"
13368,257.11875,2,623.4,2011-01-06 12:32:00,2011-03-28 09:59:00,1,3,3,7,"133","Needing Attention"
13369,366.055555555556,1,308.28,2010-12-09 11:30:00,2010-12-09 11:30:00,1,2,2,5,"122","At Risk"
13370,372.1,1,754.87,2010-12-03 10:26:00,2010-12-03 10:26:00,1,2,3,6,"123","At Risk"
13372,90.0027777777778,1,378.64,2011-09-11 12:46:00,2011-09-11 12:46:00,2,2,2,6,"222","At Risk"
13373,61.0826388888889,3,3312.25,2011-03-08 14:35:00,2011-10-10 10:51:00,3,4,5,12,"345","Potential Loyalists"
13375,89.1048611111111,1,778.65,2011-09-12 10:19:00,2011-09-12 10:19:00,2,2,3,7,"223","At Risk"
13376,99.8569444444445,3,1019.76,2011-04-19 13:03:00,2011-09-01 16:16:00,2,4,4,10,"244","Needing Attention"
13379,26.9618055555556,3,572.56,2011-07-26 12:26:00,2011-11-13 13:45:00,4,4,3,11,"443","Loyal Customers"
13381,32.0361111111111,6,3639.31,2011-02-14 10:10:00,2011-11-08 11:58:00,4,5,5,14,"455","Champions"
13382,281.115972222222,1,222.99,2011-03-04 10:03:00,2011-03-04 10:03:00,1,2,1,4,"121","Hibernating"
13384,31.0736111111111,7,4151.93,2011-06-14 12:47:00,2011-11-09 11:04:00,4,5,5,14,"455","Champions"
13385,330.123611111111,1,534.57,2011-01-14 09:52:00,2011-01-14 09:52:00,1,2,3,6,"123","At Risk"
13388,131.998611111111,2,677.1,2011-07-31 12:52:00,2011-07-31 12:52:00,2,3,3,8,"233","Needing Attention"
13389,11.9506944444444,3,797.96,2011-04-21 12:12:00,2011-11-28 14:01:00,5,4,3,12,"543","Loyal Customers"
13390,75.175,1,544.08,2011-09-26 08:38:00,2011-09-26 08:38:00,2,2,3,7,"223","At Risk"
13391,204.083333333333,1,59.8,2011-05-20 10:50:00,2011-05-20 10:50:00,1,2,1,4,"121","Hibernating"
13394,2.05138888888889,8,2520.02,2011-02-03 10:39:00,2011-12-08 11:36:00,5,5,5,15,"555","Champions"
13395,185.906944444444,1,307.72,2011-06-07 15:04:00,2011-06-07 15:04:00,1,2,2,5,"122","At Risk"
13396,29.8270833333333,2,1360.99,2011-01-24 13:37:00,2011-11-10 16:59:00,4,3,4,11,"434","Loyal Customers"
13397,73.0791666666667,5,1544.13,2011-01-04 13:50:00,2011-09-28 10:56:00,2,4,4,10,"244","Needing Attention"
13398,192.98125,1,457.34,2011-05-31 13:17:00,2011-05-31 13:17:00,1,2,2,5,"122","At Risk"
13402,127.874305555556,2,621.23,2010-12-02 17:12:00,2011-08-04 15:51:00,2,3,3,8,"233","Needing Attention"
13403,18.1819444444444,1,75,2011-11-22 08:28:00,2011-11-22 08:28:00,4,2,1,7,"421","Others"
13404,1.88402777777778,2,252.49,2011-05-11 11:57:00,2011-12-08 15:37:00,5,3,2,10,"532","Potential Loyalists"
13405,74.8256944444445,3,572.451,2011-01-26 09:27:00,2011-09-26 17:01:00,2,4,3,9,"243","Needing Attention"
13408,2.15625,62,28117.04,2010-12-01 10:39:00,2011-12-08 09:05:00,5,5,5,15,"555","Champions"
13410,24.8868055555556,5,1003.06,2011-02-21 14:38:00,2011-11-15 15:33:00,4,4,4,12,"444","Loyal Customers"
13411,107.953472222222,1,213.55,2011-08-24 13:57:00,2011-08-24 13:57:00,2,2,1,5,"221","Hibernating"
13414,134.045138888889,3,1390.5,2011-02-16 12:13:00,2011-07-29 11:45:00,2,4,4,10,"244","Needing Attention"
13416,44.1625,2,712.5,2011-09-19 14:43:00,2011-10-27 08:56:00,3,3,3,9,"333","Potential Loyalists"
13417,5.16736111111111,2,640.83,2011-05-18 16:26:00,2011-12-05 08:49:00,5,3,3,11,"533","Loyal Customers"
13418,12.1020833333333,18,6127.43,2010-12-02 10:45:00,2011-11-28 10:23:00,5,5,5,15,"555","Champions"
13419,64.0006944444444,1,221.06,2011-10-07 12:49:00,2011-10-07 12:49:00,3,2,1,6,"321","Others"
13420,150.168055555556,2,159.85,2011-06-22 11:35:00,2011-07-13 08:48:00,2,3,1,6,"231","Others"
13421,40.9368055555556,2,1851.08,2011-02-22 15:46:00,2011-10-30 14:21:00,3,3,4,10,"334","Potential Loyalists"
13422,64.9638888888889,1,2626.3,2011-10-06 13:42:00,2011-10-06 13:42:00,3,2,5,10,"325","Potential Loyalists"
13425,108.817361111111,3,1624.21,2011-02-18 08:34:00,2011-08-23 17:13:00,2,4,4,10,"244","Needing Attention"
13426,1.16041666666667,10,3641.32,2010-12-15 12:43:00,2011-12-09 08:59:00,5,5,5,15,"555","Champions"
13427,19.9916666666667,3,582.6,2011-05-08 15:58:00,2011-11-20 13:02:00,4,4,3,11,"443","Loyal Customers"
13428,10.9375,1,218.47,2011-11-29 14:20:00,2011-11-29 14:20:00,5,2,1,8,"521","Others"
13429,11.1527777777778,4,1006.8,2011-09-25 15:59:00,2011-11-29 09:10:00,5,4,4,13,"544","Champions"
13430,19.1881944444444,2,679.45,2011-09-14 14:26:00,2011-11-21 08:19:00,4,3,3,10,"433","Loyal Customers"
13431,67.9590277777778,2,1269.1,2011-09-12 11:25:00,2011-10-03 13:49:00,3,3,4,10,"334","Potential Loyalists"
13434,74.9305555555556,2,534.24,2011-09-04 10:35:00,2011-09-26 14:30:00,2,3,3,8,"233","Needing Attention"
13435,5.92013888888889,7,3809.89,2011-06-03 17:07:00,2011-12-04 14:45:00,5,5,5,15,"555","Champions"
13436,2.09513888888889,1,196.89,2011-12-08 10:33:00,2011-12-08 10:33:00,5,2,1,8,"521","Others"
13437,14.9513888888889,7,3408.06,2011-06-02 14:30:00,2011-11-25 14:00:00,4,5,5,14,"455","Champions"
13439,255.9375,1,283.71,2011-03-29 14:20:00,2011-03-29 14:20:00,1,2,2,5,"122","At Risk"
13441,92.1333333333333,1,296.64,2011-09-09 09:38:00,2011-09-09 09:38:00,2,2,2,6,"222","At Risk"
13447,23.9666666666667,3,1129.14,2011-11-04 10:10:00,2011-11-16 13:38:00,4,4,4,12,"444","Loyal Customers"
13448,17.0118055555556,6,3539.37,2010-12-01 10:52:00,2011-11-23 12:33:00,4,5,5,14,"455","Champions"
13449,24.1819444444444,1,291.88,2011-11-16 08:28:00,2011-11-16 08:28:00,4,2,2,8,"422","Potential Loyalists"
13450,27.0388888888889,6,2043.72,2011-05-05 19:48:00,2011-11-13 11:54:00,4,5,4,13,"454","Champions"
13451,26.8694444444444,5,2976.15,2011-01-09 15:35:00,2011-11-13 15:58:00,4,4,5,13,"445","Champions"
13452,259.938194444444,2,590,2011-03-14 11:38:00,2011-03-25 14:19:00,1,3,3,7,"133","Needing Attention"
13453,166.136111111111,2,356.98,2011-02-23 09:44:00,2011-06-27 09:34:00,2,3,2,7,"232","At Risk"
13455,25.0618055555556,2,1058.34,2010-12-08 13:11:00,2011-11-15 11:21:00,4,3,4,11,"434","Loyal Customers"
13456,18.1472222222222,6,1766.72,2011-05-16 15:34:00,2011-11-22 09:18:00,4,5,4,13,"454","Champions"
13458,7.88958333333333,14,9646.57,2010-12-15 12:05:00,2011-12-02 15:29:00,5,5,5,15,"555","Champions"
13460,29.8145833333333,2,183.44,2011-10-21 09:50:00,2011-11-10 17:17:00,4,3,1,8,"431","Others"
13461,39.1590277777778,3,1445,2011-06-29 10:23:00,2011-11-01 09:01:00,3,4,4,11,"344","Potential Loyalists"
13462,253.0625,1,151.5,2011-04-01 11:20:00,2011-04-01 11:20:00,1,2,1,4,"121","Hibernating"
13464,58.9090277777778,1,674.68,2011-10-12 15:01:00,2011-10-12 15:01:00,3,2,3,8,"323","Potential Loyalists"
13466,184.840972222222,1,307.9,2011-06-08 16:39:00,2011-06-08 16:39:00,1,2,2,5,"122","At Risk"
13467,11.1173611111111,2,1083.71,2011-11-03 16:56:00,2011-11-29 10:01:00,5,3,4,12,"534","Loyal Customers"
13468,2.09097222222222,37,5704.97,2010-12-01 15:08:00,2011-12-08 10:39:00,5,5,5,15,"555","Champions"
13470,99.9118055555556,2,165,2011-08-16 17:06:00,2011-09-01 14:57:00,2,3,1,6,"231","Others"
13471,1.87916666666667,4,2531.58,2011-10-23 13:10:00,2011-12-08 15:44:00,5,4,5,14,"545","Champions"
13473,61.0625,2,422.64,2011-01-11 08:45:00,2011-10-10 11:20:00,3,3,2,8,"332","Potential Loyalists"
13474,236.95625,1,229.59,2011-04-17 13:53:00,2011-04-17 13:53:00,1,2,1,4,"121","Hibernating"
13475,191.956944444444,4,1431.78,2011-02-14 12:36:00,2011-06-01 13:52:00,1,4,4,9,"144","Needing Attention"
13476,179.034722222222,2,1238.47,2011-03-03 14:43:00,2011-06-14 12:00:00,2,3,4,9,"234","Needing Attention"
13477,38.0319444444444,6,1454.58,2011-02-21 12:29:00,2011-11-02 12:04:00,3,5,4,12,"354","Potential Loyalists"
13479,201.086805555556,2,300.95,2011-04-19 11:27:00,2011-05-23 10:45:00,1,3,2,6,"132","At Risk"
13481,46.1548611111111,5,1804.56,2011-03-28 09:07:00,2011-10-25 09:07:00,3,4,4,11,"344","Potential Loyalists"
13482,232.824305555556,1,184.64,2011-04-21 17:03:00,2011-04-21 17:03:00,1,2,1,4,"121","Hibernating"
13483,66.0395833333333,1,140.34,2011-10-05 11:53:00,2011-10-05 11:53:00,3,2,1,6,"321","Others"
13484,241.847222222222,1,313.8,2011-04-12 16:30:00,2011-04-12 16:30:00,1,2,2,5,"122","At Risk"
13485,233.952777777778,1,454.24,2011-04-20 13:58:00,2011-04-20 13:58:00,1,2,2,5,"122","At Risk"
13486,78.9840277777778,3,1122.41,2011-07-07 17:19:00,2011-09-22 13:13:00,2,4,4,10,"244","Needing Attention"
13487,58.0298611111111,3,575.4,2010-12-21 14:54:00,2011-10-13 12:07:00,3,4,3,10,"343","Potential Loyalists"
13488,17.9229166666667,13,8968.31,2010-12-07 13:01:00,2011-11-22 14:41:00,4,5,5,14,"455","Champions"
13489,105.981944444444,4,449.52,2011-02-18 10:42:00,2011-08-26 13:16:00,2,4,2,8,"242","At Risk"
13491,52.1791666666667,10,1215.82,2010-12-02 14:30:00,2011-10-19 08:32:00,3,5,4,12,"354","Potential Loyalists"
13492,136.934027777778,3,1269.84,2011-05-09 10:06:00,2011-07-26 14:25:00,2,4,4,10,"244","Needing Attention"
13493,275.885416666667,2,618.63,2011-02-25 16:42:00,2011-03-09 15:35:00,1,3,3,7,"133","Needing Attention"
13494,312.036111111111,1,316.26,2011-02-01 11:58:00,2011-02-01 11:58:00,1,2,2,5,"122","At Risk"
13495,8.06180555555556,5,2044.87,2010-12-06 15:14:00,2011-12-02 11:21:00,5,4,4,13,"544","Champions"
13496,11.0777777777778,2,653.33,2010-12-15 10:17:00,2011-11-29 10:58:00,5,3,3,11,"533","Loyal Customers"
13497,283.156944444444,2,348.05,2010-12-06 11:37:00,2011-03-02 09:04:00,1,3,2,6,"132","At Risk"
13499,18.0618055555556,5,1159.11,2011-03-15 08:52:00,2011-11-22 11:21:00,4,4,4,12,"444","Loyal Customers"
13500,23.8854166666667,3,1166.77,2011-08-09 12:20:00,2011-11-16 15:35:00,4,4,4,12,"444","Loyal Customers"
13501,288.74375,1,1340.32,2011-02-24 18:59:00,2011-02-24 18:59:00,1,2,4,7,"124","At Risk"
13502,17.0909722222222,3,292,2011-01-20 09:03:00,2011-11-23 10:39:00,4,4,2,10,"442","Potential Loyalists"
13503,71.9770833333333,1,216.85,2011-09-29 13:23:00,2011-09-29 13:23:00,3,2,1,6,"321","Others"
13504,64.9791666666667,1,295.93,2011-10-06 13:20:00,2011-10-06 13:20:00,3,2,2,7,"322","Potential Loyalists"
13505,73.0375,4,4393.63,2011-04-21 12:07:00,2011-09-28 11:56:00,2,4,5,11,"245","Needing Attention"
13506,316.95625,2,458.52,2010-12-05 12:15:00,2011-01-27 13:53:00,1,3,2,6,"132","At Risk"
13507,3.98402777777778,4,2479.16,2011-07-17 11:50:00,2011-12-06 13:13:00,5,4,5,14,"545","Champions"
13508,244.036111111111,1,110.97,2011-04-10 11:58:00,2011-04-10 11:58:00,1,2,1,4,"121","Hibernating"
13509,9.11111111111111,7,979.72,2011-02-28 13:27:00,2011-12-01 10:10:00,5,5,4,14,"554","Champions"
13510,1.96111111111111,4,1791.56,2011-06-09 09:32:00,2011-12-08 13:46:00,5,4,4,13,"544","Champions"
13512,261.115972222222,1,251.21,2011-03-24 10:03:00,2011-03-24 10:03:00,1,2,2,5,"122","At Risk"
13513,127.041666666667,1,205.1,2011-08-05 11:50:00,2011-08-05 11:50:00,2,2,1,5,"221","Hibernating"
13514,74.1326388888889,1,152.2,2011-09-27 09:39:00,2011-09-27 09:39:00,2,2,1,5,"221","Hibernating"
13515,73.0583333333333,4,891.12,2011-04-06 10:33:00,2011-09-28 11:26:00,2,4,3,9,"243","Needing Attention"
13516,21.9826388888889,3,1389.41,2011-04-15 11:06:00,2011-11-18 13:15:00,4,4,4,12,"444","Loyal Customers"
13517,60.0465277777778,3,2128.42,2011-06-13 08:44:00,2011-10-11 11:43:00,3,4,5,12,"345","Potential Loyalists"
13518,86.0979166666667,1,659.44,2011-09-15 10:29:00,2011-09-15 10:29:00,2,2,3,7,"223","At Risk"
13519,78.7680555555555,1,122.75,2011-09-22 18:24:00,2011-09-22 18:24:00,2,2,1,5,"221","Hibernating"
13520,59.1041666666667,6,3624.35,2010-12-03 10:36:00,2011-10-12 10:20:00,3,5,5,13,"355","Champions"
13521,1.95833333333333,3,1093.65,2011-11-29 15:09:00,2011-12-08 13:50:00,5,4,4,13,"544","Champions"
13522,30.9020833333333,1,125.8,2011-11-09 15:11:00,2011-11-09 15:11:00,4,2,1,7,"421","Others"
13523,33.9020833333333,5,3964.88,2010-12-08 14:22:00,2011-11-06 15:11:00,3,4,5,12,"345","Potential Loyalists"
13524,41.0111111111111,5,680.18,2011-05-04 12:26:00,2011-10-30 12:34:00,3,4,3,10,"343","Potential Loyalists"
13525,15.0340277777778,2,628.78,2011-04-05 15:36:00,2011-11-25 12:01:00,4,3,3,10,"433","Loyal Customers"
13527,34.0319444444444,7,2287.51,2011-01-17 11:17:00,2011-11-06 12:04:00,3,5,5,13,"355","Champions"
13529,79.1493055555556,2,307.76,2011-05-19 11:50:00,2011-09-22 09:15:00,2,3,2,7,"232","At Risk"
13531,205.829166666667,2,483.8,2010-12-08 15:03:00,2011-05-18 16:56:00,1,3,2,6,"132","At Risk"
13532,34.0173611111111,1,210.31,2011-11-06 12:25:00,2011-11-06 12:25:00,3,2,1,6,"321","Others"
13533,183.038888888889,3,270.79,2011-03-17 12:47:00,2011-06-10 11:54:00,1,4,2,7,"142","At Risk"
13534,2.91527777777778,25,5870.08,2010-12-16 15:23:00,2011-12-07 14:52:00,5,5,5,15,"555","Champions"
13536,1.84166666666667,7,3448.29,2011-09-25 13:30:00,2011-12-08 16:38:00,5,5,5,15,"555","Champions"
13538,43.8444444444444,7,1280.85,2011-01-28 10:40:00,2011-10-27 16:34:00,3,5,4,12,"354","Potential Loyalists"
13539,86.1055555555556,3,631.34,2011-02-03 15:23:00,2011-09-15 10:18:00,2,4,3,9,"243","Needing Attention"
13544,40.0368055555556,2,291.41,2011-04-13 12:09:00,2011-10-31 11:57:00,3,3,2,8,"332","Potential Loyalists"
13546,12.9166666666667,3,626.99,2011-05-23 12:14:00,2011-11-27 14:50:00,5,4,3,12,"543","Loyal Customers"
13548,96.9166666666667,2,682.41,2011-04-10 11:35:00,2011-09-04 14:50:00,2,3,3,8,"233","Needing Attention"
13549,26.1458333333333,7,918.2,2011-04-11 13:42:00,2011-11-14 09:20:00,4,5,3,12,"453","Loyal Customers"
13551,319.919444444444,1,91.8,2011-01-24 14:46:00,2011-01-24 14:46:00,1,2,1,4,"121","Hibernating"
13552,66.8965277777778,12,3740.07,2011-01-28 10:10:00,2011-10-04 15:19:00,3,5,5,13,"355","Champions"
13555,74.0097222222222,4,4149.28,2011-05-22 11:06:00,2011-09-27 12:36:00,2,4,5,11,"245","Needing Attention"
13557,28.8930555555556,2,584.06,2011-03-04 12:14:00,2011-11-11 15:24:00,4,3,3,10,"433","Loyal Customers"
13558,6.05972222222222,4,605.06,2011-10-02 13:01:00,2011-12-04 11:24:00,5,4,3,12,"543","Loyal Customers"
13560,7.98541666666667,1,174.37,2011-12-02 13:11:00,2011-12-02 13:11:00,5,2,1,8,"521","Others"
13561,216.007638888889,1,141.86,2011-05-08 12:39:00,2011-05-08 12:39:00,1,2,1,4,"121","Hibernating"
13562,82.0826388888889,3,1799.33,2011-04-08 12:42:00,2011-09-19 10:51:00,2,4,4,10,"244","Needing Attention"
13563,84.9201388888889,2,777.53,2011-07-22 17:21:00,2011-09-16 14:45:00,2,3,3,8,"233","Needing Attention"
13564,144.928472222222,3,1749.02,2010-12-06 17:26:00,2011-07-18 14:33:00,2,4,4,10,"244","Needing Attention"
13565,19.9284722222222,2,240.22,2011-01-09 14:28:00,2011-11-20 14:33:00,4,3,1,8,"431","Others"
13566,41.0354166666667,2,874.71,2011-09-18 12:40:00,2011-10-30 11:59:00,3,3,3,9,"333","Potential Loyalists"
13568,173.922222222222,1,192.85,2011-06-19 14:42:00,2011-06-19 14:42:00,2,2,1,5,"221","Hibernating"
13569,17.9881944444444,2,373.75,2010-12-07 12:29:00,2011-11-22 13:07:00,4,3,2,9,"432","Potential Loyalists"
13570,243.968055555556,1,239.49,2011-04-10 13:36:00,2011-04-10 13:36:00,1,2,1,4,"121","Hibernating"
13571,13.0854166666667,12,2092.32,2011-03-31 12:43:00,2011-11-27 10:47:00,5,5,5,15,"555","Champions"
13572,206.035416666667,1,1384.25,2011-05-18 11:59:00,2011-05-18 11:59:00,1,2,4,7,"124","At Risk"
13573,50.9284722222222,2,294.4,2011-03-31 14:47:00,2011-10-20 14:33:00,3,3,2,8,"332","Potential Loyalists"
13575,23.9833333333333,5,732.07,2011-06-16 14:24:00,2011-11-16 13:14:00,4,4,3,11,"443","Loyal Customers"
13576,10.8861111111111,18,6717.34,2010-12-01 17:24:00,2011-11-29 15:34:00,5,5,5,15,"555","Champions"
13577,25.8965277777778,4,1687.6,2011-04-12 10:33:00,2011-11-14 15:19:00,4,4,4,12,"444","Loyal Customers"
13579,15.1729166666667,2,467.04,2010-12-05 16:10:00,2011-11-25 08:41:00,4,3,2,9,"432","Potential Loyalists"
13581,309.922916666667,1,118,2011-02-03 14:41:00,2011-02-03 14:41:00,1,2,1,4,"121","Hibernating"
13583,156.090277777778,1,781.03,2011-07-07 10:40:00,2011-07-07 10:40:00,2,2,3,7,"223","At Risk"
13584,307.000694444444,1,142.4,2011-02-06 12:49:00,2011-02-06 12:49:00,1,2,1,4,"121","Hibernating"
13587,64.0131944444445,1,712.4,2011-10-07 12:31:00,2011-10-07 12:31:00,3,2,3,8,"323","Potential Loyalists"
13588,16.0888888888889,9,2478.95,2011-03-29 15:53:00,2011-11-24 10:42:00,4,5,5,14,"455","Champions"
13589,15.0277777777778,2,379.65,2011-06-13 12:44:00,2011-11-25 12:10:00,4,3,2,9,"432","Potential Loyalists"
13590,11.9972222222222,6,1981.92,2011-02-09 13:25:00,2011-11-28 12:54:00,5,5,4,14,"554","Champions"
13591,65.0166666666667,3,1117.13,2011-03-18 12:18:00,2011-10-06 12:26:00,3,4,4,11,"344","Potential Loyalists"
13592,36.1256944444444,4,247.96,2011-03-20 14:01:00,2011-11-04 09:49:00,3,4,1,8,"341","Others"
13593,108.96875,5,2037.08,2011-01-07 16:32:00,2011-08-23 13:35:00,2,4,4,10,"244","Needing Attention"
13594,53.1048611111111,1,396.97,2011-10-18 10:19:00,2011-10-18 10:19:00,3,2,2,7,"322","Potential Loyalists"
13596,6.03402777777778,2,697.04,2011-11-27 11:57:00,2011-12-04 12:01:00,5,3,3,11,"533","Loyal Customers"
13598,47.9319444444444,1,180.17,2011-10-23 14:28:00,2011-10-23 14:28:00,3,2,1,6,"321","Others"
13599,1.86111111111111,21,5153.67,2010-12-08 10:11:00,2011-12-08 16:10:00,5,5,5,15,"555","Champions"
13600,312.890972222222,1,219.52,2011-01-31 15:27:00,2011-01-31 15:27:00,1,2,1,4,"121","Hibernating"
13601,45.8048611111111,2,693.32,2011-05-12 16:52:00,2011-10-25 17:31:00,3,3,3,9,"333","Potential Loyalists"
13602,65.04375,1,428.89,2011-10-06 11:47:00,2011-10-06 11:47:00,3,2,2,7,"322","Potential Loyalists"
13603,26.8701388888889,1,164.34,2011-11-13 15:57:00,2011-11-13 15:57:00,4,2,1,7,"421","Others"
13606,29.7944444444444,3,280.54,2011-02-01 11:42:00,2011-11-10 17:46:00,4,4,2,10,"442","Potential Loyalists"
13607,40.85625,1,678.01,2011-10-30 16:17:00,2011-10-30 16:17:00,3,2,3,8,"323","Potential Loyalists"
13610,12.8833333333333,7,1131.88,2011-02-27 14:44:00,2011-11-27 15:38:00,5,5,4,14,"554","Champions"
13611,89.9159722222222,3,1171.8,2010-12-15 10:31:00,2011-09-11 14:51:00,2,4,4,10,"244","Needing Attention"
13614,24.91875,4,1610.46,2011-01-13 12:37:00,2011-11-15 14:47:00,4,4,4,12,"444","Loyal Customers"
13615,319.186805555556,1,417.69,2011-01-25 08:21:00,2011-01-25 08:21:00,1,2,2,5,"122","At Risk"
13617,40.9583333333333,3,544.18,2011-06-12 12:55:00,2011-10-30 13:50:00,3,4,3,10,"343","Potential Loyalists"
13618,174.070138888889,1,177.34,2011-06-19 11:09:00,2011-06-19 11:09:00,2,2,1,5,"221","Hibernating"
13621,117.183333333333,1,213.85,2011-08-15 08:26:00,2011-08-15 08:26:00,2,2,1,5,"221","Hibernating"
13623,31.0347222222222,5,747.78,2011-02-15 13:08:00,2011-11-09 12:00:00,4,4,3,11,"443","Loyal Customers"
13626,253.114583333333,1,257.23,2011-04-01 10:05:00,2011-04-01 10:05:00,1,2,2,5,"122","At Risk"
13627,59.9375,5,1638.47,2010-12-17 09:52:00,2011-10-11 14:20:00,3,4,4,11,"344","Potential Loyalists"
13629,23.9784722222222,11,7792.36,2011-01-05 12:09:00,2011-11-16 13:21:00,4,5,5,14,"455","Champions"
13630,5.89861111111111,7,2031.78,2011-02-27 12:49:00,2011-12-04 15:16:00,5,5,4,14,"554","Champions"
13631,100.120138888889,11,3070.42,2011-03-17 17:13:00,2011-09-01 09:57:00,2,5,5,12,"255","Needing Attention"
13632,25.0826388888889,5,2121.27,2011-04-10 15:07:00,2011-11-15 10:51:00,4,4,5,13,"445","Champions"
13634,33.9652777777778,5,1575.16,2011-01-16 15:30:00,2011-11-06 13:40:00,3,4,4,11,"344","Potential Loyalists"
13635,68.0798611111111,1,1071.03,2011-10-03 10:55:00,2011-10-03 10:55:00,3,2,4,9,"324","Potential Loyalists"
13636,37.0972222222222,5,949.12,2011-02-27 14:29:00,2011-11-03 10:30:00,3,4,4,11,"344","Potential Loyalists"
13637,52.9708333333333,3,810.5,2011-04-27 13:06:00,2011-10-18 13:32:00,3,4,3,10,"343","Potential Loyalists"
13638,16.0916666666667,1,122.64,2011-11-24 10:38:00,2011-11-24 10:38:00,4,2,1,7,"421","Others"
13639,74.9680555555556,1,1033.34,2011-09-26 13:36:00,2011-09-26 13:36:00,2,2,4,8,"224","At Risk"
13642,216.011111111111,1,354.8,2011-05-08 12:34:00,2011-05-08 12:34:00,1,2,2,5,"122","At Risk"
13643,31.8840277777778,3,519.44,2011-06-07 11:40:00,2011-11-08 15:37:00,4,4,3,11,"443","Loyal Customers"
13644,16.9465277777778,4,2624.26,2011-08-26 11:53:00,2011-11-23 14:07:00,4,4,5,13,"445","Champions"
13645,120.860416666667,1,252.1,2011-08-11 16:11:00,2011-08-11 16:11:00,2,2,2,6,"222","At Risk"
13647,10.0347222222222,4,1678.12,2011-04-19 09:49:00,2011-11-30 12:00:00,5,4,4,13,"544","Champions"
13649,257.040972222222,2,346.6,2010-12-08 14:46:00,2011-03-28 11:51:00,1,3,2,6,"132","At Risk"
13650,17.0194444444444,6,1836.34,2011-03-17 12:37:00,2011-11-23 12:22:00,4,5,4,13,"454","Champions"
13651,35.9104166666667,2,94.2,2011-10-31 12:11:00,2011-11-04 14:59:00,3,3,1,7,"331","Others"
13652,46.1659722222222,3,1095.08,2010-12-06 09:21:00,2011-10-25 08:51:00,3,4,4,11,"344","Potential Loyalists"
13654,43.8513888888889,6,2707.33,2011-03-11 12:54:00,2011-10-27 16:24:00,3,5,5,13,"355","Champions"
13655,114.934027777778,2,932.97,2011-04-12 09:53:00,2011-08-17 14:25:00,2,3,3,8,"233","Needing Attention"
13656,165.096527777778,2,379.65,2011-01-06 15:42:00,2011-06-28 10:31:00,2,3,2,7,"232","At Risk"
13657,11.0125,2,382.14,2011-05-22 12:35:00,2011-11-29 12:32:00,5,3,2,10,"532","Potential Loyalists"
13658,10.1090277777778,5,2639.17,2011-05-19 17:15:00,2011-11-30 10:13:00,5,4,5,14,"545","Champions"
13659,206.009027777778,2,1573.2,2011-01-23 12:08:00,2011-05-18 12:37:00,1,3,4,8,"134","Needing Attention"
13662,86.0319444444444,3,897.76,2011-03-25 13:23:00,2011-09-15 12:04:00,2,4,3,9,"243","Needing Attention"
13663,179.879166666667,1,189.47,2011-06-13 15:44:00,2011-06-13 15:44:00,2,2,1,5,"221","Hibernating"
13666,60.8826388888889,3,84.65,2011-02-25 13:05:00,2011-10-10 15:39:00,3,4,1,8,"341","Others"
13667,149.880555555556,1,305.02,2011-07-13 15:42:00,2011-07-13 15:42:00,2,2,2,6,"222","At Risk"
13668,3.02708333333333,21,6363.59,2010-12-12 12:35:00,2011-12-07 12:11:00,5,5,5,15,"555","Champions"
13669,51.1375,2,218.55,2011-07-13 11:44:00,2011-10-20 09:32:00,3,3,1,7,"331","Others"
13670,75.8923611111111,1,349.7,2011-09-25 15:25:00,2011-09-25 15:25:00,2,2,2,6,"222","At Risk"
13672,301.95625,2,186.39,2011-01-11 13:54:00,2011-02-11 13:53:00,1,3,1,5,"131","Others"
13673,19.0270833333333,2,396.92,2011-11-07 15:40:00,2011-11-21 12:11:00,4,3,2,9,"432","Potential Loyalists"
13675,151.995138888889,2,486.82,2011-02-28 12:14:00,2011-07-11 12:57:00,2,3,2,7,"232","At Risk"
13678,152.108333333333,1,232.6,2011-07-11 10:14:00,2011-07-11 10:14:00,2,2,1,5,"221","Hibernating"
13680,1.96041666666667,4,3722.42,2011-01-04 14:12:00,2011-12-08 13:47:00,5,4,5,14,"545","Champions"
13681,18.0673611111111,4,827.83,2011-07-07 15:21:00,2011-11-22 11:13:00,4,4,3,11,"443","Loyal Customers"
13682,187.947222222222,1,59.5,2011-06-05 14:06:00,2011-06-05 14:06:00,1,2,1,4,"121","Hibernating"
13684,286.109027777778,1,67.23,2011-02-27 10:13:00,2011-02-27 10:13:00,1,2,1,4,"121","Hibernating"
13685,3.04791666666667,7,3119.44,2011-10-10 12:59:00,2011-12-07 11:41:00,5,5,5,15,"555","Champions"
13686,183.152777777778,1,72,2011-06-10 09:10:00,2011-06-10 09:10:00,1,2,1,4,"121","Hibernating"
13689,63.9784722222222,1,910,2011-10-07 13:21:00,2011-10-07 13:21:00,3,2,3,8,"323","Potential Loyalists"
13690,59.9076388888889,1,172.25,2011-10-11 15:03:00,2011-10-11 15:03:00,3,2,1,6,"321","Others"
13692,25.0645833333333,3,1488.32,2011-04-17 12:57:00,2011-11-15 11:17:00,4,4,4,12,"444","Loyal Customers"
13694,4.1375,50,65039.62,2010-12-01 12:12:00,2011-12-06 09:32:00,5,5,5,15,"555","Champions"
13695,31.9333333333333,15,2504.13,2011-03-25 11:31:00,2011-11-08 14:26:00,4,5,5,14,"455","Champions"
13697,39.15,1,151.3,2011-11-01 09:14:00,2011-11-01 09:14:00,3,2,1,6,"321","Others"
13699,155.832638888889,1,308.58,2011-07-07 16:51:00,2011-07-07 16:51:00,2,2,2,6,"222","At Risk"
13700,26.9930555555556,10,2265.12,2011-01-16 13:18:00,2011-11-13 13:00:00,4,5,5,14,"455","Champions"
13703,318.986111111111,1,99.5,2011-01-25 13:10:00,2011-01-25 13:10:00,1,2,1,4,"121","Hibernating"
13704,5.90069444444444,9,2308.06,2011-09-12 14:40:00,2011-12-04 15:13:00,5,5,5,15,"555","Champions"
13705,8.0125,3,711.86,2010-12-01 10:29:00,2011-12-02 12:32:00,5,4,3,12,"543","Loyal Customers"
13706,303.145138888889,1,330.79,2011-02-10 09:21:00,2011-02-10 09:21:00,1,2,2,5,"122","At Risk"
13707,267.782638888889,2,806.41,2011-01-28 13:27:00,2011-03-17 18:03:00,1,3,3,7,"133","Needing Attention"
13708,271.961111111111,1,296.88,2011-03-13 13:46:00,2011-03-13 13:46:00,1,2,2,5,"122","At Risk"
13709,4.09861111111111,13,6328.05,2011-01-28 14:57:00,2011-12-06 10:28:00,5,5,5,15,"555","Champions"
13710,32.1902777777778,1,180.48,2011-11-08 08:16:00,2011-11-08 08:16:00,4,2,1,7,"421","Others"
13711,219.096527777778,2,252.06,2011-05-05 10:29:00,2011-05-05 10:31:00,1,3,2,6,"132","At Risk"
13712,247.011805555556,1,228.84,2011-04-07 12:33:00,2011-04-07 12:33:00,1,2,1,4,"121","Hibernating"
13715,281.728472222222,5,1079.34,2010-12-02 08:52:00,2011-03-03 19:21:00,1,4,4,9,"144","Needing Attention"
13716,269.959027777778,1,138.28,2011-03-15 13:49:00,2011-03-15 13:49:00,1,2,1,4,"121","Hibernating"
13717,32.9423611111111,6,1445.01,2011-02-14 13:21:00,2011-11-07 14:13:00,4,5,4,13,"454","Champions"
13718,246.976388888889,2,306.55,2011-02-17 11:58:00,2011-04-07 13:24:00,1,3,2,6,"132","At Risk"
13719,15.8916666666667,5,1041.68,2011-04-19 13:56:00,2011-11-24 15:26:00,4,4,4,12,"444","Loyal Customers"
13720,117.002777777778,4,799.9,2011-03-30 09:17:00,2011-08-15 12:46:00,2,4,3,9,"243","Needing Attention"
13721,36.9479166666667,1,524.14,2011-11-03 14:05:00,2011-11-03 14:05:00,3,2,3,8,"323","Potential Loyalists"
13722,132.004166666667,3,2375.41,2011-03-02 11:43:00,2011-07-31 12:44:00,2,4,5,11,"245","Needing Attention"
13723,217.823611111111,1,199.85,2011-05-06 17:04:00,2011-05-06 17:04:00,1,2,1,4,"121","Hibernating"
13725,50.1159722222222,8,1980.56,2011-02-04 12:18:00,2011-10-21 10:03:00,3,5,4,12,"354","Potential Loyalists"
13726,39.0840277777778,2,1079.66,2011-08-31 11:06:00,2011-11-01 10:49:00,3,3,4,10,"334","Potential Loyalists"
13727,29.1277777777778,2,333.48,2011-11-06 12:16:00,2011-11-11 09:46:00,4,3,2,9,"432","Potential Loyalists"
13728,37.0840277777778,6,1016.14,2011-02-02 12:09:00,2011-11-03 10:49:00,3,5,4,12,"354","Potential Loyalists"
13730,136.177083333333,2,752.6,2011-07-01 12:47:00,2011-07-27 08:35:00,2,3,3,8,"233","Needing Attention"
13731,219.928472222222,2,610.59,2011-04-07 10:10:00,2011-05-04 14:33:00,1,3,3,7,"133","Needing Attention"
13732,28.8756944444444,1,491.86,2011-11-11 15:49:00,2011-11-11 15:49:00,4,2,3,9,"423","Potential Loyalists"
13735,25.0666666666667,4,2885.24,2011-04-19 13:49:00,2011-11-15 11:14:00,4,4,5,13,"445","Champions"
13736,5.89652777777778,2,731.9,2011-03-24 13:04:00,2011-12-04 15:19:00,5,3,3,11,"533","Loyal Customers"
13737,200.845833333333,1,339.6,2011-05-23 16:32:00,2011-05-23 16:32:00,1,2,2,5,"122","At Risk"
13739,18.96875,1,216.9,2011-11-21 13:35:00,2011-11-21 13:35:00,4,2,1,7,"421","Others"
13740,241.095833333333,1,350.75,2011-04-13 10:32:00,2011-04-13 10:32:00,1,2,2,5,"122","At Risk"
13741,72.1465277777778,3,668.43,2011-05-06 13:43:00,2011-09-29 09:19:00,2,4,3,9,"243","Needing Attention"
13742,17.0715277777778,12,3131.02,2011-01-23 14:59:00,2011-11-23 11:07:00,4,5,5,14,"455","Champions"
13743,3.11180555555556,7,1341.6,2011-03-25 14:46:00,2011-12-07 10:09:00,5,5,4,14,"554","Champions"
13744,95.8965277777778,2,1156.36,2011-02-20 14:08:00,2011-09-05 15:19:00,2,3,4,9,"234","Needing Attention"
13745,162.838194444444,1,300.04,2011-06-30 16:43:00,2011-06-30 16:43:00,2,2,2,6,"222","At Risk"
13747,374.092361111111,1,79.6,2010-12-01 10:37:00,2010-12-01 10:37:00,1,2,1,4,"121","Hibernating"
13748,96.1284722222222,5,948.25,2010-12-01 09:00:00,2011-09-05 09:45:00,2,4,4,10,"244","Needing Attention"
13750,54.0236111111111,5,1647.26,2011-01-07 11:49:00,2011-10-17 12:16:00,3,4,4,11,"344","Potential Loyalists"
13751,288.870833333333,1,296.25,2011-02-24 15:56:00,2011-02-24 15:56:00,1,2,2,5,"122","At Risk"
13752,124.940277777778,6,1186.28,2011-04-07 12:04:00,2011-08-07 14:16:00,2,5,4,11,"254","Needing Attention"
13753,288.001388888889,1,741.26,2011-02-25 12:48:00,2011-02-25 12:48:00,1,2,3,6,"123","At Risk"
13754,152.040972222222,2,282.6,2011-01-26 14:58:00,2011-07-11 11:51:00,2,3,2,7,"232","At Risk"
13755,4.01666666666667,9,2161.35,2011-10-07 15:45:00,2011-12-06 12:26:00,5,5,5,15,"555","Champions"
13756,2.8375,14,5189.52,2010-12-07 11:41:00,2011-12-07 16:44:00,5,5,5,15,"555","Champions"
13758,12.06875,7,3190.55,2010-12-01 12:08:00,2011-11-28 11:11:00,5,5,5,15,"555","Champions"
13759,33.91875,2,659.41,2011-09-29 15:40:00,2011-11-06 14:47:00,3,3,3,9,"333","Potential Loyalists"
13760,54.8590277777778,2,286.79,2011-03-28 12:52:00,2011-10-16 16:13:00,3,3,2,8,"332","Potential Loyalists"
13761,50.9506944444444,2,1070.65,2011-06-13 08:43:00,2011-10-20 14:01:00,3,3,4,10,"334","Potential Loyalists"
13762,219.149305555556,1,306.72,2011-05-05 09:15:00,2011-05-05 09:15:00,1,2,2,5,"122","At Risk"
13763,63.9006944444444,1,1714.96,2011-10-07 15:13:00,2011-10-07 15:13:00,3,2,4,9,"324","Potential Loyalists"
13764,71.0326388888889,3,1521.76,2011-01-06 14:53:00,2011-09-30 12:03:00,3,4,4,11,"344","Potential Loyalists"
13767,2.90972222222222,37,17220.36,2010-12-01 10:47:00,2011-12-07 15:00:00,5,5,5,15,"555","Champions"
13769,2.90416666666667,10,2796.51,2010-12-07 13:28:00,2011-12-07 15:08:00,5,5,5,15,"555","Champions"
13771,64.9388888888889,4,2634.45,2011-04-06 15:47:00,2011-10-06 14:18:00,3,4,5,12,"345","Potential Loyalists"
13772,34.0465277777778,3,1132.13,2011-04-14 12:31:00,2011-11-06 11:43:00,3,4,4,11,"344","Potential Loyalists"
13774,82.0305555555556,1,345,2011-09-19 12:06:00,2011-09-19 12:06:00,2,2,2,6,"222","At Risk"
13777,1.01736111111111,33,25977.16,2010-12-01 16:01:00,2011-12-09 12:25:00,5,5,5,15,"555","Champions"
13778,103.892361111111,1,178.7,2011-08-28 15:25:00,2011-08-28 15:25:00,2,2,1,5,"221","Hibernating"
13780,7.95902777777778,2,360.01,2011-06-22 11:43:00,2011-12-02 13:49:00,5,3,2,10,"532","Potential Loyalists"
13781,251.029166666667,1,127.84,2011-04-03 12:08:00,2011-04-03 12:08:00,1,2,1,4,"121","Hibernating"
13782,13.0388888888889,6,912,2011-01-16 11:08:00,2011-11-27 11:54:00,5,5,3,13,"553","Champions"
13784,10.1368055555556,11,2462.79,2011-01-11 14:38:00,2011-11-30 09:33:00,5,5,5,15,"555","Champions"
13786,367.95625,1,230.4,2010-12-07 13:53:00,2010-12-07 13:53:00,1,2,1,4,"121","Hibernating"
13787,76.0305555555556,2,309.04,2010-12-10 14:45:00,2011-09-25 12:06:00,2,3,2,7,"232","At Risk"
13790,4.87638888888889,1,348.8,2011-12-05 15:48:00,2011-12-05 15:48:00,5,2,2,9,"522","Potential Loyalists"
13791,128.045833333333,2,1516,2011-06-24 16:38:00,2011-08-04 11:44:00,2,3,4,9,"234","Needing Attention"
13792,66.9298611111111,2,195.55,2011-02-25 14:03:00,2011-10-04 14:31:00,3,3,1,7,"331","Others"
13798,1.87430555555556,57,37153.85,2010-12-02 17:24:00,2011-12-08 15:51:00,5,5,5,15,"555","Champions"
13799,117.029861111111,2,688.86,2011-02-18 14:18:00,2011-08-15 12:07:00,2,3,3,8,"233","Needing Attention"
13800,310.015972222222,1,558.32,2011-02-03 12:27:00,2011-02-03 12:27:00,1,2,3,6,"123","At Risk"
13801,67.1076388888889,1,324.8,2011-10-04 10:15:00,2011-10-04 10:15:00,3,2,2,7,"322","Potential Loyalists"
13802,139.080555555556,3,4599.42,2011-02-01 12:03:00,2011-07-24 10:54:00,2,4,5,11,"245","Needing Attention"
13803,255.995138888889,1,277.07,2011-03-29 12:57:00,2011-03-29 12:57:00,1,2,2,5,"122","At Risk"
13804,31.0125,7,2635.79,2011-02-23 09:09:00,2011-11-09 12:32:00,4,5,5,14,"455","Champions"
13805,52.9166666666667,2,924.6,2011-08-02 15:29:00,2011-10-18 14:50:00,3,3,3,9,"333","Potential Loyalists"
13806,64.0465277777778,1,256.38,2011-10-07 11:43:00,2011-10-07 11:43:00,3,2,2,7,"322","Potential Loyalists"
13807,367.876388888889,1,112.6,2010-12-07 15:48:00,2010-12-07 15:48:00,1,2,1,4,"121","Hibernating"
13808,6.02222222222222,5,1747.66,2011-09-04 12:07:00,2011-12-04 12:18:00,5,4,4,13,"544","Champions"
13809,305.982638888889,1,155.05,2011-02-07 13:15:00,2011-02-07 13:15:00,1,2,1,4,"121","Hibernating"
13810,29.1784722222222,3,1499.01,2011-10-14 12:57:00,2011-11-11 08:33:00,4,4,4,12,"444","Loyal Customers"
13811,184.122222222222,3,814.5,2011-04-14 18:40:00,2011-06-09 09:54:00,1,4,3,8,"143","Needing Attention"
13812,42.9326388888889,3,539,2011-08-26 12:54:00,2011-10-28 14:27:00,3,4,3,10,"343","Potential Loyalists"
13813,40.0916666666667,4,1366.86,2011-07-28 10:33:00,2011-10-31 10:38:00,3,4,4,11,"344","Potential Loyalists"
13814,92.9597222222222,2,1579.12,2011-07-25 13:54:00,2011-09-08 13:48:00,2,3,4,9,"234","Needing Attention"
13815,22.9381944444444,4,4027.36,2011-01-25 12:16:00,2011-11-17 14:19:00,4,4,5,13,"445","Champions"
13816,24.175,2,571.67,2011-10-06 14:37:00,2011-11-16 08:38:00,4,3,3,10,"433","Loyal Customers"
13817,29.7923611111111,2,382.98,2010-12-23 11:46:00,2011-11-10 17:49:00,4,3,2,9,"432","Potential Loyalists"
13819,302.091666666667,3,1140.35,2011-01-24 10:38:00,2011-02-11 10:38:00,1,4,4,9,"144","Needing Attention"
13821,145.125694444444,2,385.64,2011-03-23 11:30:00,2011-07-18 09:49:00,2,3,2,7,"232","At Risk"
13822,6.02569444444444,2,632,2011-10-30 15:55:00,2011-12-04 12:13:00,5,3,3,11,"533","Loyal Customers"
13823,19.1027777777778,2,957.66,2011-09-09 10:42:00,2011-11-21 10:22:00,4,3,4,11,"434","Loyal Customers"
13824,33.00625,5,1698.94,2011-02-02 13:07:00,2011-11-07 12:41:00,4,4,4,12,"444","Loyal Customers"
13826,176.959722222222,1,189.5,2011-06-16 13:48:00,2011-06-16 13:48:00,2,2,1,5,"221","Hibernating"
13827,58.0083333333333,3,412.05,2011-07-19 15:38:00,2011-10-13 12:38:00,3,4,2,9,"342","Potential Loyalists"
13828,22.8666666666667,1,209.49,2011-11-17 16:02:00,2011-11-17 16:02:00,4,2,1,7,"421","Others"
13831,16.88125,6,2202.99,2010-12-05 12:13:00,2011-11-23 15:41:00,4,5,5,14,"455","Champions"
13832,19.8847222222222,1,52.2,2011-11-20 15:36:00,2011-11-20 15:36:00,4,2,1,7,"421","Others"
13833,159.974305555556,1,384.8,2011-07-03 13:27:00,2011-07-03 13:27:00,2,2,2,6,"222","At Risk"
13835,25.8840277777778,4,834.57,2011-05-08 15:22:00,2011-11-14 15:37:00,4,4,3,11,"443","Loyal Customers"
13837,212.027777777778,2,271.24,2011-01-26 12:15:00,2011-05-12 12:10:00,1,3,2,6,"132","At Risk"
13838,6.07638888888889,4,691.73,2010-12-05 10:45:00,2011-12-04 11:00:00,5,4,3,12,"543","Loyal Customers"
13841,253.027777777778,1,85,2011-04-01 12:10:00,2011-04-01 12:10:00,1,2,1,4,"121","Hibernating"
13842,59.0826388888889,9,3385.62,2010-12-08 10:39:00,2011-10-12 10:51:00,3,5,5,13,"355","Champions"
13844,11.9784722222222,1,361.62,2011-11-28 13:21:00,2011-11-28 13:21:00,5,2,2,9,"522","Potential Loyalists"
13845,65.1840277777778,1,312.98,2011-10-06 08:25:00,2011-10-06 08:25:00,3,2,2,7,"322","Potential Loyalists"
13846,25.0298611111111,3,865.06,2010-12-14 16:07:00,2011-11-15 12:07:00,4,4,3,11,"443","Loyal Customers"
13848,92.9944444444444,3,1255,2010-12-08 15:10:00,2011-09-08 12:58:00,2,4,4,10,"244","Needing Attention"
13849,52.0770833333333,2,1537.95,2011-06-22 10:11:00,2011-10-19 10:59:00,3,3,4,10,"334","Potential Loyalists"
13850,129.948611111111,1,1595.48,2011-08-02 14:04:00,2011-08-02 14:04:00,2,2,4,8,"224","At Risk"
13851,96.0097222222222,3,2651.46,2011-02-24 17:18:00,2011-09-05 12:36:00,2,4,5,11,"245","Needing Attention"
13853,57.9388888888889,1,1090.14,2011-10-13 14:18:00,2011-10-13 14:18:00,3,2,4,9,"324","Potential Loyalists"
13854,9.15555555555556,25,8109.52,2010-12-09 10:48:00,2011-12-01 09:06:00,5,5,5,15,"555","Champions"
13856,169.115972222222,3,388.5,2011-05-20 13:13:00,2011-06-24 10:03:00,2,4,2,8,"242","At Risk"
13858,57.85625,1,216.17,2011-10-13 16:17:00,2011-10-13 16:17:00,3,2,1,6,"321","Others"
13859,326.858333333333,1,201.16,2011-01-17 16:14:00,2011-01-17 16:14:00,1,2,1,4,"121","Hibernating"
13860,1.99513888888889,5,1245.9,2011-09-14 09:27:00,2011-12-08 12:57:00,5,4,4,13,"544","Champions"
13862,18.8513888888889,8,2209.36,2011-01-11 15:13:00,2011-11-21 16:24:00,4,5,5,14,"455","Champions"
13863,248.104166666667,1,305.78,2011-04-06 10:20:00,2011-04-06 10:20:00,1,2,2,5,"122","At Risk"
13865,58.9715277777778,4,501.56,2011-02-23 12:04:00,2011-10-12 13:31:00,3,4,3,10,"343","Potential Loyalists"
13866,74.9138888888889,1,145.67,2011-09-26 14:54:00,2011-09-26 14:54:00,2,2,1,5,"221","Hibernating"
13867,31.8763888888889,3,1015.29,2011-05-05 17:28:00,2011-11-08 15:48:00,4,4,4,12,"444","Loyal Customers"
13868,7.84583333333333,2,3192.54,2011-11-01 12:45:00,2011-12-02 16:32:00,5,3,5,13,"535","Champions"
13869,123.95625,4,3104.95,2010-12-17 15:14:00,2011-08-08 13:53:00,2,4,5,11,"245","Needing Attention"
13870,2.97708333333333,8,2770.94,2011-02-25 09:09:00,2011-12-07 13:23:00,5,5,5,15,"555","Champions"
13871,23.0840277777778,13,6403.25,2011-02-04 09:30:00,2011-11-17 10:49:00,4,5,5,14,"455","Champions"
13873,120.1125,3,389.6,2011-02-03 09:37:00,2011-08-12 10:08:00,2,4,2,8,"242","At Risk"
13874,358.770833333333,1,540.45,2010-12-16 18:20:00,2010-12-16 18:20:00,1,2,3,6,"123","At Risk"
13875,54.1347222222222,5,1786.79,2011-02-11 15:39:00,2011-10-17 09:36:00,3,4,4,11,"344","Potential Loyalists"
13876,64.1027777777778,1,122.7,2011-10-07 10:22:00,2011-10-07 10:22:00,3,2,1,6,"321","Others"
13877,86.8756944444444,1,117.24,2011-09-14 15:49:00,2011-09-14 15:49:00,2,2,1,5,"221","Hibernating"
13878,55.0215277777778,1,1281.53,2011-10-16 12:19:00,2011-10-16 12:19:00,3,2,4,9,"324","Potential Loyalists"
13880,21.9625,13,3219.77,2010-12-07 14:00:00,2011-11-18 13:44:00,4,5,5,14,"455","Champions"
13881,4,20,17159.52,2011-02-01 10:14:00,2011-12-06 12:50:00,5,5,5,15,"555","Champions"
13882,3.06527777777778,5,1191.13,2011-10-06 15:28:00,2011-12-07 11:16:00,5,4,4,13,"544","Champions"
13883,11.0868055555556,5,2674.48,2011-03-31 17:17:00,2011-11-29 10:45:00,5,4,5,14,"545","Champions"
13884,7.84722222222222,5,787.6,2011-03-01 13:40:00,2011-12-02 16:30:00,5,4,3,12,"543","Loyal Customers"
13885,189.904861111111,2,506.8,2011-05-23 08:52:00,2011-06-03 15:07:00,1,3,3,7,"133","Needing Attention"
13886,71.98125,1,243.56,2011-09-29 13:17:00,2011-09-29 13:17:00,3,2,1,6,"321","Others"
13887,204.811111111111,1,349.55,2011-05-19 17:22:00,2011-05-19 17:22:00,1,2,2,5,"122","At Risk"
13888,120.109027777778,2,605.63,2011-05-05 14:41:00,2011-08-12 10:13:00,2,3,3,8,"233","Needing Attention"
13889,93.1506944444444,1,416.9,2011-09-08 09:13:00,2011-09-08 09:13:00,2,2,2,6,"222","At Risk"
13890,1.88472222222222,10,1883.81,2010-12-16 09:31:00,2011-12-08 15:36:00,5,5,4,14,"554","Champions"
13892,27.0416666666667,4,632.97,2011-04-07 12:04:00,2011-11-13 11:50:00,4,4,3,11,"443","Loyal Customers"
13893,298.055555555556,1,821.1,2011-02-15 11:30:00,2011-02-15 11:30:00,1,2,3,6,"123","At Risk"
13894,24.1291666666667,3,564.62,2011-02-02 12:54:00,2011-11-16 09:44:00,4,4,3,11,"443","Loyal Customers"
13895,28.8284722222222,4,2593.07,2011-06-28 10:17:00,2011-11-11 16:57:00,4,4,5,13,"445","Champions"
13897,50.9305555555556,1,311.16,2011-10-20 14:30:00,2011-10-20 14:30:00,3,2,2,7,"322","Potential Loyalists"
13898,326.098611111111,1,155.93,2011-01-18 10:28:00,2011-01-18 10:28:00,1,2,1,4,"121","Hibernating"
13899,16.9652777777778,2,388.52,2011-03-10 09:30:00,2011-11-23 13:40:00,4,3,2,9,"432","Potential Loyalists"
13900,183.725,3,740.95,2011-03-22 10:13:00,2011-06-09 19:26:00,1,4,3,8,"143","Needing Attention"
13901,72.9180555555556,5,2867.2,2011-01-25 09:01:00,2011-09-28 14:48:00,2,4,5,11,"245","Needing Attention"
13904,37.9645833333333,2,332.64,2011-02-18 11:18:00,2011-11-02 13:41:00,3,3,2,8,"332","Potential Loyalists"
13908,80.0423611111111,4,2369.55,2011-03-08 12:04:00,2011-09-21 11:49:00,2,4,5,11,"245","Needing Attention"
13911,57.8798611111111,9,2580.91,2011-02-04 14:46:00,2011-10-13 15:43:00,3,5,5,13,"355","Champions"
13914,12.09375,2,626.45,2011-11-03 16:28:00,2011-11-28 10:35:00,5,3,3,11,"533","Loyal Customers"
13917,50.1208333333333,2,272.04,2011-06-01 12:46:00,2011-10-21 09:56:00,3,3,2,8,"332","Potential Loyalists"
13918,50.0173611111111,2,1212.84,2011-03-31 18:05:00,2011-10-21 12:25:00,3,3,4,10,"334","Potential Loyalists"
13919,59.9347222222222,2,384.81,2011-08-10 10:15:00,2011-10-11 14:24:00,3,3,2,8,"332","Potential Loyalists"
13922,352.091666666667,1,172.25,2010-12-23 10:38:00,2010-12-23 10:38:00,1,2,1,4,"121","Hibernating"
13923,54.0118055555556,1,351.13,2011-10-17 12:33:00,2011-10-17 12:33:00,3,2,2,7,"322","Potential Loyalists"
13924,2.13263888888889,6,1838.85,2011-09-28 15:07:00,2011-12-08 09:39:00,5,5,4,14,"554","Champions"
13925,93.0020833333333,4,678.25,2011-07-28 12:09:00,2011-09-08 12:47:00,2,4,3,9,"243","Needing Attention"
13926,23.9819444444444,1,223.85,2011-11-16 13:16:00,2011-11-16 13:16:00,4,2,1,7,"421","Others"
13927,75.0347222222222,1,348.99,2011-09-26 12:00:00,2011-09-26 12:00:00,2,2,2,6,"222","At Risk"
13928,11.0951388888889,4,464.57,2011-07-29 15:59:00,2011-11-29 10:33:00,5,4,2,11,"542","Potential Loyalists"
13929,169.891666666667,2,842.65,2011-01-17 15:11:00,2011-06-23 15:26:00,2,3,3,8,"233","Needing Attention"
13930,58.1284722222222,2,337.34,2011-07-26 11:00:00,2011-10-13 09:45:00,3,3,2,8,"332","Potential Loyalists"
13931,96.1097222222222,2,1237.53,2011-03-04 08:43:00,2011-09-05 10:12:00,2,3,4,9,"234","Needing Attention"
13932,295.033333333333,1,307.4,2011-02-18 12:02:00,2011-02-18 12:02:00,1,2,2,5,"122","At Risk"
13933,109.949305555556,2,608.79,2011-07-14 13:35:00,2011-08-22 14:03:00,2,3,3,8,"233","Needing Attention"
13934,264.174305555556,1,922.1,2011-03-21 08:39:00,2011-03-21 08:39:00,1,2,3,6,"123","At Risk"
13936,180.16875,1,376.58,2011-06-13 08:47:00,2011-06-13 08:47:00,1,2,2,5,"122","At Risk"
13937,169.84375,1,158.85,2011-06-23 16:35:00,2011-06-23 16:35:00,2,2,1,5,"221","Hibernating"
13938,35.9256944444444,1,71.66,2011-11-04 14:37:00,2011-11-04 14:37:00,3,2,1,6,"321","Others"
13939,23.9701388888889,3,568.55,2011-02-01 11:30:00,2011-11-16 13:33:00,4,4,3,11,"443","Loyal Customers"
13940,17.8993055555556,4,839.14,2011-07-18 16:05:00,2011-11-22 15:15:00,4,4,3,11,"443","Loyal Customers"
13941,22.1298611111111,5,5112.96,2010-12-02 10:17:00,2011-11-18 09:43:00,4,4,5,13,"445","Champions"
13946,79.9701388888889,3,561.57,2011-03-17 10:02:00,2011-09-21 13:33:00,2,4,3,9,"243","Needing Attention"
13947,65.9222222222222,1,90.6,2011-10-05 14:42:00,2011-10-05 14:42:00,3,2,1,6,"321","Others"
13948,361.105555555556,1,102,2010-12-14 10:18:00,2010-12-14 10:18:00,1,2,1,4,"121","Hibernating"
13949,3.13541666666667,6,2427.32,2011-09-06 11:55:00,2011-12-07 09:35:00,5,5,5,15,"555","Champions"
13950,11.9208333333333,4,745.06,2011-04-07 11:29:00,2011-11-28 14:44:00,5,4,3,12,"543","Loyal Customers"
13951,176.838194444444,3,674.45,2011-02-18 15:21:00,2011-06-16 16:43:00,2,4,3,9,"243","Needing Attention"
13952,218.159722222222,2,3251.071,2011-04-15 09:27:00,2011-05-06 09:00:00,1,3,5,9,"135","Needing Attention"
13953,7.86527777777778,7,3515.68,2010-12-22 10:29:00,2011-12-02 16:04:00,5,5,5,15,"555","Champions"
13954,2,2,439.92,2011-09-30 10:52:00,2011-12-08 12:50:00,5,3,2,10,"532","Potential Loyalists"
13955,154.813194444444,2,322.96,2011-02-07 12:24:00,2011-07-08 17:19:00,2,3,2,7,"232","At Risk"
13956,5.97916666666667,5,1026.42,2011-03-13 12:51:00,2011-12-04 13:20:00,5,4,4,13,"544","Champions"
13959,79.9055555555556,3,598.2,2010-12-12 13:56:00,2011-09-21 15:06:00,2,4,3,9,"243","Needing Attention"
13960,21.8909722222222,2,230.22,2011-09-29 12:39:00,2011-11-18 15:27:00,4,3,1,8,"431","Others"
13962,22.16875,2,169.55,2011-04-08 11:21:00,2011-11-18 08:47:00,4,3,1,8,"431","Others"
13963,308.921527777778,4,664.54,2010-12-07 09:21:00,2011-02-04 14:43:00,1,4,3,8,"143","Needing Attention"
13967,146.033333333333,1,80.7,2011-07-17 12:02:00,2011-07-17 12:02:00,2,2,1,5,"221","Hibernating"
13969,7.90208333333333,18,9053.94,2010-12-09 19:32:00,2011-12-02 15:11:00,5,5,5,15,"555","Champions"
13971,19.0305555555556,8,2758.26,2011-02-27 12:27:00,2011-11-21 12:06:00,4,5,5,14,"455","Champions"
13972,71.0388888888889,2,190.25,2011-05-22 11:34:00,2011-09-30 11:54:00,3,3,1,7,"331","Others"
13973,287.895138888889,1,264.7,2011-02-25 15:21:00,2011-02-25 15:21:00,1,2,2,5,"122","At Risk"
13974,49.9229166666667,1,413.59,2011-10-21 14:41:00,2011-10-21 14:41:00,3,2,2,7,"322","Potential Loyalists"
13975,31.9798611111111,6,2526.28,2011-03-08 12:19:00,2011-11-08 13:19:00,4,5,5,14,"455","Champions"
13976,207.150694444444,1,357.98,2011-05-17 09:13:00,2011-05-17 09:13:00,1,2,2,5,"122","At Risk"
13978,15.0513888888889,2,196.79,2011-10-25 15:04:00,2011-11-25 11:36:00,4,3,1,8,"431","Others"
13979,73.9708333333333,1,869.87,2011-09-27 13:32:00,2011-09-27 13:32:00,2,2,3,7,"223","At Risk"
13980,60.9694444444444,1,200.14,2011-10-10 13:34:00,2011-10-10 13:34:00,3,2,1,6,"321","Others"
13982,39.8513888888889,4,1871.81,2010-12-09 13:57:00,2011-10-31 16:24:00,3,4,4,11,"344","Potential Loyalists"
13983,30.0722222222222,12,2603.43,2010-12-08 10:38:00,2011-11-10 11:06:00,4,5,5,14,"455","Champions"
13984,27.0083333333333,5,920.51,2010-12-08 15:58:00,2011-11-13 12:38:00,4,4,3,11,"443","Loyal Customers"
13985,4.82222222222222,15,7060.13,2011-03-20 13:48:00,2011-12-05 17:06:00,5,5,5,15,"555","Champions"
13986,17.9097222222222,1,320.46,2011-11-22 15:00:00,2011-11-22 15:00:00,4,2,2,8,"422","Potential Loyalists"
13988,20.1076388888889,6,4147.96,2011-03-30 11:48:00,2011-11-20 10:15:00,4,5,5,14,"455","Champions"
13989,66.1270833333333,2,1266.08,2011-04-14 15:39:00,2011-10-05 09:47:00,3,3,4,10,"334","Potential Loyalists"
13990,213.896527777778,1,311.3,2011-05-10 15:19:00,2011-05-10 15:19:00,1,2,2,5,"122","At Risk"
13991,12.8555555555556,6,855.97,2011-07-19 12:58:00,2011-11-27 16:18:00,5,5,3,13,"553","Champions"
13992,30.89375,1,76.8,2011-11-09 15:23:00,2011-11-09 15:23:00,4,2,1,7,"421","Others"
13993,43.1555555555556,9,3466.36,2011-01-13 10:43:00,2011-10-28 09:06:00,3,5,5,13,"355","Champions"
13994,4.07291666666667,6,2313.14,2011-07-14 18:28:00,2011-12-06 11:05:00,5,5,5,15,"555","Champions"
13995,15.9361111111111,5,1393.69,2011-04-08 08:20:00,2011-11-24 14:22:00,4,4,4,12,"444","Loyal Customers"
13999,10.9652777777778,12,3901.81,2010-12-13 11:23:00,2011-11-29 13:40:00,5,5,5,15,"555","Champions"
14000,211.833333333333,1,635.66,2011-05-12 16:50:00,2011-05-12 16:50:00,1,2,3,6,"123","At Risk"
14001,46.0965277777778,3,2043.08,2010-12-01 12:58:00,2011-10-25 10:31:00,3,4,4,11,"344","Potential Loyalists"
14002,134.871527777778,2,529.73,2011-07-06 14:59:00,2011-07-28 15:55:00,2,3,3,8,"233","Needing Attention"
14004,43.9236111111111,7,4582.64,2011-02-24 09:28:00,2011-10-27 14:40:00,3,5,5,13,"355","Champions"
14005,10.00625,5,2874.72,2011-05-08 10:33:00,2011-11-30 12:41:00,5,4,5,14,"545","Champions"
14006,116.132638888889,3,962.19,2011-01-31 15:11:00,2011-08-16 09:39:00,2,4,4,10,"244","Needing Attention"
14009,198.877083333333,2,695.61,2011-05-18 13:00:00,2011-05-25 15:47:00,1,3,3,7,"133","Needing Attention"
14012,278.016666666667,1,328.8,2011-03-07 12:26:00,2011-03-07 12:26:00,1,2,2,5,"122","At Risk"
14013,110.909027777778,3,473.02,2011-03-09 08:59:00,2011-08-21 15:01:00,2,4,2,8,"242","At Risk"
14014,77.9805555555556,1,505.18,2011-09-23 13:18:00,2011-09-23 13:18:00,2,2,3,7,"223","At Risk"
14015,53.1166666666667,1,917.34,2011-10-18 10:02:00,2011-10-18 10:02:00,3,2,3,8,"323","Potential Loyalists"
14016,162.05625,4,4341.21,2010-12-17 14:21:00,2011-07-01 11:29:00,2,4,5,11,"245","Needing Attention"
14019,47.1090277777778,3,1421.61,2011-07-24 15:39:00,2011-10-24 10:13:00,3,4,4,11,"344","Potential Loyalists"
14020,17.1444444444444,2,642.8,2011-09-12 15:32:00,2011-11-23 09:22:00,4,3,3,10,"433","Loyal Customers"
14021,155.877777777778,3,631.9,2011-03-28 15:10:00,2011-07-07 15:46:00,2,4,3,9,"243","Needing Attention"
14022,225.924305555556,1,440,2011-04-28 14:39:00,2011-04-28 14:39:00,1,2,2,5,"122","At Risk"
14023,7.95277777777778,2,584.07,2011-04-03 15:50:00,2011-12-02 13:58:00,5,3,3,11,"533","Loyal Customers"
14024,122.055555555556,2,327.7,2011-08-07 13:31:00,2011-08-10 11:30:00,2,3,2,7,"232","At Risk"
14027,61.1590277777778,1,104.82,2011-10-10 09:01:00,2011-10-10 09:01:00,3,2,1,6,"321","Others"
14029,63.9194444444444,2,467.66,2011-07-18 16:57:00,2011-10-07 14:46:00,3,3,2,8,"332","Potential Loyalists"
14030,18.8347222222222,8,2360.09,2010-12-08 16:11:00,2011-11-21 16:48:00,4,5,5,14,"455","Champions"
14031,7.81736111111111,19,17286.86,2010-12-02 16:34:00,2011-12-02 17:13:00,5,5,5,15,"555","Champions"
14032,2.89375,11,2975.59,2010-12-08 10:53:00,2011-12-07 15:23:00,5,5,5,15,"555","Champions"
14034,22.95,3,651.82,2011-07-05 13:06:00,2011-11-17 14:02:00,4,4,3,11,"443","Loyal Customers"
14035,29.1159722222222,5,1428.02,2011-02-15 12:48:00,2011-11-11 10:03:00,4,4,4,12,"444","Loyal Customers"
14036,285.141666666667,1,626.65,2011-02-28 09:26:00,2011-02-28 09:26:00,1,2,3,6,"123","At Risk"
14037,176.953472222222,2,147.2,2010-12-10 11:39:00,2011-06-16 13:57:00,2,3,1,6,"231","Others"
14038,78.9673611111111,3,1560.38,2011-05-16 14:05:00,2011-09-22 13:37:00,2,4,4,10,"244","Needing Attention"
14039,33.9597222222222,1,152.2,2011-11-06 13:48:00,2011-11-06 13:48:00,3,2,1,6,"321","Others"
14040,41.0055555555556,12,3614.92,2011-01-12 14:57:00,2011-10-30 12:42:00,3,5,5,13,"355","Champions"
14041,266.975694444444,1,141.41,2011-03-18 13:25:00,2011-03-18 13:25:00,1,2,1,4,"121","Hibernating"
14044,27.03125,4,652.82,2011-02-03 11:39:00,2011-11-13 12:05:00,4,4,3,11,"443","Loyal Customers"
14045,109.890972222222,4,1659.75,2010-12-01 11:32:00,2011-08-22 15:27:00,2,4,4,10,"244","Needing Attention"
14046,284.918055555556,1,154.99,2011-02-28 14:48:00,2011-02-28 14:48:00,1,2,1,4,"121","Hibernating"
14047,9.04652777777778,5,1308.61,2010-12-02 10:09:00,2011-12-01 11:43:00,5,4,4,13,"544","Champions"
14048,305.914583333333,1,409.93,2011-02-07 14:53:00,2011-02-07 14:53:00,1,2,2,5,"122","At Risk"
14049,17.0208333333333,4,5681.72,2011-01-26 11:27:00,2011-11-23 12:20:00,4,4,5,13,"445","Champions"
14050,32.1180555555556,2,746.36,2011-08-25 13:46:00,2011-11-08 10:00:00,4,3,3,10,"433","Loyal Customers"
14051,1.10416666666667,23,15610.39,2010-12-08 12:49:00,2011-12-09 10:20:00,5,5,5,15,"555","Champions"
14052,20.0138888888889,1,225.36,2011-11-20 12:30:00,2011-11-20 12:30:00,4,2,1,7,"421","Others"
14053,124.932638888889,2,260.25,2011-07-03 12:21:00,2011-08-07 14:27:00,2,3,2,7,"232","At Risk"
14054,65.8756944444444,1,92.46,2011-10-05 15:49:00,2011-10-05 15:49:00,3,2,1,6,"321","Others"
14055,106.906944444444,1,725.64,2011-08-25 15:04:00,2011-08-25 15:04:00,2,2,3,7,"223","At Risk"
14056,1.96805555555556,23,8214.65,2011-02-28 15:19:00,2011-12-08 13:36:00,5,5,5,15,"555","Champions"
14057,24.0958333333333,17,6217.96,2010-12-14 12:11:00,2011-11-16 10:32:00,4,5,5,14,"455","Champions"
14059,267.113888888889,1,183.6,2011-03-18 10:06:00,2011-03-18 10:06:00,1,2,1,4,"121","Hibernating"
14060,5.01458333333333,19,6140.42,2010-12-02 12:11:00,2011-12-05 12:29:00,5,5,5,15,"555","Champions"
14062,10.1152777777778,12,10464.85,2010-12-10 15:56:00,2011-11-30 10:04:00,5,5,5,15,"555","Champions"
14064,29.9833333333333,5,1353.74,2011-03-10 12:59:00,2011-11-10 13:14:00,4,4,4,12,"444","Loyal Customers"
14066,267.020138888889,1,152.55,2011-03-18 12:21:00,2011-03-18 12:21:00,1,2,1,4,"121","Hibernating"
14067,64.1034722222222,2,374.7,2011-09-04 12:00:00,2011-10-07 10:21:00,3,3,2,8,"332","Potential Loyalists"
14068,320.866666666667,1,265.85,2011-01-23 16:02:00,2011-01-23 16:02:00,1,2,2,5,"122","At Risk"
14071,4.01597222222222,8,1438.82,2011-03-20 11:33:00,2011-12-06 12:27:00,5,5,4,14,"554","Champions"
14073,32.8756944444444,1,151.04,2011-11-07 15:49:00,2011-11-07 15:49:00,4,2,1,7,"421","Others"
14075,5.175,3,942.26,2011-03-23 16:35:00,2011-12-05 08:38:00,5,4,3,12,"543","Loyal Customers"
14076,129.896527777778,1,122.47,2011-08-02 15:19:00,2011-08-02 15:19:00,2,2,1,5,"221","Hibernating"
14077,41.0104166666667,5,499.42,2011-03-10 15:52:00,2011-10-30 12:35:00,3,4,3,10,"343","Potential Loyalists"
14078,102.023611111111,6,1049.37,2010-12-01 12:54:00,2011-08-30 12:16:00,2,5,4,11,"254","Needing Attention"
14079,125.027777777778,1,375.1,2011-08-07 12:10:00,2011-08-07 12:10:00,2,2,2,6,"222","At Risk"
14080,33.0701388888889,1,45.6,2011-11-07 11:09:00,2011-11-07 11:09:00,3,2,1,6,"321","Others"
14081,302.85625,2,934.52,2010-12-05 15:47:00,2011-02-10 16:17:00,1,3,3,7,"133","Needing Attention"
14082,365.075,1,182.25,2010-12-10 11:02:00,2010-12-10 11:02:00,1,2,1,4,"121","Hibernating"
14083,4.98333333333333,9,1018.43,2010-12-03 12:24:00,2011-12-05 13:14:00,5,5,4,14,"554","Champions"
14085,2.96111111111111,18,4448.54,2010-12-06 12:39:00,2011-12-07 13:46:00,5,5,5,15,"555","Champions"
14087,3.00625,1,194.42,2011-12-07 12:41:00,2011-12-07 12:41:00,5,2,1,8,"521","Others"
14088,10.8569444444444,13,50491.81,2011-01-21 13:07:00,2011-11-29 16:16:00,5,5,5,15,"555","Champions"
14089,57.0916666666667,1,161,2011-10-14 10:38:00,2011-10-14 10:38:00,3,2,1,6,"321","Others"
14090,325.082638888889,1,76.32,2011-01-19 10:51:00,2011-01-19 10:51:00,1,2,1,4,"121","Hibernating"
14092,8.02569444444444,14,4076.91,2010-12-16 15:47:00,2011-12-02 12:13:00,5,5,5,15,"555","Champions"
14093,12.8493055555556,1,442.85,2011-11-27 16:27:00,2011-11-27 16:27:00,5,2,2,9,"522","Potential Loyalists"
14096,4.81458333333333,17,65164.79,2011-08-30 10:49:00,2011-12-05 17:17:00,5,5,5,15,"555","Champions"
14098,37.1090277777778,1,147.35,2011-11-03 10:13:00,2011-11-03 10:13:00,3,2,1,6,"321","Others"
14099,16.95625,11,3104.17,2010-12-20 11:14:00,2011-11-23 13:53:00,4,5,5,14,"455","Champions"
14100,138.075694444444,1,194.9,2011-07-25 11:01:00,2011-07-25 11:01:00,2,2,1,5,"221","Hibernating"
14101,74.0152777777778,6,5976.79,2011-01-17 13:09:00,2011-09-27 12:28:00,2,5,5,12,"255","Needing Attention"
14102,5.88333333333333,5,1360.28,2011-10-26 12:46:00,2011-12-04 15:38:00,5,4,4,13,"544","Champions"
14104,155,2,216.21,2011-06-27 12:49:00,2011-07-08 12:50:00,2,3,1,6,"231","Others"
14105,239.786111111111,1,1266.23,2011-04-14 17:58:00,2011-04-14 17:58:00,1,2,4,7,"124","At Risk"
14107,52.0263888888889,7,2703.23,2010-12-10 13:29:00,2011-10-19 12:12:00,3,5,5,13,"355","Champions"
14108,31.0895833333333,2,597.91,2011-08-30 11:32:00,2011-11-09 10:41:00,4,3,3,10,"433","Loyal Customers"
14109,73.1055555555556,1,144.2,2011-09-28 10:18:00,2011-09-28 10:18:00,2,2,1,5,"221","Hibernating"
14110,4.01666666666667,12,5683.15,2011-03-18 09:59:00,2011-12-06 12:26:00,5,5,5,15,"555","Champions"
14111,14.9625,4,692.85,2011-04-12 11:36:00,2011-11-25 13:44:00,4,4,3,11,"443","Loyal Customers"
14112,23.0138888888889,7,2915.15,2011-03-09 11:28:00,2011-11-17 12:30:00,4,5,5,14,"455","Champions"
14113,4.02222222222222,4,1840.42,2010-12-20 12:14:00,2011-12-06 12:18:00,5,4,4,13,"544","Champions"
14114,274.130555555556,2,386.53,2011-01-13 11:05:00,2011-03-11 09:42:00,1,3,2,6,"132","At Risk"
14116,20.0979166666667,5,1382.74,2011-08-10 12:44:00,2011-11-20 10:29:00,4,4,4,12,"444","Loyal Customers"
14117,144.125694444444,1,90,2011-07-19 09:49:00,2011-07-19 09:49:00,2,2,1,5,"221","Hibernating"
14121,4.02152777777778,4,2780.15,2011-10-11 10:39:00,2011-12-06 12:19:00,5,4,5,14,"545","Champions"
14124,84.9708333333333,1,419.58,2011-09-16 13:32:00,2011-09-16 13:32:00,2,2,2,6,"222","At Risk"
14125,11.0020833333333,3,2740.43,2011-09-22 15:40:00,2011-11-29 12:47:00,5,4,5,14,"545","Champions"
14126,8.04513888888889,3,706.13,2011-11-29 12:21:00,2011-12-02 11:45:00,5,4,3,12,"543","Loyal Customers"
14127,123.084027777778,3,709.71,2011-02-02 12:26:00,2011-08-09 10:49:00,2,4,3,9,"243","Needing Attention"
14128,61.0347222222222,2,637.5,2011-03-29 10:49:00,2011-10-10 12:00:00,3,3,3,9,"333","Potential Loyalists"
14129,2.075,5,1123.86,2011-03-24 08:44:00,2011-12-08 11:02:00,5,4,4,13,"544","Champions"
14130,319.864583333333,1,483.86,2011-01-24 16:05:00,2011-01-24 16:05:00,1,2,2,5,"122","At Risk"
14132,2.96875,11,3586.03,2011-06-09 12:04:00,2011-12-07 13:35:00,5,5,5,15,"555","Champions"
14133,130.052777777778,3,605.64,2011-01-28 11:27:00,2011-08-02 11:34:00,2,4,3,9,"243","Needing Attention"
14135,2.05,15,4690.31,2010-12-02 10:27:00,2011-12-08 11:38:00,5,5,5,15,"555","Champions"
14138,2.00416666666667,2,982.38,2011-10-07 09:38:00,2011-12-08 12:44:00,5,3,4,12,"534","Loyal Customers"
14139,46.9694444444444,1,415.82,2011-10-24 13:34:00,2011-10-24 13:34:00,3,2,2,7,"322","Potential Loyalists"
14140,4.15625,2,935.05,2011-11-08 11:20:00,2011-12-06 09:05:00,5,3,3,11,"533","Loyal Customers"
14141,3.12291666666667,4,915.13,2011-08-26 14:40:00,2011-12-07 09:53:00,5,4,3,12,"543","Loyal Customers"
14142,373.845138888889,1,311.81,2010-12-01 16:33:00,2010-12-01 16:33:00,1,2,2,5,"122","At Risk"
14143,134.126388888889,1,115.8,2011-07-29 09:48:00,2011-07-29 09:48:00,2,2,1,5,"221","Hibernating"
14145,47.0277777777778,4,3742.2,2011-05-06 13:01:00,2011-10-24 12:10:00,3,4,5,12,"345","Potential Loyalists"
14146,9.10555555555556,5,4191,2010-12-17 15:52:00,2011-12-01 10:18:00,5,4,5,14,"545","Champions"
14147,78.7777777777778,2,483.4,2011-02-27 11:42:00,2011-09-22 18:10:00,2,3,2,7,"232","At Risk"
14148,234.033333333333,1,157.2,2011-04-20 12:02:00,2011-04-20 12:02:00,1,2,1,4,"121","Hibernating"
14149,221.129166666667,1,446.62,2011-05-03 09:44:00,2011-05-03 09:44:00,1,2,2,5,"122","At Risk"
14150,36.1145833333333,2,658.64,2010-12-15 10:04:00,2011-11-04 10:05:00,3,3,3,9,"333","Potential Loyalists"
14152,75.9972222222222,2,621.29,2011-04-19 15:46:00,2011-09-25 12:54:00,2,3,3,8,"233","Needing Attention"
14154,239.85,2,1345.62,2011-04-14 15:58:00,2011-04-14 16:26:00,1,3,4,8,"134","Needing Attention"
14155,266.942361111111,1,118.75,2011-03-18 14:13:00,2011-03-18 14:13:00,1,2,1,4,"121","Hibernating"
14156,10.0805555555556,55,117379.63,2010-12-03 11:48:00,2011-11-30 10:54:00,5,5,5,15,"555","Champions"
14157,20.0541666666667,2,432.88,2011-02-27 13:04:00,2011-11-20 11:32:00,4,3,2,9,"432","Potential Loyalists"
14158,40.9041666666667,1,507.66,2011-10-30 15:08:00,2011-10-30 15:08:00,3,2,3,8,"323","Potential Loyalists"
14159,20.0097222222222,11,4693.01,2010-12-12 11:17:00,2011-11-20 12:36:00,4,5,5,14,"455","Champions"
14161,216.047916666667,3,1110.52,2010-12-05 13:18:00,2011-05-08 11:41:00,1,4,4,9,"144","Needing Attention"
14162,174.051388888889,2,289.36,2011-02-20 12:32:00,2011-06-19 11:36:00,2,3,2,7,"232","At Risk"
14163,87.8972222222222,4,2445.91,2011-04-14 17:33:00,2011-09-13 15:18:00,2,4,5,11,"245","Needing Attention"
14164,71.0180555555555,2,1631.77,2011-09-20 12:18:00,2011-09-30 12:24:00,3,3,4,10,"334","Potential Loyalists"
14165,276.007638888889,1,122.54,2011-03-09 12:39:00,2011-03-09 12:39:00,1,2,1,4,"121","Hibernating"
14167,39.93125,4,574.84,2011-01-12 15:44:00,2011-10-31 14:29:00,3,4,3,10,"343","Potential Loyalists"
14171,98.8381944444444,1,363.79,2011-09-02 16:43:00,2011-09-02 16:43:00,2,2,2,6,"222","At Risk"
14173,11.0388888888889,4,450.84,2011-05-04 14:03:00,2011-11-29 11:54:00,5,4,2,11,"542","Potential Loyalists"
14174,33.98125,1,134.46,2011-11-06 13:17:00,2011-11-06 13:17:00,3,2,1,6,"321","Others"
14175,60.0381944444444,3,3222.3,2011-01-14 12:22:00,2011-10-11 11:55:00,3,4,5,12,"345","Potential Loyalists"
14176,297.984722222222,4,576.9,2010-12-07 11:45:00,2011-02-15 13:12:00,1,4,3,8,"143","Needing Attention"
14177,86.9020833333333,4,559.41,2011-06-13 11:10:00,2011-09-14 15:11:00,2,4,3,9,"243","Needing Attention"
14178,9.03402777777778,7,1620.93,2011-06-10 12:51:00,2011-12-01 12:01:00,5,5,4,14,"554","Champions"
14179,41.0298611111111,2,719.78,2011-10-18 14:00:00,2011-10-30 12:07:00,3,3,3,9,"333","Potential Loyalists"
14180,11.0791666666667,25,4748.52,2010-12-02 13:08:00,2011-11-29 10:56:00,5,5,5,15,"555","Champions"
14184,67.0048611111111,1,452.89,2011-10-04 12:43:00,2011-10-04 12:43:00,3,2,2,7,"322","Potential Loyalists"
14185,331.956944444444,1,197.65,2011-01-12 13:52:00,2011-01-12 13:52:00,1,2,1,4,"121","Hibernating"
14188,31.0034722222222,6,2054.36,2011-02-02 13:46:00,2011-11-09 12:45:00,4,5,4,13,"454","Champions"
14189,2.87152777777778,15,4654.08,2010-12-06 11:42:00,2011-12-07 15:55:00,5,5,5,15,"555","Champions"
14191,2.14375,13,4684.76,2011-05-03 10:30:00,2011-12-08 09:23:00,5,5,5,15,"555","Champions"
14193,68.1361111111111,2,853.39,2011-03-15 11:38:00,2011-10-03 09:34:00,3,3,3,9,"333","Potential Loyalists"
14194,5.09166666666667,21,11349.52,2011-02-04 14:51:00,2011-12-05 10:38:00,5,5,5,15,"555","Champions"
14195,202.097916666667,2,1012,2011-04-01 16:50:00,2011-05-22 10:29:00,1,3,4,8,"134","Needing Attention"
14196,107.100694444444,1,335.52,2011-08-25 10:25:00,2011-08-25 10:25:00,2,2,2,6,"222","At Risk"
14198,18.84375,4,701.4,2011-04-14 14:54:00,2011-11-21 16:35:00,4,4,3,11,"443","Loyal Customers"
14199,218.9625,1,185.4,2011-05-05 13:44:00,2011-05-05 13:44:00,1,2,1,4,"121","Hibernating"
14201,60.9743055555556,7,747.44,2010-12-15 13:25:00,2011-10-10 13:27:00,3,5,3,11,"353","Potential Loyalists"
14204,2.96666666666667,1,161.03,2011-12-07 13:38:00,2011-12-07 13:38:00,5,2,1,8,"521","Others"
14205,17.0798611111111,2,466.7,2011-03-20 15:07:00,2011-11-23 10:55:00,4,3,2,9,"432","Potential Loyalists"
14206,239.841666666667,1,328.16,2011-04-14 16:38:00,2011-04-14 16:38:00,1,2,2,5,"122","At Risk"
14208,95.0013888888889,1,151.74,2011-09-06 12:48:00,2011-09-06 12:48:00,2,2,1,5,"221","Hibernating"
14209,11.1055555555556,6,2073.43,2011-01-11 12:56:00,2011-11-29 10:18:00,5,5,5,15,"555","Champions"
14210,106.009722222222,6,1905.84,2010-12-03 12:43:00,2011-08-26 12:36:00,2,5,4,11,"254","Needing Attention"
14211,53.9770833333333,9,2241.1,2011-02-17 15:50:00,2011-10-17 13:23:00,3,5,5,13,"355","Champions"
14212,90.0034722222222,1,1070.48,2011-09-11 12:45:00,2011-09-11 12:45:00,2,2,4,8,"224","At Risk"
14214,31.0965277777778,5,1004.38,2011-03-07 12:26:00,2011-11-09 10:31:00,4,4,4,12,"444","Loyal Customers"
14215,12.0215277777778,6,1789.72,2010-12-06 15:34:00,2011-11-28 12:19:00,5,5,4,14,"554","Champions"
14216,3.9125,4,1839.3,2011-11-02 10:51:00,2011-12-06 14:56:00,5,4,4,13,"544","Champions"
14217,2.03958333333333,17,2004.98,2010-12-08 13:28:00,2011-12-08 11:53:00,5,5,4,14,"554","Champions"
14218,43.1180555555556,1,169.48,2011-10-28 10:00:00,2011-10-28 10:00:00,3,2,1,6,"321","Others"
14219,4.85208333333333,1,89.94,2011-12-05 16:23:00,2011-12-05 16:23:00,5,2,1,8,"521","Others"
14220,247.977083333333,2,632.4,2010-12-16 18:18:00,2011-04-06 13:23:00,1,3,3,7,"133","Needing Attention"
14221,42.9638888888889,9,3432.8,2011-01-04 15:33:00,2011-10-28 13:42:00,3,5,5,13,"355","Champions"
14222,177.838888888889,1,683.17,2011-06-15 16:42:00,2011-06-15 16:42:00,2,2,3,7,"223","At Risk"
14223,92.9666666666667,3,991.13,2011-03-20 16:02:00,2011-09-08 13:38:00,2,4,4,10,"244","Needing Attention"
14224,110.976388888889,4,1050.12,2011-01-23 13:58:00,2011-08-21 13:24:00,2,4,4,10,"244","Needing Attention"
14226,29.0527777777778,5,2232.19,2011-03-15 15:36:00,2011-11-11 11:34:00,4,4,5,13,"445","Champions"
14227,26.8763888888889,10,3350.96,2011-02-28 12:27:00,2011-11-13 15:48:00,4,5,5,14,"455","Champions"
14229,52.1152777777778,3,1547.2,2011-01-10 12:03:00,2011-10-19 10:04:00,3,4,4,11,"344","Potential Loyalists"
14231,184.072916666667,3,925.71,2011-02-24 11:55:00,2011-06-09 11:05:00,1,4,3,8,"143","Needing Attention"
14232,43.0701388888889,5,2048.07,2011-03-20 12:44:00,2011-10-28 11:09:00,3,4,4,11,"344","Potential Loyalists"
14233,49.8722222222222,4,1462.72,2011-01-26 12:43:00,2011-10-21 15:54:00,3,4,4,11,"344","Potential Loyalists"
14234,22.7895833333333,4,775.46,2011-10-13 13:58:00,2011-11-17 17:53:00,4,4,3,11,"443","Loyal Customers"
14235,75.9256944444444,5,3144.86,2011-03-24 13:23:00,2011-09-25 14:37:00,2,4,5,11,"245","Needing Attention"
14236,81.1506944444444,2,490.86,2010-12-02 18:49:00,2011-09-20 09:13:00,2,3,3,8,"233","Needing Attention"
14237,373.979166666667,1,161,2010-12-01 13:20:00,2010-12-01 13:20:00,1,2,1,4,"121","Hibernating"
14238,326.923611111111,1,146.85,2011-01-17 14:40:00,2011-01-17 14:40:00,1,2,1,4,"121","Hibernating"
14239,43.9236111111111,11,2380.85,2011-01-27 14:45:00,2011-10-27 14:40:00,3,5,5,13,"355","Champions"
14240,30.9618055555556,2,890.34,2011-04-28 11:40:00,2011-11-09 13:45:00,4,3,3,10,"433","Loyal Customers"
14241,184.044444444444,1,213.7,2011-06-09 11:46:00,2011-06-09 11:46:00,1,2,1,4,"121","Hibernating"
14242,235.044444444444,2,280.55,2011-01-18 08:53:00,2011-04-19 11:46:00,1,3,2,6,"132","At Risk"
14243,9.06805555555556,10,2588.77,2010-12-09 08:34:00,2011-12-01 11:12:00,5,5,5,15,"555","Champions"
14245,220.173611111111,2,1693.45,2011-03-21 10:41:00,2011-05-04 08:40:00,1,3,4,8,"134","Needing Attention"
14246,111.041666666667,3,1474.06,2011-04-08 08:25:00,2011-08-21 11:50:00,2,4,4,10,"244","Needing Attention"
14247,278.895138888889,1,136.77,2011-03-06 15:21:00,2011-03-06 15:21:00,1,2,1,4,"121","Hibernating"
14248,318.920138888889,1,302.58,2011-01-25 14:45:00,2011-01-25 14:45:00,1,2,2,5,"122","At Risk"
14250,7.93055555555556,3,1904.05,2011-09-11 13:44:00,2011-12-02 14:30:00,5,4,4,13,"544","Champions"
14251,2.17916666666667,5,2879.7,2011-10-13 12:46:00,2011-12-08 08:32:00,5,4,5,14,"545","Champions"
14256,260.98125,2,969.06,2010-12-10 11:44:00,2011-03-24 13:17:00,1,3,4,8,"134","Needing Attention"
14257,64.8305555555555,5,3099.72,2011-01-25 10:49:00,2011-10-06 16:54:00,3,4,5,12,"345","Potential Loyalists"
14258,9.89097222222222,9,12669.98,2011-01-06 12:18:00,2011-11-30 15:27:00,5,5,5,15,"555","Champions"
14259,142.0875,1,120,2011-07-21 10:44:00,2011-07-21 10:44:00,2,2,1,5,"221","Hibernating"
14261,51.1152777777778,2,1163.45,2011-09-22 10:47:00,2011-10-20 10:04:00,3,3,4,10,"334","Potential Loyalists"
14262,8.93958333333333,8,2618.23,2011-04-13 12:23:00,2011-12-01 14:17:00,5,5,5,15,"555","Champions"
14264,155.104166666667,2,333.97,2011-04-08 12:20:00,2011-07-08 10:20:00,2,3,2,7,"232","At Risk"
14265,109.970833333333,2,530.18,2011-07-14 09:10:00,2011-08-22 13:32:00,2,3,3,8,"233","Needing Attention"
14267,163.111805555556,3,1516.24,2011-03-24 11:38:00,2011-06-30 10:09:00,2,4,4,10,"244","Needing Attention"
14270,332.136805555556,1,492.65,2011-01-12 09:33:00,2011-01-12 09:33:00,1,2,3,6,"123","At Risk"
14271,226.002083333333,1,112.32,2011-04-28 12:47:00,2011-04-28 12:47:00,1,2,1,4,"121","Hibernating"
14272,74.1125,2,437.96,2011-03-30 13:57:00,2011-09-27 10:08:00,2,3,2,7,"232","At Risk"
14273,51.9791666666667,4,559.97,2011-04-11 13:24:00,2011-10-19 13:20:00,3,4,3,10,"343","Potential Loyalists"
14276,99.1284722222222,3,1119.74,2011-02-23 09:38:00,2011-09-02 09:45:00,2,4,4,10,"244","Needing Attention"
14277,15.9090277777778,3,4216.2,2011-05-11 13:20:00,2011-11-24 15:01:00,4,4,5,13,"445","Champions"
14280,197.092361111111,1,134.04,2011-05-27 10:37:00,2011-05-27 10:37:00,1,2,1,4,"121","Hibernating"
14282,3.82361111111111,15,3729.34,2010-12-07 12:21:00,2011-12-06 17:04:00,5,5,5,15,"555","Champions"
14284,31.19375,2,595.25,2011-09-14 13:04:00,2011-11-09 08:11:00,4,3,3,10,"433","Loyal Customers"
14285,21.9166666666667,4,1910.01,2011-06-16 12:36:00,2011-11-18 14:50:00,4,4,4,12,"444","Loyal Customers"
14286,24.0944444444444,3,4628.75,2011-04-11 08:16:00,2011-11-16 10:34:00,4,4,5,13,"445","Champions"
14287,8.97569444444444,3,176.63,2011-05-25 11:41:00,2011-12-01 13:25:00,5,4,1,10,"541","Others"
14288,213.977777777778,1,426.6,2011-05-10 13:22:00,2011-05-10 13:22:00,1,2,2,5,"122","At Risk"
14289,9.04583333333333,6,911.26,2011-02-23 12:33:00,2011-12-01 11:44:00,5,5,3,13,"553","Champions"
14290,11.95,5,2314.65,2010-12-13 10:24:00,2011-11-28 14:02:00,5,4,5,14,"545","Champions"
14291,2.1,11,3883.25,2011-03-09 15:20:00,2011-12-08 10:26:00,5,5,5,15,"555","Champions"
14292,8.04166666666667,9,4871.93,2011-03-02 08:26:00,2011-12-02 11:50:00,5,5,5,15,"555","Champions"
14293,3.89791666666667,4,1046.56,2010-12-06 10:18:00,2011-12-06 15:17:00,5,4,4,13,"544","Champions"
14295,40.875,1,166.2,2011-10-30 15:50:00,2011-10-30 15:50:00,3,2,1,6,"321","Others"
14297,18.1555555555556,4,1305.33,2011-03-10 08:31:00,2011-11-22 09:06:00,4,4,4,12,"444","Loyal Customers"
14298,8.98472222222222,44,51527.3,2010-12-14 12:59:00,2011-12-01 13:12:00,5,5,5,15,"555","Champions"
14299,8.86458333333333,9,3965.62,2010-12-09 10:30:00,2011-12-01 16:05:00,5,5,5,15,"555","Champions"
14300,19.1618055555556,1,43.2,2011-11-21 08:57:00,2011-11-21 08:57:00,4,2,1,7,"421","Others"
14301,117.886805555556,1,640.14,2011-08-14 15:33:00,2011-08-14 15:33:00,2,2,3,7,"223","At Risk"
14304,223.041666666667,1,383.45,2011-05-01 11:50:00,2011-05-01 11:50:00,1,2,2,5,"122","At Risk"
14305,71.8895833333333,3,1858.96,2011-07-27 14:14:00,2011-09-29 15:29:00,3,4,4,11,"344","Potential Loyalists"
14306,51.9770833333333,2,2093.32,2011-09-15 10:31:00,2011-10-19 13:23:00,3,3,5,11,"335","Potential Loyalists"
14307,89.1333333333333,6,2995.72,2010-12-01 11:41:00,2011-09-12 09:38:00,2,5,5,12,"255","Needing Attention"
14309,8.97013888888889,9,2352.53,2010-12-16 13:05:00,2011-12-01 13:33:00,5,5,5,15,"555","Champions"
14311,243.108333333333,1,310.26,2011-04-11 10:14:00,2011-04-11 10:14:00,1,2,2,5,"122","At Risk"
14312,47.1277777777778,6,1611.59,2011-01-06 16:35:00,2011-10-24 09:46:00,3,5,4,12,"354","Potential Loyalists"
14314,107.090972222222,1,120,2011-08-25 10:39:00,2011-08-25 10:39:00,2,2,1,5,"221","Hibernating"
14315,45.0305555555556,6,2481.13,2011-03-18 12:59:00,2011-10-26 12:06:00,3,5,5,13,"355","Champions"
14317,65.0875,1,508.58,2011-10-06 10:44:00,2011-10-06 10:44:00,3,2,3,8,"323","Potential Loyalists"
14320,207.143055555556,2,477.79,2011-01-11 09:12:00,2011-05-17 09:24:00,1,3,2,6,"132","At Risk"
14321,11.1270833333333,5,1530.75,2011-01-10 11:35:00,2011-11-29 09:47:00,5,4,4,13,"544","Champions"
14323,115.050694444444,2,605.06,2011-04-15 11:44:00,2011-08-17 11:37:00,2,3,3,8,"233","Needing Attention"
14326,242.906944444444,1,183.85,2011-04-11 15:04:00,2011-04-11 15:04:00,1,2,1,4,"121","Hibernating"
14327,163.952777777778,1,311.65,2011-06-29 13:58:00,2011-06-29 13:58:00,2,2,2,6,"222","At Risk"
14329,17.875,7,5014.84,2011-01-14 13:42:00,2011-11-22 15:50:00,4,5,5,14,"455","Champions"
14331,124.98125,2,462.66,2011-07-27 15:14:00,2011-08-07 13:17:00,2,3,2,7,"232","At Risk"
14332,23.0388888888889,3,866.31,2011-07-15 10:33:00,2011-11-17 11:54:00,4,4,3,11,"443","Loyal Customers"
14333,68.0916666666667,1,415.2,2011-10-03 10:38:00,2011-10-03 10:38:00,3,2,2,7,"322","Potential Loyalists"
14334,17.1173611111111,8,2552.21,2010-12-16 17:37:00,2011-11-23 10:01:00,4,5,5,14,"455","Champions"
14335,16.9645833333333,2,468.26,2011-09-04 13:07:00,2011-11-23 13:41:00,4,3,2,9,"432","Potential Loyalists"
14336,17.0486111111111,4,1614.91,2011-03-08 16:48:00,2011-11-23 11:40:00,4,4,4,12,"444","Loyal Customers"
14338,161.945833333333,2,588.22,2011-05-27 13:30:00,2011-07-01 14:08:00,2,3,3,8,"233","Needing Attention"
14339,243.072222222222,1,309.52,2011-04-11 11:06:00,2011-04-11 11:06:00,1,2,2,5,"122","At Risk"
14340,219.129166666667,1,134.7,2011-05-05 09:44:00,2011-05-05 09:44:00,1,2,1,4,"121","Hibernating"
14341,45.8763888888889,8,2182.28,2011-01-25 13:55:00,2011-10-25 15:48:00,3,5,5,13,"355","Champions"
14342,21.9784722222222,4,668.56,2011-05-13 13:50:00,2011-11-18 13:21:00,4,4,3,11,"443","Loyal Customers"
14344,127.957638888889,8,889.93,2010-12-06 11:58:00,2011-08-04 13:51:00,2,5,3,10,"253","Needing Attention"
14345,39.1243055555556,1,108.98,2011-11-01 09:51:00,2011-11-01 09:51:00,3,2,1,6,"321","Others"
14346,121.127083333333,2,1021.58,2011-02-15 13:52:00,2011-08-11 09:47:00,2,3,4,9,"234","Needing Attention"
14348,260.852083333333,1,409.57,2011-03-24 16:23:00,2011-03-24 16:23:00,1,2,2,5,"122","At Risk"
14349,10.8826388888889,1,133.5,2011-11-29 15:39:00,2011-11-29 15:39:00,5,2,1,8,"521","Others"
14350,274.941666666667,1,282.93,2011-03-10 14:14:00,2011-03-10 14:14:00,1,2,2,5,"122","At Risk"
14351,165.0375,1,51,2011-06-28 11:56:00,2011-06-28 11:56:00,2,2,1,5,"221","Hibernating"
14352,157.88125,4,1078.96,2011-03-11 14:58:00,2011-07-05 15:41:00,2,4,4,10,"244","Needing Attention"
14353,215.863888888889,1,90.6,2011-05-08 16:06:00,2011-05-08 16:06:00,1,2,1,4,"121","Hibernating"
14354,6.05416666666667,2,163.62,2011-11-09 15:36:00,2011-12-04 11:32:00,5,3,1,9,"531","Others"
14355,366.023611111111,1,174.4,2010-12-09 12:16:00,2010-12-09 12:16:00,1,2,1,4,"121","Hibernating"
14356,80.1472222222222,2,701.23,2011-09-19 14:43:00,2011-09-21 09:18:00,2,3,3,8,"233","Needing Attention"
14357,43.8520833333333,1,225.77,2011-10-27 16:23:00,2011-10-27 16:23:00,3,2,1,6,"321","Others"
14359,19.98125,3,912.18,2011-09-13 09:03:00,2011-11-20 13:17:00,4,4,3,11,"443","Loyal Customers"
14360,32.1513888888889,4,2128.23,2011-09-06 11:58:00,2011-11-08 09:12:00,4,4,5,13,"445","Champions"
14362,22.9041666666667,1,161.2,2011-11-17 15:08:00,2011-11-17 15:08:00,4,2,1,7,"421","Others"
14364,109.075694444444,8,3717.35,2011-05-12 12:56:00,2011-08-23 11:01:00,2,5,5,12,"255","Needing Attention"
14367,8.97986111111111,16,9261.52,2011-03-08 14:12:00,2011-12-01 13:19:00,5,5,5,15,"555","Champions"
14368,320.123611111111,1,155,2011-01-24 09:52:00,2011-01-24 09:52:00,1,2,1,4,"121","Hibernating"
14371,295.84375,1,100.5,2011-02-17 16:35:00,2011-02-17 16:35:00,1,2,1,4,"121","Hibernating"
14373,358.881944444444,1,76.55,2010-12-16 15:40:00,2010-12-16 15:40:00,1,2,1,4,"121","Hibernating"
14375,185.9625,1,257.68,2011-06-07 13:44:00,2011-06-07 13:44:00,1,2,2,5,"122","At Risk"
14377,191.970833333333,2,617.05,2011-03-22 13:38:00,2011-06-01 13:32:00,1,3,3,7,"133","Needing Attention"
14379,44.8381944444444,2,348.1,2011-02-17 15:03:00,2011-10-26 16:43:00,3,3,2,8,"332","Potential Loyalists"
14381,52.8194444444444,1,202.68,2011-10-18 17:10:00,2011-10-18 17:10:00,3,2,1,6,"321","Others"
14382,26.8555555555556,1,626.07,2011-11-13 16:18:00,2011-11-13 16:18:00,4,2,3,9,"423","Potential Loyalists"
14383,38.8729166666667,3,1247.69,2011-06-29 10:18:00,2011-11-01 15:53:00,3,4,4,11,"344","Potential Loyalists"
14385,9.88472222222222,3,202.11,2011-11-16 11:55:00,2011-11-30 15:36:00,5,4,1,10,"541","Others"
14386,297.128472222222,1,142.4,2011-02-16 09:45:00,2011-02-16 09:45:00,1,2,1,4,"121","Hibernating"
14387,33.0145833333333,3,1770.56,2011-08-22 14:13:00,2011-11-07 12:29:00,4,4,4,12,"444","Loyal Customers"
14388,10.9708333333333,8,3212.84,2010-12-02 11:02:00,2011-11-29 13:32:00,5,5,5,15,"555","Champions"
14389,65.8979166666667,2,1043.46,2011-06-02 12:04:00,2011-10-05 15:17:00,3,3,4,10,"334","Potential Loyalists"
14390,10.9590277777778,9,4652.82,2010-12-02 11:57:00,2011-11-29 13:49:00,5,5,5,15,"555","Champions"
14393,218.773611111111,1,67.95,2011-05-05 18:16:00,2011-05-05 18:16:00,1,2,1,4,"121","Hibernating"
14395,2.92777777777778,9,3507.71,2010-12-02 18:15:00,2011-12-07 14:34:00,5,5,5,15,"555","Champions"
14396,65.8618055555555,2,487.99,2010-12-03 15:19:00,2011-10-05 16:09:00,3,3,2,8,"332","Potential Loyalists"
14397,3.14444444444444,19,2612.96,2011-05-10 12:25:00,2011-12-07 09:22:00,5,5,5,15,"555","Champions"
14400,149.875,1,574.7,2011-07-13 15:50:00,2011-07-13 15:50:00,2,2,3,7,"223","At Risk"
14401,4.97222222222222,13,4051.48,2010-12-15 09:07:00,2011-12-05 13:30:00,5,5,5,15,"555","Champions"
14403,130.995138888889,4,1475.81,2011-04-06 14:23:00,2011-08-01 12:57:00,2,4,4,10,"244","Needing Attention"
14404,34.0138888888889,6,1474.32,2010-12-05 16:00:00,2011-11-06 12:30:00,3,5,4,12,"354","Potential Loyalists"
14406,119.830555555556,1,156.75,2011-08-12 16:54:00,2011-08-12 16:54:00,2,2,1,5,"221","Hibernating"
14407,107.95,6,2157.73,2011-03-08 11:59:00,2011-08-24 14:02:00,2,5,5,12,"255","Needing Attention"
14408,11.0479166666667,7,2606.53,2011-03-20 14:41:00,2011-11-29 11:41:00,5,5,5,15,"555","Champions"
14409,71.7722222222222,6,2059.45,2010-12-06 15:03:00,2011-09-29 18:18:00,3,5,5,13,"355","Champions"
14410,92.9041666666667,9,1105.07,2011-02-07 09:36:00,2011-09-08 15:08:00,2,5,4,11,"254","Needing Attention"
14411,311.079166666667,1,1063,2011-02-02 10:56:00,2011-02-02 10:56:00,1,2,4,7,"124","At Risk"
14412,43.0868055555556,2,770.03,2011-09-28 08:48:00,2011-10-28 10:45:00,3,3,3,9,"333","Potential Loyalists"
14413,362.967361111111,1,122.7,2010-12-12 13:37:00,2010-12-12 13:37:00,1,2,1,4,"121","Hibernating"
14414,92.0284722222222,7,1496.98,2010-12-16 11:11:00,2011-09-09 12:09:00,2,5,4,11,"254","Needing Attention"
14415,1.925,13,5900.28,2010-12-14 13:31:00,2011-12-08 14:38:00,5,5,5,15,"555","Champions"
14416,22.8944444444444,2,490.22,2011-10-28 15:10:00,2011-11-17 15:22:00,4,3,3,10,"433","Loyal Customers"
14418,4.04930555555556,3,1937.25,2011-08-23 17:18:00,2011-12-06 11:39:00,5,4,4,13,"544","Champions"
14419,11.0611111111111,6,1058.06,2010-12-10 10:56:00,2011-11-29 11:22:00,5,5,4,14,"554","Champions"
14420,99.7798611111111,1,387.52,2011-09-01 18:07:00,2011-09-01 18:07:00,2,2,2,6,"222","At Risk"
14421,57.9763888888889,2,813.11,2011-05-12 10:49:00,2011-10-13 13:24:00,3,3,3,9,"333","Potential Loyalists"
14422,1.05833333333333,6,4263.64,2011-03-17 17:26:00,2011-12-09 11:26:00,5,5,5,15,"555","Champions"
14423,218.901388888889,1,265.2,2011-05-05 15:12:00,2011-05-05 15:12:00,1,2,2,5,"122","At Risk"
14424,18.0430555555556,1,322.08,2011-11-22 11:48:00,2011-11-22 11:48:00,4,2,2,8,"422","Potential Loyalists"
14426,24.0173611111111,10,4481.67,2011-01-31 09:51:00,2011-11-16 12:25:00,4,5,5,14,"455","Champions"
14427,50.9354166666667,2,363.34,2011-10-07 09:10:00,2011-10-20 14:23:00,3,3,2,8,"332","Potential Loyalists"
14428,7.98125,5,1244.83,2011-01-18 16:39:00,2011-12-02 13:17:00,5,4,4,13,"544","Champions"
14431,303.090277777778,1,470.36,2011-02-10 10:40:00,2011-02-10 10:40:00,1,2,2,5,"122","At Risk"
14432,10.1986111111111,6,2255.51,2011-09-11 14:09:00,2011-11-30 08:04:00,5,5,5,15,"555","Champions"
14434,22.1625,6,1372.8,2011-09-28 15:31:00,2011-11-18 08:56:00,4,5,4,13,"454","Champions"
14436,99.1090277777778,1,89.06,2011-09-02 10:13:00,2011-09-02 10:13:00,2,2,1,5,"221","Hibernating"
14437,366.140972222222,1,63,2010-12-09 09:27:00,2010-12-09 09:27:00,1,2,1,4,"121","Hibernating"
14438,306.9125,1,131.9,2011-02-06 14:56:00,2011-02-06 14:56:00,1,2,1,4,"121","Hibernating"
14439,320.049305555556,1,2661.24,2011-01-24 11:39:00,2011-01-24 11:39:00,1,2,5,8,"125","At Risk"
14440,8.88055555555556,5,2357.68,2010-12-09 12:49:00,2011-12-01 15:42:00,5,4,5,14,"545","Champions"
14441,1.15486111111111,4,1712.89,2011-03-29 12:01:00,2011-12-09 09:07:00,5,4,4,13,"544","Champions"
14442,205.051388888889,2,1589.82,2011-01-27 09:33:00,2011-05-19 11:36:00,1,3,4,8,"134","Needing Attention"
14443,54.1111111111111,4,1420.2,2010-12-06 11:03:00,2011-10-17 10:10:00,3,4,4,11,"344","Potential Loyalists"
14446,1.05277777777778,4,1039.58,2011-04-07 12:10:00,2011-12-09 11:34:00,5,4,4,13,"544","Champions"
14447,19.1819444444444,5,1163.23,2011-03-04 10:49:00,2011-11-21 08:28:00,4,4,4,12,"444","Loyal Customers"
14448,9.95833333333333,2,375.35,2010-12-10 17:26:00,2011-11-30 13:50:00,5,3,2,10,"532","Potential Loyalists"
14449,19.0305555555556,4,907.1,2010-12-02 14:09:00,2011-11-21 12:06:00,4,4,3,11,"443","Loyal Customers"
14450,181.086111111111,3,483.25,2011-01-23 11:53:00,2011-06-12 10:46:00,1,4,2,7,"142","At Risk"
14451,60.9666666666667,2,662.59,2011-05-29 12:35:00,2011-10-10 13:38:00,3,3,3,9,"333","Potential Loyalists"
14452,11.0305555555556,2,264.44,2011-09-07 11:32:00,2011-11-29 12:06:00,5,3,2,10,"532","Potential Loyalists"
14453,190.940972222222,1,119.93,2011-06-02 14:15:00,2011-06-02 14:15:00,1,2,1,4,"121","Hibernating"
14456,5.95208333333333,9,3062.4,2011-07-20 13:06:00,2011-12-04 13:59:00,5,5,5,15,"555","Champions"
14457,311.132638888889,1,113.64,2011-02-02 09:39:00,2011-02-02 09:39:00,1,2,1,4,"121","Hibernating"
14459,155.96875,1,1837.92,2011-07-07 13:35:00,2011-07-07 13:35:00,2,2,4,8,"224","At Risk"
14460,110.938194444444,3,434.34,2011-02-02 11:55:00,2011-08-21 14:19:00,2,4,2,8,"242","At Risk"
14461,148.81875,3,2103.06,2011-03-23 12:15:00,2011-07-14 17:11:00,2,4,5,11,"245","Needing Attention"
14462,66.8715277777778,11,2004.02,2011-01-04 12:45:00,2011-10-04 15:55:00,3,5,4,12,"354","Potential Loyalists"
14463,98.8958333333333,3,529.62,2011-05-18 14:42:00,2011-09-02 15:20:00,2,4,3,9,"243","Needing Attention"
14465,247.008333333333,3,1058.62,2011-02-10 12:13:00,2011-04-07 12:38:00,1,4,4,9,"144","Needing Attention"
14466,29.9465277777778,7,2272.4,2010-12-02 13:36:00,2011-11-10 14:07:00,4,5,5,14,"455","Champions"
14467,18.0013888888889,4,598.76,2011-01-31 12:35:00,2011-11-22 12:48:00,4,4,3,11,"443","Loyal Customers"
14470,12.0965277777778,2,461.19,2011-02-25 11:56:00,2011-11-28 10:31:00,5,3,2,10,"532","Potential Loyalists"
14472,104.075694444444,8,1936.84,2010-12-19 14:03:00,2011-08-28 11:01:00,2,5,4,11,"254","Needing Attention"
14473,74.9027777777778,2,234.34,2011-03-02 13:56:00,2011-09-26 15:10:00,2,3,1,6,"231","Others"
14474,46.975,1,547.66,2011-10-24 13:26:00,2011-10-24 13:26:00,3,2,3,8,"323","Potential Loyalists"
14475,72.0861111111111,3,925.85,2011-02-08 10:12:00,2011-09-29 10:46:00,2,4,3,9,"243","Needing Attention"
14476,257.882638888889,1,215.7,2011-03-27 15:39:00,2011-03-27 15:39:00,1,2,1,4,"121","Hibernating"
14477,20.06875,4,1309.6,2011-02-15 15:44:00,2011-11-20 11:11:00,4,4,4,12,"444","Loyal Customers"
14479,254.154861111111,2,316.25,2010-12-09 12:59:00,2011-03-31 09:07:00,1,3,2,6,"132","At Risk"
14480,11.84375,1,279.05,2011-11-28 16:35:00,2011-11-28 16:35:00,5,2,2,9,"522","Potential Loyalists"
14481,165.091666666667,2,636.51,2011-02-25 13:53:00,2011-06-28 10:38:00,2,3,3,8,"233","Needing Attention"
14482,18.9833333333333,6,2068.15,2011-04-14 16:41:00,2011-11-21 13:14:00,4,5,5,14,"455","Champions"
14483,282.1,1,137.1,2011-03-03 10:26:00,2011-03-03 10:26:00,1,2,1,4,"121","Hibernating"
14484,50.94375,1,321.92,2011-10-20 14:11:00,2011-10-20 14:11:00,3,2,2,7,"322","Potential Loyalists"
14485,39.0173611111111,1,165.75,2011-11-01 12:25:00,2011-11-01 12:25:00,3,2,1,6,"321","Others"
14487,27.0229166666667,6,1196.33,2010-12-06 13:22:00,2011-11-13 12:17:00,4,5,4,13,"454","Champions"
14488,68.1388888888889,1,1064.28,2011-10-03 09:30:00,2011-10-03 09:30:00,3,2,4,9,"324","Potential Loyalists"
14489,207.915972222222,1,463.38,2011-05-16 14:51:00,2011-05-16 14:51:00,1,2,2,5,"122","At Risk"
14491,175.894444444444,2,340.93,2010-12-02 12:10:00,2011-06-17 15:22:00,2,3,2,7,"232","At Risk"
14493,7.85833333333333,5,2383.24,2011-07-07 16:59:00,2011-12-02 16:14:00,5,4,5,14,"545","Champions"
14494,26.1451388888889,1,139.56,2011-11-14 09:21:00,2011-11-14 09:21:00,4,2,1,7,"421","Others"
14495,51.0152777777778,2,123.8,2011-08-10 14:13:00,2011-10-20 12:28:00,3,3,1,7,"331","Others"
14496,312.159027777778,2,538.81,2010-12-01 15:35:00,2011-02-01 09:01:00,1,3,3,7,"133","Needing Attention"
14497,309.825694444444,1,475.37,2011-02-03 17:01:00,2011-02-03 17:01:00,1,2,2,5,"122","At Risk"
14498,43.0284722222222,5,1957.32,2010-12-13 11:29:00,2011-10-28 12:09:00,3,4,4,11,"344","Potential Loyalists"
14499,26.9923611111111,3,815.32,2011-03-06 11:55:00,2011-11-13 13:01:00,4,4,3,11,"443","Loyal Customers"
14500,88.8368055555556,3,356.85,2011-06-03 10:08:00,2011-09-12 16:45:00,2,4,2,8,"242","At Risk"
14501,184.033333333333,2,251.21,2011-01-24 10:43:00,2011-06-09 12:02:00,1,3,2,6,"132","At Risk"
14502,20.0416666666667,11,2470.67,2011-01-30 15:52:00,2011-11-20 11:50:00,4,5,5,14,"455","Champions"
14503,3.97222222222222,6,3543.26,2011-06-14 10:00:00,2011-12-06 13:30:00,5,5,5,15,"555","Champions"
14504,47.8680555555556,4,673.26,2011-03-06 14:38:00,2011-10-23 16:00:00,3,4,3,10,"343","Potential Loyalists"
14505,17.8784722222222,8,5905.64,2010-12-12 16:14:00,2011-11-22 15:45:00,4,5,5,14,"455","Champions"
14506,17.9916666666667,5,2012.17,2010-12-05 14:25:00,2011-11-22 13:02:00,4,4,4,12,"444","Loyal Customers"
14507,24.0201388888889,6,1383.18,2011-03-08 17:23:00,2011-11-16 12:21:00,4,5,4,13,"454","Champions"
14508,22.7097222222222,2,276.42,2011-09-11 11:29:00,2011-11-17 19:48:00,4,3,2,9,"432","Potential Loyalists"
14511,11.8229166666667,5,1314.81,2011-07-29 12:13:00,2011-11-28 17:05:00,5,4,4,13,"544","Champions"
14512,188.007638888889,2,275.28,2011-04-21 19:05:00,2011-06-05 12:39:00,1,3,2,6,"132","At Risk"
14513,101.059027777778,3,455.59,2011-02-24 09:36:00,2011-08-31 11:25:00,2,4,2,8,"242","At Risk"
14514,61.8645833333333,3,1055.35,2011-01-12 15:22:00,2011-10-09 16:05:00,3,4,4,11,"344","Potential Loyalists"
14515,18.0506944444444,6,2102.09,2011-05-05 12:13:00,2011-11-22 11:37:00,4,5,5,14,"455","Champions"
14517,33.9375,2,330.45,2011-07-21 11:42:00,2011-11-06 14:20:00,3,3,2,8,"332","Potential Loyalists"
14518,64.9215277777778,1,174.37,2011-10-06 14:43:00,2011-10-06 14:43:00,3,2,1,6,"321","Others"
14520,2.12777777777778,2,270.6,2011-02-22 09:15:00,2011-12-08 09:46:00,5,3,2,10,"532","Potential Loyalists"
14522,24.9763888888889,4,974.54,2011-05-25 16:01:00,2011-11-15 13:24:00,4,4,4,12,"444","Loyal Customers"
14523,108.984027777778,1,241.09,2011-08-23 13:13:00,2011-08-23 13:13:00,2,2,1,5,"221","Hibernating"
14524,32.0145833333333,9,1867.68,2010-12-14 11:01:00,2011-11-08 12:29:00,4,5,4,13,"454","Champions"
14525,20.0506944444444,9,4332.2,2010-12-13 17:40:00,2011-11-20 11:37:00,4,5,5,14,"455","Champions"
14527,3.02152777777778,55,8508.82,2010-12-05 13:17:00,2011-12-07 12:19:00,5,5,5,15,"555","Champions"
14528,37.8201388888889,1,364.22,2011-11-02 17:09:00,2011-11-02 17:09:00,3,2,2,7,"322","Potential Loyalists"
14529,60.8909722222222,3,620.04,2011-08-21 14:10:00,2011-10-10 15:27:00,3,4,3,10,"343","Potential Loyalists"
14530,26.0916666666667,6,2925.91,2011-02-16 10:47:00,2011-11-14 10:38:00,4,5,5,14,"455","Champions"
14532,236.989583333333,4,932.85,2010-12-22 13:48:00,2011-04-17 13:05:00,1,4,3,8,"143","Needing Attention"
14533,25.03125,7,1949.72,2010-12-22 11:07:00,2011-11-15 12:05:00,4,5,4,13,"454","Champions"
14534,3.02152777777778,18,4447.05,2011-01-25 12:33:00,2011-12-07 12:19:00,5,5,5,15,"555","Champions"
14535,60.8826388888889,3,2864.19,2011-04-05 12:50:00,2011-10-10 15:39:00,3,4,5,12,"345","Potential Loyalists"
14536,260.020138888889,1,171.8,2011-03-25 12:21:00,2011-03-25 12:21:00,1,2,1,4,"121","Hibernating"
14537,58.0805555555556,1,355.56,2011-10-13 10:54:00,2011-10-13 10:54:00,3,2,2,7,"322","Potential Loyalists"
14538,65.0965277777778,2,388.25,2011-03-28 14:57:00,2011-10-06 10:31:00,3,3,2,8,"332","Potential Loyalists"
14539,16.125,2,537.48,2011-10-26 12:03:00,2011-11-24 09:50:00,4,3,3,10,"433","Loyal Customers"
14540,10.1076388888889,3,996.26,2011-02-03 15:02:00,2011-11-30 10:15:00,5,4,4,13,"544","Champions"
14541,59.1125,8,1461.65,2011-01-24 14:16:00,2011-10-12 10:08:00,3,5,4,12,"354","Potential Loyalists"
14542,186.188194444444,1,103.25,2011-06-07 08:19:00,2011-06-07 08:19:00,1,2,1,4,"121","Hibernating"
14543,29.0034722222222,16,3630.33,2010-12-10 11:51:00,2011-11-11 12:45:00,4,5,5,14,"455","Champions"
14544,24.9055555555556,2,2024.45,2010-12-13 12:50:00,2011-11-15 15:06:00,4,3,4,11,"434","Loyal Customers"
14546,5.99305555555556,5,2578.09,2011-04-05 12:37:00,2011-12-04 13:00:00,5,4,5,14,"545","Champions"
14547,4.07222222222222,8,4007.54,2011-10-16 14:35:00,2011-12-06 11:06:00,5,5,5,15,"555","Champions"
14548,151.021527777778,2,652.8,2011-01-26 08:38:00,2011-07-12 12:19:00,2,3,3,8,"233","Needing Attention"
14549,311.960416666667,1,289.24,2011-02-01 13:47:00,2011-02-01 13:47:00,1,2,2,5,"122","At Risk"
14550,11.0263888888889,2,765.62,2011-10-26 12:14:00,2011-11-29 12:12:00,5,3,3,11,"533","Loyal Customers"
14551,18.9680555555556,2,186.23,2011-05-19 18:21:00,2011-11-21 13:36:00,4,3,1,8,"431","Others"
14552,152.000694444444,1,165.07,2011-07-11 12:49:00,2011-07-11 12:49:00,2,2,1,5,"221","Hibernating"
14553,19.9791666666667,5,859.27,2011-01-04 15:40:00,2011-11-20 13:20:00,4,4,3,11,"443","Loyal Customers"
14554,10.8375,4,2381.04,2011-10-18 13:04:00,2011-11-29 16:44:00,5,4,5,14,"545","Champions"
14555,57.8513888888889,2,324.14,2011-02-10 17:19:00,2011-10-13 16:24:00,3,3,2,8,"332","Potential Loyalists"
14557,85.8763888888889,1,788.38,2011-09-15 15:48:00,2011-09-15 15:48:00,2,2,3,7,"223","At Risk"
14560,7.89444444444444,22,2237.77,2010-12-17 09:22:00,2011-12-02 15:22:00,5,5,5,15,"555","Champions"
14561,76.0076388888889,3,1080.76,2011-06-08 13:26:00,2011-09-25 12:39:00,2,4,4,10,"244","Needing Attention"
14562,4.07291666666667,18,5074.77,2011-02-08 14:45:00,2011-12-06 11:05:00,5,5,5,15,"555","Champions"
14565,96.1548611111111,4,3099.12,2010-12-13 13:25:00,2011-09-05 09:07:00,2,4,5,11,"245","Needing Attention"
14566,111.072916666667,1,1432,2011-08-21 11:05:00,2011-08-21 11:05:00,2,2,4,8,"224","At Risk"
14567,57.1034722222222,2,1530.36,2011-08-01 13:48:00,2011-10-14 10:21:00,3,3,4,10,"334","Potential Loyalists"
14569,1.91111111111111,1,227.39,2011-12-08 14:58:00,2011-12-08 14:58:00,5,2,1,8,"521","Others"
14570,281.077777777778,2,218.06,2011-03-04 10:39:00,2011-03-04 10:58:00,1,3,1,5,"131","Others"
14572,3.92361111111111,7,2832.84,2011-01-19 17:23:00,2011-12-06 14:40:00,5,5,5,15,"555","Champions"
14573,180.065972222222,9,1653.42,2010-12-02 19:59:00,2011-06-13 11:15:00,1,5,4,10,"154","Needing Attention"
14576,372.790972222222,1,35.4,2010-12-02 17:51:00,2010-12-02 17:51:00,1,2,1,4,"121","Hibernating"
14577,13.0020833333333,4,859.71,2010-12-12 11:26:00,2011-11-27 12:47:00,5,4,3,12,"543","Loyal Customers"
14578,3.81388888888889,1,168.63,2011-12-06 17:18:00,2011-12-06 17:18:00,5,2,1,8,"521","Others"
14581,17.0076388888889,1,138.6,2011-11-23 12:39:00,2011-11-23 12:39:00,4,2,1,7,"421","Others"
14582,41.0375,1,114.11,2011-10-30 11:56:00,2011-10-30 11:56:00,3,2,1,6,"321","Others"
14583,6.0125,5,1052.55,2011-05-18 11:28:00,2011-12-04 12:32:00,5,4,4,13,"544","Champions"
14584,169.761805555556,4,1042.26,2011-05-25 17:31:00,2011-06-23 18:33:00,2,4,4,10,"244","Needing Attention"
14585,50.9284722222222,1,157.05,2011-10-20 14:33:00,2011-10-20 14:33:00,3,2,1,6,"321","Others"
14586,277.115277777778,1,237.36,2011-03-08 10:04:00,2011-03-08 10:04:00,1,2,1,4,"121","Hibernating"
14587,19.0527777777778,9,1601.14,2011-01-12 13:16:00,2011-11-21 11:34:00,4,5,4,13,"454","Champions"
14589,372.047222222222,1,39.75,2010-12-03 11:42:00,2010-12-03 11:42:00,1,2,1,4,"121","Hibernating"
14591,15.9534722222222,4,1447.14,2011-05-10 14:09:00,2011-11-24 13:57:00,4,4,4,12,"444","Loyal Customers"
14592,35.84375,3,570.46,2011-10-06 18:08:00,2011-11-04 16:35:00,3,4,3,10,"343","Potential Loyalists"
14593,22.0013888888889,3,617.99,2011-05-25 11:14:00,2011-11-18 12:48:00,4,4,3,11,"443","Loyal Customers"
14594,7.97361111111111,2,379.83,2010-12-01 13:54:00,2011-12-02 13:28:00,5,3,2,10,"532","Potential Loyalists"
14595,20.0263888888889,6,1740.6,2011-01-30 13:36:00,2011-11-20 12:12:00,4,5,4,13,"454","Champions"
14597,11.9840277777778,2,883.15,2011-06-01 12:33:00,2011-11-28 13:13:00,5,3,3,11,"533","Loyal Customers"
14598,44.9798611111111,1,221.97,2011-10-26 13:19:00,2011-10-26 13:19:00,3,2,1,6,"321","Others"
14600,306.126388888889,1,393.33,2011-02-07 09:48:00,2011-02-07 09:48:00,1,2,2,5,"122","At Risk"
14601,11.1263888888889,1,213.96,2011-11-29 09:48:00,2011-11-29 09:48:00,5,2,1,8,"521","Others"
14603,275.099305555556,1,660,2011-03-10 10:27:00,2011-03-10 10:27:00,1,2,3,6,"123","At Risk"
14606,1.72361111111111,93,12156.65,2010-12-01 16:57:00,2011-12-08 19:28:00,5,5,5,15,"555","Champions"
14607,16.09375,14,16569.5,2011-03-23 15:22:00,2011-11-24 10:35:00,4,5,5,14,"455","Champions"
14608,4.83194444444444,4,1785.15,2010-12-12 14:49:00,2011-12-05 16:52:00,5,4,4,13,"544","Champions"
14609,72.9972222222222,4,601.56,2011-02-16 12:10:00,2011-09-28 12:54:00,2,4,3,9,"243","Needing Attention"
14616,243.122222222222,3,406.08,2011-01-26 12:42:00,2011-04-11 09:54:00,1,4,2,7,"142","At Risk"
14618,9.96180555555556,3,553.44,2011-01-06 11:59:00,2011-11-30 13:45:00,5,4,3,12,"543","Loyal Customers"
14619,246.217361111111,1,394.44,2011-04-08 07:37:00,2011-04-08 07:37:00,1,2,2,5,"122","At Risk"
14620,206.036111111111,2,412.78,2011-03-01 08:30:00,2011-05-18 11:58:00,1,3,2,6,"132","At Risk"
14621,1.85277777777778,5,1788.36,2010-12-16 13:00:00,2011-12-08 16:22:00,5,4,4,13,"544","Champions"
14622,185.005555555556,1,320.58,2011-06-08 12:42:00,2011-06-08 12:42:00,1,2,2,5,"122","At Risk"
14623,32.9541666666667,5,889.25,2011-04-18 13:54:00,2011-11-07 13:56:00,4,4,3,11,"443","Loyal Customers"
14624,57.9625,2,225.85,2011-10-11 14:39:00,2011-10-13 13:44:00,3,3,1,7,"331","Others"
14625,196.8875,2,899.63,2010-12-13 15:36:00,2011-05-27 15:32:00,1,3,3,7,"133","Needing Attention"
14626,24.0923611111111,4,2791.27,2011-04-20 13:18:00,2011-11-16 10:37:00,4,4,5,13,"445","Champions"
14628,91.9111111111111,2,671.96,2011-04-11 14:43:00,2011-09-09 14:58:00,2,3,3,8,"233","Needing Attention"
14629,4.82986111111111,2,959.01,2011-10-23 16:13:00,2011-12-05 16:55:00,5,3,4,12,"534","Loyal Customers"
14631,51.0645833333333,3,1006.98,2011-02-14 09:31:00,2011-10-20 11:17:00,3,4,4,11,"344","Potential Loyalists"
14632,263.167361111111,1,114.56,2011-03-22 08:49:00,2011-03-22 08:49:00,1,2,1,4,"121","Hibernating"
14633,266.821527777778,1,344.9,2011-03-18 17:07:00,2011-03-18 17:07:00,1,2,2,5,"122","At Risk"
14636,36.8597222222222,2,609.85,2011-03-16 09:52:00,2011-11-03 16:12:00,3,3,3,9,"333","Potential Loyalists"
14638,51.1111111111111,1,443.6,2011-10-20 10:10:00,2011-10-20 10:10:00,3,2,2,7,"322","Potential Loyalists"
14639,52.9055555555556,6,2984.49,2010-12-13 13:50:00,2011-10-18 15:06:00,3,5,5,13,"355","Champions"
14640,24.9881944444444,6,2125.08,2011-04-26 12:31:00,2011-11-15 13:07:00,4,5,5,14,"455","Champions"
14641,22.0888888888889,1,110.46,2011-11-18 10:42:00,2011-11-18 10:42:00,4,2,1,7,"421","Others"
14642,59.0708333333333,1,96.12,2011-10-12 11:08:00,2011-10-12 11:08:00,3,2,1,6,"321","Others"
14643,170.922916666667,2,693.81,2010-12-16 17:53:00,2011-06-22 14:41:00,2,3,3,8,"233","Needing Attention"
14644,68.1805555555556,2,830.76,2011-02-14 14:14:00,2011-10-03 08:30:00,3,3,3,9,"333","Potential Loyalists"
14645,157.149305555556,2,597.09,2011-03-09 09:52:00,2011-07-06 09:15:00,2,3,3,8,"233","Needing Attention"
14646,2.02638888888889,73,280206.02,2010-12-20 10:09:00,2011-12-08 12:12:00,5,5,5,15,"555","Champions"
14647,201.965277777778,1,243.22,2011-05-22 13:40:00,2011-05-22 13:40:00,1,2,1,4,"121","Hibernating"
14649,5.01388888888889,4,1417.29,2011-05-11 14:37:00,2011-12-05 12:30:00,5,4,4,13,"544","Champions"
14651,67.8736111111111,2,654.6,2011-05-12 16:29:00,2011-10-03 15:52:00,3,3,3,9,"333","Potential Loyalists"
14652,77.9368055555556,1,114.18,2011-09-23 14:21:00,2011-09-23 14:21:00,2,2,1,5,"221","Hibernating"
14653,1.96180555555556,7,1947.55,2011-01-05 13:40:00,2011-12-08 13:45:00,5,5,4,14,"554","Champions"
14655,8.84861111111111,4,1932.23,2011-05-01 14:59:00,2011-12-01 16:28:00,5,4,4,13,"544","Champions"
14656,169.957638888889,2,291.05,2011-03-01 13:19:00,2011-06-23 13:51:00,2,3,2,7,"232","At Risk"
14657,18.0020833333333,4,848.22,2011-01-17 15:19:00,2011-11-22 12:47:00,4,4,3,11,"443","Loyal Customers"
14658,5.88541666666667,2,247.15,2011-08-14 15:42:00,2011-12-04 15:35:00,5,3,1,9,"531","Others"
14659,9.02291666666667,9,2529.93,2011-01-28 12:43:00,2011-12-01 12:17:00,5,5,5,15,"555","Champions"
14660,87.0527777777778,2,285.74,2011-08-31 10:40:00,2011-09-14 11:34:00,2,3,2,7,"232","At Risk"
14661,27.0409722222222,1,107.95,2011-11-13 11:51:00,2011-11-13 11:51:00,4,2,1,7,"421","Others"
14662,29.0256944444444,4,771.17,2011-01-27 17:41:00,2011-11-11 12:13:00,4,4,3,11,"443","Loyal Customers"
14664,20.0770833333333,2,637.89,2011-11-06 14:56:00,2011-11-20 10:59:00,4,3,3,10,"433","Loyal Customers"
14665,61.15,5,1835.7,2011-02-02 09:08:00,2011-10-10 09:14:00,3,4,4,11,"344","Potential Loyalists"
14666,24.9951388888889,1,195.25,2011-11-15 12:57:00,2011-11-15 12:57:00,4,2,1,7,"421","Others"
14667,11.0555555555556,25,9241.2,2010-12-06 13:13:00,2011-11-29 11:30:00,5,5,5,15,"555","Champions"
14669,242.046527777778,3,1269.99,2011-01-11 12:30:00,2011-04-12 11:43:00,1,4,4,9,"144","Needing Attention"
14670,280.942361111111,2,411.53,2011-03-04 13:58:00,2011-03-04 14:13:00,1,3,2,6,"132","At Risk"
14672,235.104861111111,2,765.55,2011-01-07 15:48:00,2011-04-19 10:19:00,1,3,3,7,"133","Needing Attention"
14673,3.92986111111111,5,1736.4,2010-12-07 12:49:00,2011-12-06 14:31:00,5,4,4,13,"544","Champions"
14675,16.9944444444444,1,604.75,2011-11-23 12:58:00,2011-11-23 12:58:00,4,2,3,9,"423","Potential Loyalists"
14676,31.9729166666667,6,2548.24,2011-03-01 14:26:00,2011-11-08 13:29:00,4,5,5,14,"455","Champions"
14680,25.8270833333333,16,28754.11,2010-12-03 12:05:00,2011-11-14 16:59:00,4,5,5,14,"455","Champions"
14681,71.8736111111111,3,498.95,2011-05-12 10:45:00,2011-09-29 15:52:00,3,4,3,10,"343","Potential Loyalists"
14682,188.026388888889,2,52,2011-05-22 12:51:00,2011-06-05 12:12:00,1,3,1,5,"131","Others"
14684,26.0534722222222,5,1236.28,2010-12-12 12:44:00,2011-11-14 11:33:00,4,4,4,12,"444","Loyal Customers"
14687,107.035416666667,1,628.38,2011-08-25 11:59:00,2011-08-25 11:59:00,2,2,3,7,"223","At Risk"
14688,8.01666666666667,21,5630.87,2010-12-01 09:37:00,2011-12-02 12:26:00,5,5,5,15,"555","Champions"
14689,209.061111111111,1,112.8,2011-05-15 11:22:00,2011-05-15 11:22:00,1,2,1,4,"121","Hibernating"
14690,44.8826388888889,2,371.7,2011-07-11 11:58:00,2011-10-26 15:39:00,3,3,2,8,"332","Potential Loyalists"
14691,31.0138888888889,5,2114.33,2011-05-11 09:55:00,2011-11-09 12:30:00,4,4,5,13,"445","Champions"
14692,137.904166666667,4,591.55,2011-01-21 13:47:00,2011-07-25 15:08:00,2,4,3,9,"243","Needing Attention"
14693,265,1,172.9,2011-03-20 12:50:00,2011-03-20 12:50:00,1,2,1,4,"121","Hibernating"
14696,4.96319444444444,7,2078.95,2010-12-01 15:37:00,2011-12-05 13:43:00,5,5,5,15,"555","Champions"
14697,218.882638888889,2,188.61,2011-05-05 15:29:00,2011-05-05 15:39:00,1,3,1,5,"131","Others"
14698,2.01666666666667,5,1250.76,2011-10-19 12:54:00,2011-12-08 12:26:00,5,4,4,13,"544","Champions"
14699,214.913888888889,1,109.13,2011-05-09 14:54:00,2011-05-09 14:54:00,1,2,1,4,"121","Hibernating"
14700,32.9236111111111,3,2235.3,2011-04-15 13:16:00,2011-11-07 14:40:00,4,4,5,13,"445","Champions"
14701,11.0083333333333,9,2549.37,2011-01-27 12:40:00,2011-11-29 12:38:00,5,5,5,15,"555","Champions"
14702,1.72291666666667,17,3292.14,2010-12-09 19:23:00,2011-12-08 19:29:00,5,5,5,15,"555","Champions"
14703,15.14375,1,318.17,2011-11-25 09:23:00,2011-11-25 09:23:00,4,2,2,8,"422","Potential Loyalists"
14704,11.9993055555556,9,1546.91,2011-06-12 13:59:00,2011-11-28 12:51:00,5,5,4,14,"554","Champions"
14705,199.007638888889,1,179,2011-05-25 12:39:00,2011-05-25 12:39:00,1,2,1,4,"121","Hibernating"
14708,3.18680555555556,3,1126.37,2010-12-06 12:23:00,2011-12-07 08:21:00,5,4,4,13,"544","Champions"
14709,15.88125,13,4921.04,2010-12-16 13:43:00,2011-11-24 15:41:00,4,5,5,14,"455","Champions"
14710,14.9145833333333,4,606.13,2011-10-11 13:49:00,2011-11-25 14:53:00,4,4,3,11,"443","Loyal Customers"
14711,10.9111111111111,11,2868.8,2011-03-22 13:32:00,2011-11-29 14:58:00,5,5,5,15,"555","Champions"
14712,29.99375,3,917.07,2011-08-19 13:33:00,2011-11-10 12:59:00,4,4,3,11,"443","Loyal Customers"
14713,9.85,11,2666.36,2010-12-09 18:58:00,2011-11-30 16:26:00,5,5,5,15,"555","Champions"
14714,24.9881944444444,1,160.19,2011-11-15 13:07:00,2011-11-15 13:07:00,4,2,1,7,"421","Others"
14715,25.0277777777778,4,867.38,2011-01-12 13:27:00,2011-11-15 12:10:00,4,4,3,11,"443","Loyal Customers"
14716,43.80625,2,329.68,2011-07-14 12:42:00,2011-10-27 17:29:00,3,3,2,8,"332","Potential Loyalists"
14719,2.00486111111111,5,1602.13,2011-04-04 14:17:00,2011-12-08 12:43:00,5,4,4,13,"544","Champions"
14720,6.03333333333333,3,663.81,2011-08-05 12:06:00,2011-12-04 12:02:00,5,4,3,12,"543","Loyal Customers"
14722,147.911111111111,1,187.92,2011-07-15 14:58:00,2011-07-15 14:58:00,2,2,1,5,"221","Hibernating"
14723,10.89375,6,1158.3,2010-12-03 14:18:00,2011-11-29 15:23:00,5,5,4,14,"554","Champions"
14725,25.0055555555556,1,718.08,2011-11-15 12:42:00,2011-11-15 12:42:00,4,2,3,9,"423","Potential Loyalists"
14727,274.920138888889,1,268.58,2011-03-10 14:45:00,2011-03-10 14:45:00,1,2,2,5,"122","At Risk"
14729,374.004861111111,1,313.49,2010-12-01 12:43:00,2010-12-01 12:43:00,1,2,2,5,"122","At Risk"
14730,1.92430555555556,8,2005.06,2011-03-08 12:49:00,2011-12-08 14:39:00,5,5,4,14,"554","Champions"
14731,47.8722222222222,3,380.02,2011-05-11 13:06:00,2011-10-23 15:54:00,3,4,2,9,"342","Potential Loyalists"
14732,8.92777777777778,8,2702.49,2011-01-04 14:40:00,2011-12-01 14:34:00,5,5,5,15,"555","Champions"
14733,16.8826388888889,12,9585.91,2010-12-07 11:30:00,2011-11-23 15:39:00,4,5,5,14,"455","Champions"
14735,4.02847222222222,32,6065.69,2010-12-16 16:05:00,2011-12-06 12:09:00,5,5,5,15,"555","Champions"
14737,4.10694444444444,3,1164.55,2010-12-21 13:49:00,2011-12-06 10:16:00,5,4,4,13,"544","Champions"
14738,43.1625,7,1314.45,2011-01-27 14:10:00,2011-10-28 08:56:00,3,5,4,12,"354","Potential Loyalists"
14739,4.83055555555556,7,3902.28,2010-12-07 14:58:00,2011-12-05 16:54:00,5,5,5,15,"555","Champions"
14740,197.772916666667,3,1448.21,2011-03-01 08:35:00,2011-05-26 18:17:00,1,4,4,9,"144","Needing Attention"
14741,12.1680555555556,6,1400.34,2010-12-02 08:43:00,2011-11-28 08:48:00,5,5,4,14,"554","Champions"
14744,16.9993055555556,7,1099.98,2010-12-08 10:21:00,2011-11-23 12:51:00,4,5,4,13,"454","Champions"
14745,113.114583333333,5,1220.26,2011-02-27 15:25:00,2011-08-19 10:05:00,2,4,4,10,"244","Needing Attention"
14747,249.945138888889,1,328.2,2011-04-04 14:09:00,2011-04-04 14:09:00,1,2,2,5,"122","At Risk"
14748,29.7618055555556,5,1415.75,2010-12-06 10:19:00,2011-11-10 18:33:00,4,4,4,12,"444","Loyal Customers"
14752,44.0381944444444,1,389.64,2011-10-27 11:55:00,2011-10-27 11:55:00,3,2,2,7,"322","Potential Loyalists"
14753,87.9166666666667,1,563.15,2011-09-13 14:50:00,2011-09-13 14:50:00,2,2,3,7,"223","At Risk"
14754,45.0340277777778,2,638.05,2011-02-17 12:21:00,2011-10-26 12:01:00,3,3,3,9,"333","Potential Loyalists"
14755,10.0597222222222,11,5010.28,2011-01-09 14:02:00,2011-11-30 11:24:00,5,5,5,15,"555","Champions"
14756,15.7756944444444,1,738.96,2011-11-24 18:13:00,2011-11-24 18:13:00,4,2,3,9,"423","Potential Loyalists"
14757,75.9263888888889,1,420.5,2011-09-25 14:36:00,2011-09-25 14:36:00,2,2,2,6,"222","At Risk"
14758,145.186805555556,4,1484.06,2011-03-25 12:10:00,2011-07-18 08:21:00,2,4,4,10,"244","Needing Attention"
14759,5.03263888888889,3,1625.97,2011-04-21 10:55:00,2011-12-05 12:03:00,5,4,4,13,"544","Champions"
14760,297.849305555556,1,89.2,2011-02-15 16:27:00,2011-02-15 16:27:00,1,2,1,4,"121","Hibernating"
14761,59.0277777777778,2,255.9,2011-01-09 12:03:00,2011-10-12 12:10:00,3,3,2,8,"332","Potential Loyalists"
14762,264.1875,1,300.52,2011-03-21 08:20:00,2011-03-21 08:20:00,1,2,2,5,"122","At Risk"
14764,47.0388888888889,1,278.3,2011-10-24 11:54:00,2011-10-24 11:54:00,3,2,2,7,"322","Potential Loyalists"
14765,29.70625,3,254.11,2011-06-16 19:49:00,2011-11-10 19:53:00,4,4,2,10,"442","Potential Loyalists"
14766,8.86458333333333,6,2473.37,2010-12-08 15:33:00,2011-12-01 16:05:00,5,5,5,15,"555","Champions"
14768,17.9972222222222,2,192.6,2011-08-04 13:25:00,2011-11-22 12:54:00,4,3,1,8,"431","Others"
14769,3.10138888888889,8,10674.75,2010-12-17 11:40:00,2011-12-07 10:24:00,5,5,5,15,"555","Champions"
14770,232.936805555556,2,876.42,2011-01-20 15:00:00,2011-04-21 14:21:00,1,3,3,7,"133","Needing Attention"
14772,112.906944444444,1,139.26,2011-08-19 15:04:00,2011-08-19 15:04:00,2,2,1,5,"221","Hibernating"
14775,58.8909722222222,3,1011.9,2010-12-02 16:38:00,2011-10-12 15:27:00,3,4,4,11,"344","Potential Loyalists"
14776,51.8861111111111,11,2538.3,2011-01-31 13:17:00,2011-10-19 15:34:00,3,5,5,13,"355","Champions"
14778,127.89375,2,730.86,2011-02-04 11:43:00,2011-08-04 15:23:00,2,3,3,8,"233","Needing Attention"
14779,281.005555555556,3,386.15,2011-01-20 12:04:00,2011-03-04 12:42:00,1,4,2,7,"142","At Risk"
14780,55.0027777777778,2,447.68,2011-09-21 15:15:00,2011-10-16 12:46:00,3,3,2,8,"332","Potential Loyalists"
14782,320.068055555556,1,200.1,2011-01-24 11:12:00,2011-01-24 11:12:00,1,2,1,4,"121","Hibernating"
14784,26.9722222222222,2,289.99,2011-01-20 09:25:00,2011-11-13 13:30:00,4,3,2,9,"432","Potential Loyalists"
14785,10.9784722222222,2,77.4,2011-11-24 13:40:00,2011-11-29 13:21:00,5,3,1,9,"531","Others"
14788,7.82222222222222,2,679.44,2011-11-13 15:52:00,2011-12-02 17:06:00,5,3,3,11,"533","Loyal Customers"
14789,29.1604166666667,1,197.64,2011-11-11 08:59:00,2011-11-11 08:59:00,4,2,1,7,"421","Others"
14790,17.1402777777778,4,745.06,2011-03-31 11:49:00,2011-11-23 09:28:00,4,4,3,11,"443","Loyal Customers"
14792,64.1465277777778,1,6.2,2011-10-07 09:19:00,2011-10-07 09:19:00,3,2,1,6,"321","Others"
14793,21.9166666666667,1,228.99,2011-11-18 14:50:00,2011-11-18 14:50:00,4,2,1,7,"421","Others"
14794,3.11041666666667,7,1319.91,2011-01-09 16:11:00,2011-12-07 10:11:00,5,5,4,14,"554","Champions"
14795,166.990277777778,1,131.45,2011-06-26 13:04:00,2011-06-26 13:04:00,2,2,1,5,"221","Hibernating"
14796,1.88819444444444,17,8022.49,2010-12-08 10:40:00,2011-12-08 15:31:00,5,5,5,15,"555","Champions"
14798,53.0777777777778,3,173.74,2011-02-02 15:26:00,2011-10-18 10:58:00,3,4,1,8,"341","Others"
14799,51.8569444444444,1,157.7,2011-10-19 16:16:00,2011-10-19 16:16:00,3,2,1,6,"321","Others"
14800,48.0027777777778,12,4339.74,2010-12-05 11:10:00,2011-10-23 12:46:00,3,5,5,13,"355","Champions"
14801,61.8930555555556,1,193.14,2011-10-09 15:24:00,2011-10-09 15:24:00,3,2,1,6,"321","Others"
14803,162.952777777778,3,845.55,2011-02-20 13:21:00,2011-06-30 13:58:00,2,4,3,9,"243","Needing Attention"
14804,9.0625,1,353.27,2011-12-01 11:20:00,2011-12-01 11:20:00,5,2,2,9,"522","Potential Loyalists"
14805,15.8541666666667,4,554.65,2011-01-30 10:43:00,2011-11-24 16:20:00,4,4,3,11,"443","Loyal Customers"
14806,75.8875,1,193.39,2011-09-25 15:32:00,2011-09-25 15:32:00,2,2,1,5,"221","Hibernating"
14808,40.0201388888889,8,2741.17,2011-06-20 12:53:00,2011-10-31 12:21:00,3,5,5,13,"355","Champions"
14810,41.0631944444444,11,2087.88,2010-12-05 12:08:00,2011-10-30 11:19:00,3,5,5,13,"355","Champions"
14813,370.036805555556,2,155.43,2010-12-05 11:54:00,2010-12-05 11:57:00,1,3,1,5,"131","Others"
14815,37.0513888888889,2,778.5,2011-10-03 11:36:00,2011-11-03 11:36:00,3,3,3,9,"333","Potential Loyalists"
14816,197.981944444444,1,271.85,2011-05-26 13:16:00,2011-05-26 13:16:00,1,2,2,5,"122","At Risk"
14817,200.96875,2,1110.34,2011-03-07 13:51:00,2011-05-23 13:35:00,1,3,4,8,"134","Needing Attention"
14818,74.0756944444445,3,657.8,2011-03-31 12:28:00,2011-09-27 11:01:00,2,4,3,9,"243","Needing Attention"
14819,64.9645833333333,2,272.07,2011-05-31 13:50:00,2011-10-06 13:41:00,3,3,2,8,"332","Potential Loyalists"
14820,21.88125,4,507.29,2011-06-19 14:56:00,2011-11-18 15:41:00,4,4,3,11,"443","Loyal Customers"
14821,367.171527777778,1,48.8,2010-12-08 08:43:00,2010-12-08 08:43:00,1,2,1,4,"121","Hibernating"
14823,180.984722222222,3,321.43,2011-05-29 12:48:00,2011-06-12 13:12:00,1,4,2,7,"142","At Risk"
14824,10.9375,4,1127.71,2011-09-09 14:12:00,2011-11-29 14:20:00,5,4,4,13,"544","Champions"
14825,4.05,12,2226.91,2010-12-06 12:30:00,2011-12-06 11:38:00,5,5,5,15,"555","Champions"
14828,197.106944444444,3,2139.76,2011-01-07 09:50:00,2011-05-27 10:16:00,1,4,5,10,"145","Needing Attention"
14829,29.8569444444444,4,697.55,2010-12-02 16:12:00,2011-11-10 16:16:00,4,4,3,11,"443","Loyal Customers"
14830,53.93125,1,197.13,2011-10-17 14:29:00,2011-10-17 14:29:00,3,2,1,6,"321","Others"
14834,18.0972222222222,6,1720.3,2011-04-13 15:00:00,2011-11-22 10:30:00,4,5,4,13,"454","Champions"
14836,10.8368055555556,3,102.45,2011-11-09 13:26:00,2011-11-29 16:45:00,5,4,1,10,"541","Others"
14837,90.0777777777778,4,1649.5,2011-05-22 12:49:00,2011-09-11 10:58:00,2,4,4,10,"244","Needing Attention"
14840,268.034722222222,1,62.85,2011-03-17 12:00:00,2011-03-17 12:00:00,1,2,1,4,"121","Hibernating"
14841,53.9076388888889,6,3295.76,2010-12-16 10:28:00,2011-10-17 15:03:00,3,5,5,13,"355","Champions"
14842,44.0090277777778,4,2824.69,2011-02-04 15:32:00,2011-10-27 12:37:00,3,4,5,12,"345","Potential Loyalists"
14844,64.0895833333333,4,3189.81,2011-04-12 13:10:00,2011-10-07 10:41:00,3,4,5,12,"345","Potential Loyalists"
14847,149.081944444444,1,309.4,2011-07-14 10:52:00,2011-07-14 10:52:00,2,2,2,6,"222","At Risk"
14849,22.0777777777778,25,7930.54,2010-12-01 12:22:00,2011-11-18 10:58:00,4,5,5,14,"455","Champions"
14850,312.061805555556,1,325.75,2011-02-01 11:21:00,2011-02-01 11:21:00,1,2,2,5,"122","At Risk"
14851,23.9375,2,511.35,2011-03-28 14:59:00,2011-11-16 14:20:00,4,3,3,10,"433","Loyal Customers"
14852,58.9791666666667,6,2836.69,2011-04-01 13:22:00,2011-10-12 13:20:00,3,5,5,13,"355","Champions"
14853,24.8291666666667,2,475.8,2011-05-12 15:17:00,2011-11-15 16:56:00,4,3,2,9,"432","Potential Loyalists"
14854,78.8263888888889,7,2759.83,2011-03-10 12:22:00,2011-09-22 17:00:00,2,5,5,12,"255","Needing Attention"
14855,119.95,2,645.65,2011-07-28 12:06:00,2011-08-12 14:02:00,2,3,3,8,"233","Needing Attention"
14856,36.9145833333333,3,1311.38,2011-10-14 09:35:00,2011-11-03 14:53:00,3,4,4,11,"344","Potential Loyalists"
14857,60.14375,2,1173.12,2011-07-14 15:03:00,2011-10-11 09:23:00,3,3,4,10,"334","Potential Loyalists"
14859,13.0638888888889,4,1353.74,2011-05-19 14:42:00,2011-11-27 11:18:00,5,4,4,13,"544","Champions"
14860,19.9395833333333,1,170.32,2011-11-20 14:17:00,2011-11-20 14:17:00,4,2,1,7,"421","Others"
14861,52.9972222222222,1,125.79,2011-10-18 12:54:00,2011-10-18 12:54:00,3,2,1,6,"321","Others"
14862,26.1173611111111,2,841.2,2011-07-14 11:20:00,2011-11-14 10:01:00,4,3,3,10,"433","Loyal Customers"
14863,29.9069444444444,1,266.76,2011-11-10 15:04:00,2011-11-10 15:04:00,4,2,2,8,"422","Potential Loyalists"
14865,7.85069444444444,2,52.2,2010-12-02 18:23:00,2011-12-02 16:25:00,5,3,1,9,"531","Others"
14866,11.0451388888889,12,14389.9,2010-12-08 14:58:00,2011-11-29 11:45:00,5,5,5,15,"555","Champions"
14867,186.049305555556,3,710.28,2011-01-07 16:34:00,2011-06-07 11:39:00,1,4,3,8,"143","Needing Attention"
14868,3.91736111111111,8,2953.59,2011-04-20 13:36:00,2011-12-06 14:49:00,5,5,5,15,"555","Champions"
14869,9.00972222222222,2,725.7,2011-08-28 16:09:00,2011-12-01 12:36:00,5,3,3,11,"533","Loyal Customers"
14870,262.082638888889,1,327.25,2011-03-23 10:51:00,2011-03-23 10:51:00,1,2,2,5,"122","At Risk"
14871,3.96388888888889,4,522.38,2010-12-14 12:18:00,2011-12-06 13:42:00,5,4,3,12,"543","Loyal Customers"
14873,210.956944444444,1,519.68,2011-05-13 13:52:00,2011-05-13 13:52:00,1,2,3,6,"123","At Risk"
14875,108.020833333333,2,1465.32,2011-03-22 11:53:00,2011-08-24 12:20:00,2,3,4,9,"234","Needing Attention"
14878,13.0659722222222,9,1485.54,2010-12-16 12:11:00,2011-11-27 11:15:00,5,5,4,14,"554","Champions"
14880,77.9638888888889,3,706.19,2011-02-24 12:27:00,2011-09-23 13:42:00,2,4,3,9,"243","Needing Attention"
14881,20.0722222222222,1,255.4,2011-11-20 11:06:00,2011-11-20 11:06:00,4,2,2,8,"422","Potential Loyalists"
14882,27.0020833333333,2,589.7,2011-11-06 10:15:00,2011-11-13 12:47:00,4,3,3,10,"433","Loyal Customers"
14883,19.1020833333333,6,761.59,2011-05-12 09:49:00,2011-11-21 10:23:00,4,5,3,12,"453","Loyal Customers"
14885,132.03125,1,765.32,2011-07-31 12:05:00,2011-07-31 12:05:00,2,2,3,7,"223","At Risk"
14886,253.1625,1,364.8,2011-04-01 08:56:00,2011-04-01 08:56:00,1,2,2,5,"122","At Risk"
14887,79.8875,1,1862,2011-09-21 15:32:00,2011-09-21 15:32:00,2,2,4,8,"224","At Risk"
14888,207.911111111111,1,369.2,2011-05-16 14:58:00,2011-05-16 14:58:00,1,2,2,5,"122","At Risk"
14889,336.896527777778,1,135.9,2011-01-07 15:19:00,2011-01-07 15:19:00,1,2,1,4,"121","Hibernating"
14890,254.036805555556,1,125.65,2011-03-31 11:57:00,2011-03-31 11:57:00,1,2,1,4,"121","Hibernating"
14891,148.779166666667,2,554.38,2011-06-05 10:58:00,2011-07-14 18:08:00,2,3,3,8,"233","Needing Attention"
14893,10.0131944444444,2,1237.85,2011-11-28 10:49:00,2011-11-30 12:31:00,5,3,4,12,"534","Loyal Customers"
14894,85.9576388888889,1,655.75,2011-09-15 13:51:00,2011-09-15 13:51:00,2,2,3,7,"223","At Risk"
14895,8.14375,20,11138.71,2011-02-22 13:08:00,2011-12-02 09:23:00,5,5,5,15,"555","Champions"
14896,205.104166666667,2,468.77,2010-12-09 12:24:00,2011-05-19 10:20:00,1,3,2,6,"132","At Risk"
14897,8.09583333333333,4,1366.38,2011-02-16 08:37:00,2011-12-02 10:32:00,5,4,4,13,"544","Champions"
14898,23.9138888888889,6,1303.52,2010-12-03 15:25:00,2011-11-16 14:54:00,4,5,4,13,"454","Champions"
14901,11.8201388888889,9,1421.29,2010-12-02 11:20:00,2011-11-28 17:09:00,5,5,4,14,"554","Champions"
14902,26.0944444444444,1,332.66,2011-11-14 10:34:00,2011-11-14 10:34:00,4,2,2,8,"422","Potential Loyalists"
14903,21.8631944444444,5,2810.63,2011-03-06 11:50:00,2011-11-18 16:07:00,4,4,5,13,"445","Champions"
14904,2.99652777777778,2,1025.44,2011-11-14 09:13:00,2011-12-07 12:55:00,5,3,4,12,"534","Loyal Customers"
14905,158.00625,2,616.15,2011-04-20 10:48:00,2011-07-05 12:41:00,2,3,3,8,"233","Needing Attention"
14907,3.94166666666667,7,3501.1,2010-12-07 10:14:00,2011-12-06 14:14:00,5,5,5,15,"555","Champions"
14908,74.9958333333333,1,277.8,2011-09-26 12:56:00,2011-09-26 12:56:00,2,2,2,6,"222","At Risk"
14910,3.11388888888889,4,434.35,2011-10-16 11:06:00,2011-12-07 10:06:00,5,4,2,11,"542","Potential Loyalists"
14911,1.87222222222222,201,143825.06,2010-12-01 14:05:00,2011-12-08 15:54:00,5,5,5,15,"555","Champions"
14912,17.1458333333333,2,867.85,2011-04-07 11:06:00,2011-11-23 09:20:00,4,3,3,10,"433","Loyal Customers"
14913,36.18125,4,1227.43,2010-12-15 14:35:00,2011-11-04 08:29:00,3,4,4,11,"344","Potential Loyalists"
14915,91.9694444444444,2,307.48,2011-03-07 09:39:00,2011-09-09 13:34:00,2,3,2,7,"232","At Risk"
14916,71.1458333333333,4,1268.98,2011-01-19 15:30:00,2011-09-30 09:20:00,3,4,4,11,"344","Potential Loyalists"
14918,116.041666666667,2,1610.15,2011-07-08 12:50:00,2011-08-16 11:50:00,2,3,4,9,"234","Needing Attention"
14920,213.095833333333,2,977.77,2011-05-11 10:31:00,2011-05-11 10:32:00,1,3,4,8,"134","Needing Attention"
14921,30.98125,2,1316.07,2011-05-22 12:51:00,2011-11-09 13:17:00,4,3,4,11,"434","Loyal Customers"
14923,51.0409722222222,1,749.1,2011-10-20 11:51:00,2011-10-20 11:51:00,3,2,3,8,"323","Potential Loyalists"
14924,246.142361111111,1,310.05,2011-04-08 09:25:00,2011-04-08 09:25:00,1,2,2,5,"122","At Risk"
14929,32.8118055555556,1,223.88,2011-11-07 17:21:00,2011-11-07 17:21:00,4,2,1,7,"421","Others"
14930,109.096527777778,3,2372.86,2011-03-10 14:42:00,2011-08-23 10:31:00,2,4,5,11,"245","Needing Attention"
14931,5.10486111111111,5,1257.68,2011-04-13 09:32:00,2011-12-05 10:19:00,5,4,4,13,"544","Champions"
14932,366.043055555556,1,363.53,2010-12-09 11:48:00,2010-12-09 11:48:00,1,2,2,5,"122","At Risk"
14934,82.1111111111111,2,1890.94,2011-03-02 11:48:00,2011-09-19 10:10:00,2,3,4,9,"234","Needing Attention"
14935,297.920833333333,1,1784.71,2011-02-15 14:44:00,2011-02-15 14:44:00,1,2,4,7,"124","At Risk"
14936,34.0972222222222,8,8137.02,2011-03-09 11:53:00,2011-11-06 10:30:00,3,5,5,13,"355","Champions"
14937,57.0145833333333,3,1621.88,2011-08-01 14:16:00,2011-10-14 12:29:00,3,4,4,11,"344","Potential Loyalists"
14944,30.1527777777778,12,5900.25,2011-02-16 12:47:00,2011-11-10 09:10:00,4,5,5,14,"455","Champions"
14946,14.9701388888889,1,100.9,2011-11-25 13:33:00,2011-11-25 13:33:00,4,2,1,7,"421","Others"
14947,72.8763888888889,2,290.82,2011-08-01 09:31:00,2011-09-28 15:48:00,2,3,2,7,"232","At Risk"
14948,23.8152777777778,6,1101.97,2011-05-04 14:52:00,2011-11-16 17:16:00,4,5,4,13,"454","Champions"
14950,19.9597222222222,1,371.2,2011-11-20 13:48:00,2011-11-20 13:48:00,4,2,2,8,"422","Potential Loyalists"
14951,79.8993055555556,1,311.69,2011-09-21 15:15:00,2011-09-21 15:15:00,2,2,2,6,"222","At Risk"
14952,60.0951388888889,11,8099.49,2010-12-10 12:48:00,2011-10-11 10:33:00,3,5,5,13,"355","Champions"
14953,25.9104166666667,1,289.82,2011-11-14 14:59:00,2011-11-14 14:59:00,4,2,2,8,"422","Potential Loyalists"
14954,12.9305555555556,1,336.17,2011-11-27 14:30:00,2011-11-27 14:30:00,5,2,2,9,"522","Potential Loyalists"
14957,253.785416666667,1,58.49,2011-03-31 17:59:00,2011-03-31 17:59:00,1,2,1,4,"121","Hibernating"
14958,147.9375,3,499.68,2011-04-08 11:28:00,2011-07-15 14:20:00,2,4,3,9,"243","Needing Attention"
14959,64.76875,4,695.42,2011-02-16 13:00:00,2011-10-06 18:23:00,3,4,3,10,"343","Potential Loyalists"
14960,8.99722222222222,2,221.27,2011-06-21 13:38:00,2011-12-01 12:54:00,5,3,1,9,"531","Others"
14961,11.1305555555556,9,7044.68,2010-12-14 11:38:00,2011-11-29 09:42:00,5,5,5,15,"555","Champions"
14962,271.130555555556,1,126.7,2011-03-14 09:42:00,2011-03-14 09:42:00,1,2,1,4,"121","Hibernating"
14963,10.0236111111111,5,1487.8,2011-06-09 12:30:00,2011-11-30 12:16:00,5,4,4,13,"544","Champions"
14964,247.942361111111,1,206.21,2011-04-06 14:13:00,2011-04-06 14:13:00,1,2,1,4,"121","Hibernating"
14965,96.9791666666667,2,599,2011-09-04 13:15:00,2011-09-04 13:20:00,2,3,3,8,"233","Needing Attention"
14966,15.0208333333333,1,191.32,2011-11-25 12:20:00,2011-11-25 12:20:00,4,2,1,7,"421","Others"
14967,50.0722222222222,1,463.8,2011-10-21 11:06:00,2011-10-21 11:06:00,3,2,2,7,"322","Potential Loyalists"
14968,30.9527777777778,1,147.59,2011-11-09 13:58:00,2011-11-09 13:58:00,4,2,1,7,"421","Others"
14970,68.9625,4,1592.06,2011-01-27 12:23:00,2011-10-02 13:44:00,3,4,4,11,"344","Potential Loyalists"
14971,35.8215277777778,3,1116.57,2011-10-27 13:33:00,2011-11-04 17:07:00,3,4,4,11,"344","Potential Loyalists"
14972,128.913888888889,1,114.77,2011-08-03 14:54:00,2011-08-03 14:54:00,2,2,1,5,"221","Hibernating"
14973,107.874305555556,3,1314.45,2011-04-28 12:22:00,2011-08-24 15:51:00,2,4,4,10,"244","Needing Attention"
14974,37.9923611111111,1,114.39,2011-11-02 13:01:00,2011-11-02 13:01:00,3,2,1,6,"321","Others"
14975,57.9458333333333,1,279.94,2011-10-13 14:08:00,2011-10-13 14:08:00,3,2,2,7,"322","Potential Loyalists"
14976,57.8423611111111,7,790.86,2011-01-17 11:09:00,2011-10-13 16:37:00,3,5,3,11,"353","Potential Loyalists"
14978,72.9881944444444,5,1931.42,2011-01-13 12:03:00,2011-09-28 13:07:00,2,4,4,10,"244","Needing Attention"
14981,246.961805555556,1,102.12,2011-04-07 13:45:00,2011-04-07 13:45:00,1,2,1,4,"121","Hibernating"
14984,19.9319444444444,2,213.27,2011-06-12 11:04:00,2011-11-20 14:28:00,4,3,1,8,"431","Others"
14985,198.93125,2,296.75,2010-12-16 19:51:00,2011-05-25 14:29:00,1,3,2,6,"132","At Risk"
14987,16.11875,2,326.4,2010-12-09 12:13:00,2011-11-24 09:59:00,4,3,2,9,"432","Potential Loyalists"
14988,212.03125,1,334.54,2011-05-12 12:05:00,2011-05-12 12:05:00,1,2,2,5,"122","At Risk"
14995,39.0493055555556,2,233.23,2011-03-04 13:14:00,2011-11-01 11:39:00,3,3,1,7,"331","Others"
14997,46.9736111111111,3,546.2,2011-06-14 16:52:00,2011-10-24 13:28:00,3,4,3,10,"343","Potential Loyalists"
14998,170.805555555556,2,429.87,2011-04-12 16:28:00,2011-06-22 17:30:00,2,3,2,7,"232","At Risk"
15000,48.0472222222222,1,490.52,2011-10-23 11:42:00,2011-10-23 11:42:00,3,2,3,8,"323","Potential Loyalists"
15002,116.0875,4,1641.76,2010-12-07 13:16:00,2011-08-16 10:44:00,2,4,4,10,"244","Needing Attention"
15004,147.947916666667,1,1246.32,2011-07-15 14:05:00,2011-07-15 14:05:00,2,2,4,8,"224","At Risk"
15005,16.0173611111111,28,6316.57,2010-12-08 14:36:00,2011-11-24 12:25:00,4,5,5,14,"455","Champions"
15006,51.9041666666667,1,502.09,2011-10-19 15:08:00,2011-10-19 15:08:00,3,2,3,8,"323","Potential Loyalists"
15007,159.868055555556,1,156.91,2011-07-03 16:00:00,2011-07-03 16:00:00,2,2,1,5,"221","Hibernating"
15009,12.96875,3,1261.78,2011-11-14 17:40:00,2011-11-27 13:35:00,5,4,4,13,"544","Champions"
15010,36.0055555555556,1,308.94,2011-11-04 12:42:00,2011-11-04 12:42:00,3,2,2,7,"322","Potential Loyalists"
15012,54.0194444444444,2,423.04,2010-12-01 12:49:00,2011-10-17 12:22:00,3,3,2,8,"332","Potential Loyalists"
15014,43.6965277777778,2,260.17,2011-06-16 19:40:00,2011-10-27 20:07:00,3,3,2,8,"332","Potential Loyalists"
15016,173.030555555556,1,170.04,2011-06-20 12:06:00,2011-06-20 12:06:00,2,2,1,5,"221","Hibernating"
15017,34.0951388888889,1,125.58,2011-11-06 10:33:00,2011-11-06 10:33:00,3,2,1,6,"321","Others"
15018,39.0020833333333,3,496.21,2010-12-07 10:47:00,2011-11-01 12:47:00,3,4,3,10,"343","Potential Loyalists"
15019,267.010416666667,1,266,2011-03-18 12:35:00,2011-03-18 12:35:00,1,2,2,5,"122","At Risk"
15021,9.03958333333333,9,1914.82,2010-12-08 12:17:00,2011-12-01 11:53:00,5,5,4,14,"554","Champions"
15022,12.0104166666667,4,905.04,2011-10-23 15:47:00,2011-11-28 12:35:00,5,4,3,12,"543","Loyal Customers"
15023,3.81041666666667,11,6802.76,2010-12-05 13:49:00,2011-12-06 17:23:00,5,5,5,15,"555","Champions"
15024,10.0305555555556,10,1661.33,2010-12-07 13:20:00,2011-11-30 12:06:00,5,5,4,14,"554","Champions"
15025,33.8958333333333,1,377.01,2011-11-06 15:20:00,2011-11-06 15:20:00,3,2,2,7,"322","Potential Loyalists"
15026,80.9569444444444,3,469,2011-03-07 13:45:00,2011-09-20 13:52:00,2,4,2,8,"242","At Risk"
15027,31.1069444444444,4,1066.15,2011-04-15 14:14:00,2011-11-09 10:16:00,4,4,4,12,"444","Loyal Customers"
15028,8.94722222222222,4,627.13,2010-12-06 12:47:00,2011-12-01 14:06:00,5,4,3,12,"543","Loyal Customers"
15030,72.0833333333333,2,518.28,2011-03-16 15:34:00,2011-09-29 10:50:00,2,3,3,8,"233","Needing Attention"
15031,4.93819444444444,4,668.14,2011-03-02 14:46:00,2011-12-05 14:19:00,5,4,3,12,"543","Loyal Customers"
15032,256.907638888889,3,4959.1,2010-12-08 12:57:00,2011-03-28 15:03:00,1,4,5,10,"145","Needing Attention"
15033,5.00694444444444,10,2586.67,2011-01-14 13:28:00,2011-12-05 12:40:00,5,5,5,15,"555","Champions"
15034,16.0270833333333,8,4308.61,2010-12-21 09:47:00,2011-11-24 12:11:00,4,5,5,14,"455","Champions"
15035,90.0708333333333,1,252.73,2011-09-11 11:08:00,2011-09-11 11:08:00,2,2,2,6,"222","At Risk"
15036,72.8805555555556,3,465.55,2011-06-13 12:19:00,2011-09-28 15:42:00,2,4,2,8,"242","At Risk"
15038,59.0534722222222,6,705.49,2010-12-05 10:54:00,2011-10-12 11:33:00,3,5,3,11,"353","Potential Loyalists"
15039,10.0548611111111,47,19914.44,2010-12-06 11:26:00,2011-11-30 11:31:00,5,5,5,15,"555","Champions"
15041,170.856944444444,1,180.35,2011-06-22 16:16:00,2011-06-22 16:16:00,2,2,1,5,"221","Hibernating"
15042,199.850694444444,1,135.93,2011-05-24 16:25:00,2011-05-24 16:25:00,1,2,1,4,"121","Hibernating"
15043,31.9333333333333,1,537,2011-11-08 14:26:00,2011-11-08 14:26:00,4,2,3,9,"423","Potential Loyalists"
15044,19.9791666666667,17,7700.23,2010-12-12 14:27:00,2011-11-20 13:20:00,4,5,5,14,"455","Champions"
15045,152.053472222222,2,735.66,2011-03-27 11:44:00,2011-07-11 11:33:00,2,3,3,8,"233","Needing Attention"
15046,9.875,15,5213.77,2011-01-05 15:30:00,2011-11-30 15:50:00,5,5,5,15,"555","Champions"
15047,270.084027777778,1,343.62,2011-03-15 10:49:00,2011-03-15 10:49:00,1,2,2,5,"122","At Risk"
15048,65.9131944444444,4,384.05,2010-12-06 12:15:00,2011-10-05 14:55:00,3,4,2,9,"342","Potential Loyalists"
15049,274.025694444444,1,121.17,2011-03-11 12:13:00,2011-03-11 12:13:00,1,2,1,4,"121","Hibernating"
15050,25.85625,3,1782.09,2011-09-29 13:22:00,2011-11-14 16:17:00,4,4,4,12,"444","Loyal Customers"
15051,23.8833333333333,3,1391.61,2011-07-12 15:29:00,2011-11-16 15:38:00,4,4,4,12,"444","Loyal Customers"
15052,319.873611111111,1,215.78,2011-01-24 15:52:00,2011-01-24 15:52:00,1,2,1,4,"121","Hibernating"
15053,5.02916666666667,3,697.79,2011-03-03 12:06:00,2011-12-05 12:08:00,5,4,3,12,"543","Loyal Customers"
15054,12.9083333333333,2,302.1,2011-10-30 14:33:00,2011-11-27 15:02:00,5,3,2,10,"532","Potential Loyalists"
15057,275.897916666667,2,1489.5,2011-01-28 09:09:00,2011-03-09 15:17:00,1,3,4,8,"134","Needing Attention"
15058,25.9118055555556,11,2124.99,2011-01-31 15:35:00,2011-11-14 14:57:00,4,5,5,14,"455","Champions"
15059,41.0520833333333,9,1337.72,2011-01-09 11:54:00,2011-10-30 11:35:00,3,5,4,12,"354","Potential Loyalists"
15060,8.96041666666667,4,303.09,2011-11-30 14:03:00,2011-12-01 13:47:00,5,4,2,11,"542","Potential Loyalists"
15061,4.03055555555556,48,54534.14,2010-12-02 15:19:00,2011-12-06 12:06:00,5,5,5,15,"555","Champions"
15062,71.8326388888889,4,987.86,2010-12-15 15:37:00,2011-09-29 16:51:00,3,4,4,11,"344","Potential Loyalists"
15063,213.975694444444,1,370.8,2011-05-10 13:25:00,2011-05-10 13:25:00,1,2,2,5,"122","At Risk"
15065,38.1284722222222,4,3158.13,2011-02-21 12:54:00,2011-11-02 09:45:00,3,4,5,12,"345","Potential Loyalists"
15066,53.9756944444444,1,893.59,2011-10-17 13:25:00,2011-10-17 13:25:00,3,2,3,8,"323","Potential Loyalists"
15067,78.9791666666667,3,1744.76,2011-03-02 12:10:00,2011-09-22 13:20:00,2,4,4,10,"244","Needing Attention"
15068,46.91875,2,553.36,2011-03-28 14:27:00,2011-10-24 14:47:00,3,3,3,9,"333","Potential Loyalists"
15069,179.940277777778,1,1109.53,2011-06-13 14:16:00,2011-06-13 14:16:00,1,2,4,7,"124","At Risk"
15070,373.060416666667,1,106.2,2010-12-02 11:23:00,2010-12-02 11:23:00,1,2,1,4,"121","Hibernating"
15071,94.0465277777778,2,982.07,2011-03-09 10:19:00,2011-09-07 11:43:00,2,3,4,9,"234","Needing Attention"
15073,10.0875,3,1043.41,2011-06-06 09:59:00,2011-11-30 10:44:00,5,4,4,13,"544","Champions"
15074,105.920138888889,1,748.87,2011-08-26 14:45:00,2011-08-26 14:45:00,2,2,3,7,"223","At Risk"
15075,78.0159722222222,1,773.03,2011-09-23 12:27:00,2011-09-23 12:27:00,2,2,3,7,"223","At Risk"
15076,173.185416666667,1,880.85,2011-06-20 08:23:00,2011-06-20 08:23:00,2,2,3,7,"223","At Risk"
15078,7.88125,32,9743.11,2010-12-06 12:38:00,2011-12-02 15:41:00,5,5,5,15,"555","Champions"
15079,213.003472222222,4,895.61,2010-12-09 09:25:00,2011-05-11 12:45:00,1,4,3,8,"143","Needing Attention"
15081,22.8208333333333,5,504.8,2010-12-07 16:20:00,2011-11-17 17:08:00,4,4,3,11,"443","Loyal Customers"
15083,257.022222222222,1,88.2,2011-03-28 12:18:00,2011-03-28 12:18:00,1,2,1,4,"121","Hibernating"
15087,282.094444444444,1,306.94,2011-03-03 10:34:00,2011-03-03 10:34:00,1,2,2,5,"122","At Risk"
15088,21.9833333333333,2,1160.07,2011-10-03 14:05:00,2011-11-18 13:14:00,4,3,4,11,"434","Loyal Customers"
15089,10.8465277777778,6,2420.84,2011-08-03 14:14:00,2011-11-29 16:31:00,5,5,5,15,"555","Champions"
15090,308.949305555556,1,381.32,2011-02-04 14:03:00,2011-02-04 14:03:00,1,2,2,5,"122","At Risk"
15091,68.0020833333333,1,480.71,2011-10-03 12:47:00,2011-10-03 12:47:00,3,2,2,7,"322","Potential Loyalists"
15092,215.944444444444,2,457.81,2011-03-01 12:24:00,2011-05-08 14:10:00,1,3,2,6,"132","At Risk"
15093,18.9868055555556,6,4597.02,2010-12-02 18:25:00,2011-11-21 13:09:00,4,5,5,14,"455","Champions"
15095,104.034027777778,4,1370.6,2011-05-20 14:27:00,2011-08-28 12:01:00,2,4,4,10,"244","Needing Attention"
15096,43.0993055555556,1,219.39,2011-10-28 10:27:00,2011-10-28 10:27:00,3,2,1,6,"321","Others"
15097,4.94930555555556,1,248.08,2011-12-05 14:03:00,2011-12-05 14:03:00,5,2,1,8,"521","Others"
15098,182.886805555556,3,39916.5,2011-06-10 15:22:00,2011-06-10 15:33:00,1,4,5,10,"145","Needing Attention"
15099,84.9840277777778,1,410.48,2011-09-16 13:13:00,2011-09-16 13:13:00,2,2,2,6,"222","At Risk"
15100,334.09375,3,876,2010-12-01 09:09:00,2011-01-10 10:35:00,1,4,3,8,"143","Needing Attention"
15101,9.10555555555556,2,317.53,2010-12-15 12:54:00,2011-12-01 10:18:00,5,3,2,10,"532","Potential Loyalists"
15103,31.9145833333333,2,703.36,2011-09-14 13:54:00,2011-11-08 14:53:00,4,3,3,10,"433","Loyal Customers"
15104,197.014583333333,2,1027.44,2011-03-02 14:16:00,2011-05-27 12:29:00,1,3,4,8,"134","Needing Attention"
15105,18.8305555555556,7,2298.93,2011-07-28 10:09:00,2011-11-21 16:54:00,4,5,5,14,"455","Champions"
15106,18.1486111111111,5,1422.52,2011-03-15 12:52:00,2011-11-22 09:16:00,4,4,4,12,"444","Loyal Customers"
15107,311.919444444444,6,319.5,2010-12-02 13:45:00,2011-02-01 14:46:00,1,5,2,8,"152","At Risk"
15108,142.101388888889,4,1300.25,2011-04-26 10:54:00,2011-07-21 10:24:00,2,4,4,10,"244","Needing Attention"
15109,246.119444444444,1,484.95,2011-04-08 09:58:00,2011-04-08 09:58:00,1,2,2,5,"122","At Risk"
15110,24.0652777777778,4,996.1,2011-01-25 11:41:00,2011-11-16 11:16:00,4,4,4,12,"444","Loyal Customers"
15111,29.8277777777778,3,1567.48,2010-12-02 11:45:00,2011-11-10 16:58:00,4,4,4,12,"444","Loyal Customers"
15113,10.1854166666667,3,3609.33,2011-10-16 15:27:00,2011-11-30 08:23:00,5,4,5,14,"545","Champions"
15114,30.90625,10,2760.56,2011-02-11 08:45:00,2011-11-09 15:05:00,4,5,5,14,"455","Champions"
15115,18.9104166666667,1,340.11,2011-11-21 14:59:00,2011-11-21 14:59:00,4,2,2,8,"422","Potential Loyalists"
15116,18.0173611111111,4,1352.75,2011-05-19 08:50:00,2011-11-22 12:25:00,4,4,4,12,"444","Loyal Customers"
15117,15.1930555555556,5,1551.78,2011-05-08 12:38:00,2011-11-25 08:12:00,4,4,4,12,"444","Loyal Customers"
15118,134.913888888889,1,244.8,2011-07-28 14:54:00,2011-07-28 14:54:00,2,2,1,5,"221","Hibernating"
15119,246.154166666667,1,266.4,2011-04-08 09:08:00,2011-04-08 09:08:00,1,2,2,5,"122","At Risk"
15120,134.126388888889,1,358.82,2011-07-29 09:48:00,2011-07-29 09:48:00,2,2,2,6,"222","At Risk"
15121,50.9159722222222,2,457.72,2011-02-24 12:41:00,2011-10-20 14:51:00,3,3,2,8,"332","Potential Loyalists"
15122,114.834722222222,3,1633.78,2011-02-15 09:59:00,2011-08-17 16:48:00,2,4,4,10,"244","Needing Attention"
15123,7.98472222222222,2,2199.31,2011-05-17 14:57:00,2011-12-02 13:12:00,5,3,5,13,"535","Champions"
15124,23.1118055555556,2,184.19,2011-06-01 09:06:00,2011-11-17 10:09:00,4,3,1,8,"431","Others"
15125,25.9534722222222,15,11528.48,2011-03-14 09:59:00,2011-11-14 13:57:00,4,5,5,14,"455","Champions"
15127,66.0972222222222,1,406.53,2011-10-05 10:30:00,2011-10-05 10:30:00,3,2,2,7,"322","Potential Loyalists"
15128,60.9555555555556,4,1471,2011-05-04 12:32:00,2011-10-10 13:54:00,3,4,4,11,"344","Potential Loyalists"
15129,50.9236111111111,11,3447.4,2011-02-21 09:09:00,2011-10-20 14:40:00,3,5,5,13,"355","Champions"
15130,170.107638888889,1,330.11,2011-06-23 10:15:00,2011-06-23 10:15:00,2,2,2,6,"222","At Risk"
15132,18.8194444444444,5,977.93,2011-03-22 12:02:00,2011-11-21 17:10:00,4,4,4,12,"444","Loyal Customers"
15133,128.0875,3,982.42,2011-02-11 10:38:00,2011-08-04 10:44:00,2,4,4,10,"244","Needing Attention"
15134,15.1631944444444,8,1387.99,2011-04-13 11:05:00,2011-11-25 08:55:00,4,5,4,13,"454","Champions"
15135,239.731944444444,1,139.05,2011-04-14 19:16:00,2011-04-14 19:16:00,1,2,1,4,"121","Hibernating"
15136,3.01666666666667,4,1286.7,2011-09-04 16:05:00,2011-12-07 12:26:00,5,4,4,13,"544","Champions"
15139,240.049305555556,2,178.96,2011-01-07 12:44:00,2011-04-14 11:39:00,1,3,1,5,"131","Others"
15140,52.9465277777778,7,2354.25,2011-03-20 14:37:00,2011-10-18 14:07:00,3,5,5,13,"355","Champions"
15142,46.9993055555556,1,498.74,2011-10-24 12:51:00,2011-10-24 12:51:00,3,2,3,8,"323","Potential Loyalists"
15143,226.032638888889,1,259.45,2011-04-28 12:03:00,2011-04-28 12:03:00,1,2,2,5,"122","At Risk"
15144,8.90138888888889,17,6580.44,2011-01-31 13:17:00,2011-12-01 15:12:00,5,5,5,15,"555","Champions"
15145,4.81180555555556,4,1194.73,2011-04-05 15:20:00,2011-12-05 17:21:00,5,4,4,13,"544","Champions"
15146,165.028472222222,2,1327.16,2011-02-21 13:07:00,2011-06-28 12:09:00,2,3,4,9,"234","Needing Attention"
15147,240.870138888889,1,623.5,2011-04-13 15:57:00,2011-04-13 15:57:00,1,2,3,6,"123","At Risk"
15148,11.1868055555556,1,301.29,2011-11-29 08:21:00,2011-11-29 08:21:00,5,2,2,9,"522","Potential Loyalists"
15149,134.077777777778,1,520.8,2011-07-29 10:58:00,2011-07-29 10:58:00,2,2,3,7,"223","At Risk"
15150,17.9986111111111,10,5314.47,2011-03-15 14:21:00,2011-11-22 12:52:00,4,5,5,14,"455","Champions"
15152,10.0125,13,4745.69,2011-06-05 15:36:00,2011-11-30 12:32:00,5,5,5,15,"555","Champions"
15153,31.8201388888889,1,329.25,2011-11-08 17:09:00,2011-11-08 17:09:00,4,2,2,8,"422","Potential Loyalists"
15154,75.8645833333333,1,296.42,2011-09-25 16:05:00,2011-09-25 16:05:00,2,2,2,6,"222","At Risk"
15156,1.76944444444444,3,961.49,2011-11-06 12:41:00,2011-12-08 18:22:00,5,4,4,13,"544","Champions"
15157,4.05694444444444,3,1936.07,2010-12-16 13:44:00,2011-12-06 11:28:00,5,4,4,13,"544","Champions"
15158,45.95625,1,401.4,2011-10-25 13:53:00,2011-10-25 13:53:00,3,2,2,7,"322","Potential Loyalists"
15159,2.03125,30,18641.01,2010-12-13 15:44:00,2011-12-08 12:05:00,5,5,5,15,"555","Champions"
15160,357.940972222222,1,158.16,2010-12-17 14:15:00,2010-12-17 14:15:00,1,2,1,4,"121","Hibernating"
15163,18.9861111111111,2,304.47,2011-05-31 15:22:00,2011-11-21 13:10:00,4,3,2,9,"432","Potential Loyalists"
15164,69.03125,3,843.05,2011-01-04 14:21:00,2011-10-02 12:05:00,3,4,3,10,"343","Potential Loyalists"
15165,373.949305555556,1,487.75,2010-12-01 14:03:00,2010-12-01 14:03:00,1,2,2,5,"122","At Risk"
15167,321.00625,1,163,2011-01-23 12:41:00,2011-01-23 12:41:00,1,2,1,4,"121","Hibernating"
15168,26.0583333333333,1,106.56,2011-11-14 11:26:00,2011-11-14 11:26:00,4,2,1,7,"421","Others"
15171,331.884722222222,1,1289.5,2011-01-12 15:36:00,2011-01-12 15:36:00,1,2,4,7,"124","At Risk"
15172,9.04097222222222,5,1624.05,2011-04-17 11:56:00,2011-12-01 11:51:00,5,4,4,13,"544","Champions"
15174,323.155555555556,1,135.75,2011-01-21 09:06:00,2011-01-21 09:06:00,1,2,1,4,"121","Hibernating"
15175,72.0548611111111,1,224.14,2011-09-29 11:31:00,2011-09-29 11:31:00,3,2,1,6,"321","Others"
15178,260.901388888889,1,40.5,2011-03-24 15:12:00,2011-03-24 15:12:00,1,2,1,4,"121","Hibernating"
15179,18.9979166666667,5,2206.95,2011-01-24 13:48:00,2011-11-21 12:53:00,4,4,5,13,"445","Champions"
15180,367.911805555556,1,87.5,2010-12-07 14:57:00,2010-12-07 14:57:00,1,2,1,4,"121","Hibernating"
15181,66.9527777777778,3,689.48,2011-03-15 12:03:00,2011-10-04 13:58:00,3,4,3,10,"343","Potential Loyalists"
15182,154.967361111111,2,622.85,2011-03-16 12:42:00,2011-07-08 13:37:00,2,3,3,8,"233","Needing Attention"
15184,29.9645833333333,2,406.76,2011-06-02 12:06:00,2011-11-10 13:41:00,4,3,2,9,"432","Potential Loyalists"
15185,70.9472222222222,1,310.62,2011-09-30 14:06:00,2011-09-30 14:06:00,3,2,2,7,"322","Potential Loyalists"
15186,14.9111111111111,2,411.41,2011-06-24 14:54:00,2011-11-25 14:58:00,4,3,2,9,"432","Potential Loyalists"
15187,2.0375,16,4777.18,2011-05-11 13:49:00,2011-12-08 11:56:00,5,5,5,15,"555","Champions"
15189,1.97777777777778,41,16225.39,2011-01-11 12:29:00,2011-12-08 13:22:00,5,5,5,15,"555","Champions"
15192,120.047916666667,3,1044.32,2010-12-09 14:56:00,2011-08-12 11:41:00,2,4,4,10,"244","Needing Attention"
15193,61.1854166666667,1,499.32,2011-10-10 08:23:00,2011-10-10 08:23:00,3,2,3,8,"323","Potential Loyalists"
15194,3.90277777777778,15,7616.53,2010-12-06 15:00:00,2011-12-06 15:10:00,5,5,5,15,"555","Champions"
15195,3.02083333333333,1,3861,2011-12-07 12:20:00,2011-12-07 12:20:00,5,2,5,12,"525","Potential Loyalists"
15197,11.1180555555556,3,1079.61,2010-12-16 18:01:00,2011-11-29 10:00:00,5,4,4,13,"544","Champions"
15198,92.9222222222222,2,193.64,2011-08-07 15:16:00,2011-09-08 14:42:00,2,3,1,6,"231","Others"
15199,59.9013888888889,4,1268.7,2011-02-04 14:04:00,2011-10-11 15:12:00,3,4,4,11,"344","Potential Loyalists"
15201,87.9145833333333,5,1236.54,2011-04-06 14:02:00,2011-09-13 14:53:00,2,4,4,10,"244","Needing Attention"
15203,26.1902777777778,6,1827.8,2011-02-01 12:29:00,2011-11-14 08:16:00,4,5,4,13,"454","Champions"
15204,357.959027777778,1,316.58,2010-12-17 13:49:00,2010-12-17 13:49:00,1,2,2,5,"122","At Risk"
15205,85.7180555555556,2,653.24,2011-08-04 16:07:00,2011-09-15 19:36:00,2,3,3,8,"233","Needing Attention"
15206,10.9645833333333,4,420.3,2011-03-09 08:59:00,2011-11-29 13:41:00,5,4,2,11,"542","Potential Loyalists"
15208,1.80972222222222,5,870.12,2010-12-21 13:03:00,2011-12-08 17:24:00,5,4,3,12,"543","Loyal Customers"
15210,225.860416666667,1,331.18,2011-04-28 16:11:00,2011-04-28 16:11:00,1,2,2,5,"122","At Risk"
15211,60.9715277777778,2,894.41,2010-12-09 16:08:00,2011-10-10 13:31:00,3,3,3,9,"333","Potential Loyalists"
15212,241.961805555556,1,101.8,2011-04-12 13:45:00,2011-04-12 13:45:00,1,2,1,4,"121","Hibernating"
15213,319.020138888889,2,328.35,2011-01-14 11:05:00,2011-01-25 12:21:00,1,3,2,6,"132","At Risk"
15214,2.02986111111111,8,1661.44,2011-04-11 09:46:00,2011-12-08 12:07:00,5,5,4,14,"554","Champions"
15215,47.0479166666667,3,734.94,2011-09-04 12:24:00,2011-10-24 11:41:00,3,4,3,10,"343","Potential Loyalists"
15216,88.0479166666667,1,96.6,2011-09-13 11:41:00,2011-09-13 11:41:00,2,2,1,5,"221","Hibernating"
15218,11.0430555555556,11,5756.89,2011-01-25 11:20:00,2011-11-29 11:48:00,5,5,5,15,"555","Champions"
15219,176.828472222222,1,305.75,2011-06-16 16:57:00,2011-06-16 16:57:00,2,2,2,6,"222","At Risk"
15220,52.0076388888889,6,1778.96,2011-03-04 10:24:00,2011-10-19 12:39:00,3,5,4,12,"354","Potential Loyalists"
15221,366.9875,1,403.25,2010-12-08 13:08:00,2010-12-08 13:08:00,1,2,2,5,"122","At Risk"
15222,319.199305555556,1,585,2011-01-25 08:03:00,2011-01-25 08:03:00,1,2,3,6,"123","At Risk"
15223,226.054861111111,2,755.75,2011-04-04 12:17:00,2011-04-28 11:31:00,1,3,3,7,"133","Needing Attention"
15224,358.908333333333,2,322.08,2010-12-12 12:34:00,2010-12-16 15:02:00,1,3,2,6,"132","At Risk"
15225,234.915972222222,1,409.4,2011-04-19 14:51:00,2011-04-19 14:51:00,1,2,2,5,"122","At Risk"
15226,311.047916666667,1,154.41,2011-02-02 11:41:00,2011-02-02 11:41:00,1,2,1,4,"121","Hibernating"
15227,37.0354166666667,5,1219.4,2011-01-26 15:31:00,2011-11-03 11:59:00,3,4,4,11,"344","Potential Loyalists"
15228,66.9541666666667,4,3386.71,2011-02-18 09:04:00,2011-10-04 13:56:00,3,4,5,12,"345","Potential Loyalists"
15230,239.924305555556,2,429.6,2011-04-13 11:04:00,2011-04-14 14:39:00,1,3,2,6,"132","At Risk"
15232,113.849305555556,2,612.06,2011-07-22 12:21:00,2011-08-18 16:27:00,2,3,3,8,"233","Needing Attention"
15234,277.164583333333,1,197,2011-03-08 08:53:00,2011-03-08 08:53:00,1,2,1,4,"121","Hibernating"
15235,218.129166666667,12,2247.51,2010-12-01 17:22:00,2011-05-06 09:44:00,1,5,5,11,"155","Needing Attention"
15236,299.081944444444,1,321.05,2011-02-14 10:52:00,2011-02-14 10:52:00,1,2,2,5,"122","At Risk"
15237,2.12777777777778,4,1412.32,2011-04-26 15:04:00,2011-12-08 09:46:00,5,4,4,13,"544","Champions"
15238,29.9319444444444,3,1071.99,2011-06-08 16:00:00,2011-11-10 14:28:00,4,4,4,12,"444","Loyal Customers"
15239,10.9416666666667,2,780.59,2011-09-22 09:53:00,2011-11-29 14:14:00,5,3,3,11,"533","Loyal Customers"
15240,45.125,5,1706.57,2011-02-01 08:23:00,2011-10-26 09:50:00,3,4,4,11,"344","Potential Loyalists"
15241,67.15625,8,1756.44,2011-03-01 11:02:00,2011-10-04 09:05:00,3,5,4,12,"354","Potential Loyalists"
15243,74.9430555555556,1,316.68,2011-09-26 14:12:00,2011-09-26 14:12:00,2,2,2,6,"222","At Risk"
15244,65.9798611111111,2,631.57,2011-04-05 15:12:00,2011-10-05 13:19:00,3,3,3,9,"333","Potential Loyalists"
15245,134.745833333333,3,2515.84,2011-03-23 13:42:00,2011-07-28 18:56:00,2,4,5,11,"245","Needing Attention"
15246,238.920138888889,2,514.15,2010-12-16 09:46:00,2011-04-15 14:45:00,1,3,3,7,"133","Needing Attention"
15247,122.998611111111,1,356,2011-08-09 12:52:00,2011-08-09 12:52:00,2,2,2,6,"222","At Risk"
15249,32.0451388888889,13,6688.46,2011-03-28 12:49:00,2011-11-08 11:45:00,4,5,5,14,"455","Champions"
15251,9.90833333333333,11,10484.99,2011-04-12 10:38:00,2011-11-30 15:02:00,5,5,5,15,"555","Champions"
15252,36.9722222222222,2,740.78,2011-06-09 14:15:00,2011-11-03 13:30:00,3,3,3,9,"333","Potential Loyalists"
15253,16.8527777777778,5,918.2,2011-06-23 12:19:00,2011-11-23 16:22:00,4,4,3,11,"443","Loyal Customers"
15254,127.906944444444,1,300.36,2011-08-04 15:04:00,2011-08-04 15:04:00,2,2,2,6,"222","At Risk"
15255,67.0048611111111,1,890.85,2011-10-04 12:43:00,2011-10-04 12:43:00,3,2,3,8,"323","Potential Loyalists"
15256,149.04375,1,98.45,2011-07-14 11:47:00,2011-07-14 11:47:00,2,2,1,5,"221","Hibernating"
15257,283.994444444444,1,317.15,2011-03-01 12:58:00,2011-03-01 12:58:00,1,2,2,5,"122","At Risk"
15258,169.013888888889,2,623.16,2011-05-06 14:16:00,2011-06-24 12:30:00,2,3,3,8,"233","Needing Attention"
15260,100.954861111111,7,1810.77,2010-12-02 12:09:00,2011-08-31 13:55:00,2,5,4,11,"254","Needing Attention"
15261,135.895833333333,1,254.82,2011-07-27 15:20:00,2011-07-27 15:20:00,2,2,2,6,"222","At Risk"
15262,324.023611111111,1,178.95,2011-01-20 12:16:00,2011-01-20 12:16:00,1,2,1,4,"121","Hibernating"
15263,107.1,1,156.51,2011-08-25 10:26:00,2011-08-25 10:26:00,2,2,1,5,"221","Hibernating"
15264,64.9590277777778,1,393.74,2011-10-06 13:49:00,2011-10-06 13:49:00,3,2,2,7,"322","Potential Loyalists"
15265,151.919444444444,2,1506.12,2011-04-18 12:16:00,2011-07-11 14:46:00,2,3,4,9,"234","Needing Attention"
15266,338.965277777778,1,119.3,2011-01-05 13:40:00,2011-01-05 13:40:00,1,2,1,4,"121","Hibernating"
15267,22.86875,5,1717.36,2011-06-10 10:24:00,2011-11-17 15:59:00,4,4,4,12,"444","Loyal Customers"
15269,24.1375,1,408.8,2011-11-16 09:32:00,2011-11-16 09:32:00,4,2,2,8,"422","Potential Loyalists"
15270,16.1430555555556,7,2379.49,2011-02-02 13:25:00,2011-11-24 09:24:00,4,5,5,14,"455","Champions"
15271,7.94375,15,2507.07,2010-12-09 13:47:00,2011-12-02 14:11:00,5,5,5,15,"555","Champions"
15272,57.99375,2,721.94,2011-09-14 16:36:00,2011-10-13 12:59:00,3,3,3,9,"333","Potential Loyalists"
15274,4.82847222222222,2,716.57,2011-11-21 14:17:00,2011-12-05 16:57:00,5,3,3,11,"533","Loyal Customers"
15275,38.0625,1,615.14,2011-11-02 11:20:00,2011-11-02 11:20:00,3,2,3,8,"323","Potential Loyalists"
15276,66.8409722222222,1,135.31,2011-10-04 16:39:00,2011-10-04 16:39:00,3,2,1,6,"321","Others"
15277,47.1125,1,255.9,2011-10-24 10:08:00,2011-10-24 10:08:00,3,2,2,7,"322","Potential Loyalists"
15279,355.084722222222,1,290.51,2010-12-20 10:48:00,2010-12-20 10:48:00,1,2,2,5,"122","At Risk"
15280,172.816666666667,1,113.12,2011-06-20 17:14:00,2011-06-20 17:14:00,2,2,1,5,"221","Hibernating"
15281,59.1527777777778,9,2332.15,2011-01-10 15:51:00,2011-10-12 09:10:00,3,5,5,13,"355","Champions"
15286,50.0708333333333,1,240.55,2011-10-21 11:08:00,2011-10-21 11:08:00,3,2,1,6,"321","Others"
15287,22.8861111111111,2,486.69,2011-09-30 12:30:00,2011-11-17 15:34:00,4,3,2,9,"432","Potential Loyalists"
15288,43.8277777777778,5,2306.52,2010-12-09 13:59:00,2011-10-27 16:58:00,3,4,5,12,"345","Potential Loyalists"
15289,29.9590277777778,3,939.78,2011-04-04 12:44:00,2011-11-10 13:49:00,4,4,3,11,"443","Loyal Customers"
15290,5.04930555555556,18,7943.22,2010-12-15 16:03:00,2011-12-05 11:39:00,5,5,5,15,"555","Champions"
15291,26.075,15,4668.3,2010-12-01 09:32:00,2011-11-14 11:02:00,4,5,5,14,"455","Champions"
15292,201.909722222222,1,180.94,2011-05-22 15:00:00,2011-05-22 15:00:00,1,2,1,4,"121","Hibernating"
15296,51.04375,6,3672.86,2011-01-17 11:57:00,2011-10-20 11:47:00,3,5,5,13,"355","Champions"
15297,10.8458333333333,3,641.94,2011-10-07 09:42:00,2011-11-29 16:32:00,5,4,3,12,"543","Loyal Customers"
15298,2.81458333333333,12,4799.9,2010-12-08 13:55:00,2011-12-07 17:17:00,5,5,5,15,"555","Champions"
15299,67.9381944444444,7,4507.01,2010-12-02 16:48:00,2011-10-03 14:19:00,3,5,5,13,"355","Champions"
15300,64.8208333333333,1,496.44,2011-10-06 17:08:00,2011-10-06 17:08:00,3,2,3,8,"323","Potential Loyalists"
15301,51.1201388888889,12,5070.35,2010-12-06 12:21:00,2011-10-20 09:57:00,3,5,5,13,"355","Champions"
15303,290.952083333333,1,574.02,2011-02-22 13:59:00,2011-02-22 13:59:00,1,2,3,6,"123","At Risk"
15304,61.1020833333333,8,694.4,2010-12-06 11:42:00,2011-10-10 10:23:00,3,5,3,11,"353","Potential Loyalists"
15306,64.9958333333333,3,1174.35,2011-07-14 15:22:00,2011-10-06 12:56:00,3,4,4,11,"344","Potential Loyalists"
15307,96.05,1,205.3,2011-09-05 11:38:00,2011-09-05 11:38:00,2,2,1,5,"221","Hibernating"
15308,274.9875,1,310.47,2011-03-10 13:08:00,2011-03-10 13:08:00,1,2,2,5,"122","At Risk"
15311,1.03472222222222,91,60767.9,2010-12-01 09:41:00,2011-12-09 12:00:00,5,5,5,15,"555","Champions"
15312,75.9861111111111,4,924.85,2010-12-20 12:51:00,2011-09-25 13:10:00,2,4,3,9,"243","Needing Attention"
15313,110.866666666667,1,52,2011-08-21 16:02:00,2011-08-21 16:02:00,2,2,1,5,"221","Hibernating"
15314,199.924305555556,1,327.97,2011-05-24 14:39:00,2011-05-24 14:39:00,1,2,2,5,"122","At Risk"
15315,64.9993055555556,2,570.5,2011-08-15 15:17:00,2011-10-06 12:51:00,3,3,3,9,"333","Potential Loyalists"
15316,327.052777777778,1,165,2011-01-17 11:34:00,2011-01-17 11:34:00,1,2,1,4,"121","Hibernating"
15318,4.05555555555556,1,312.62,2011-12-06 11:30:00,2011-12-06 11:30:00,5,2,2,9,"522","Potential Loyalists"
15319,284.001388888889,1,204.5,2011-03-01 12:48:00,2011-03-01 12:48:00,1,2,1,4,"121","Hibernating"
15320,44.9743055555556,1,267.13,2011-10-26 13:27:00,2011-10-26 13:27:00,3,2,2,7,"322","Potential Loyalists"
15321,71.1319444444444,3,2748.31,2011-02-21 11:10:00,2011-09-30 09:40:00,3,4,5,12,"345","Potential Loyalists"
15322,86.1361111111111,1,679.68,2011-09-15 09:34:00,2011-09-15 09:34:00,2,2,3,7,"223","At Risk"
15325,104.038194444444,1,162.29,2011-08-28 11:55:00,2011-08-28 11:55:00,2,2,1,5,"221","Hibernating"
15326,334.05,1,311.71,2011-01-10 11:38:00,2011-01-10 11:38:00,1,2,2,5,"122","At Risk"
15327,53.0381944444444,1,208.75,2011-10-18 11:55:00,2011-10-18 11:55:00,3,2,1,6,"321","Others"
15329,39.8847222222222,3,1049.7,2011-06-21 10:37:00,2011-10-31 15:36:00,3,4,4,11,"344","Potential Loyalists"
15330,32.7916666666667,2,714.96,2011-10-10 12:30:00,2011-11-07 17:50:00,4,3,3,10,"433","Loyal Customers"
15332,366.921527777778,4,1661.06,2010-12-05 12:00:00,2010-12-08 14:43:00,1,4,4,9,"144","Needing Attention"
15333,208.974305555556,1,1028.56,2011-05-15 13:27:00,2011-05-15 13:27:00,1,2,4,7,"124","At Risk"
15334,157.061111111111,3,351.67,2011-06-19 13:51:00,2011-07-06 11:22:00,2,4,2,8,"242","At Risk"
15335,54,1,173.97,2011-10-17 12:50:00,2011-10-17 12:50:00,3,2,1,6,"321","Others"
15339,66.9993055555556,2,574.07,2011-01-25 13:15:00,2011-10-04 12:51:00,3,3,3,9,"333","Potential Loyalists"
15341,81.1319444444444,1,2020.52,2011-09-20 09:40:00,2011-09-20 09:40:00,2,2,4,8,"224","At Risk"
15342,130.104861111111,1,406.09,2011-08-02 10:19:00,2011-08-02 10:19:00,2,2,2,6,"222","At Risk"
15343,87.9548611111111,1,364.5,2011-09-13 13:55:00,2011-09-13 13:55:00,2,2,2,6,"222","At Risk"
15344,1.08680555555556,3,563.94,2011-09-26 14:48:00,2011-12-09 10:45:00,5,4,3,12,"543","Loyal Customers"
15345,46.0569444444444,1,393.54,2011-10-25 11:28:00,2011-10-25 11:28:00,3,2,2,7,"322","Potential Loyalists"
15346,333.063888888889,1,252.42,2011-01-11 11:18:00,2011-01-11 11:18:00,1,2,2,5,"122","At Risk"
15347,366.892361111111,1,201.6,2010-12-08 15:25:00,2010-12-08 15:25:00,1,2,1,4,"121","Hibernating"
15348,72.98125,1,158.04,2011-09-28 13:17:00,2011-09-28 13:17:00,2,2,1,5,"221","Hibernating"
15349,158.863888888889,2,473.81,2011-06-05 15:46:00,2011-07-04 16:06:00,2,3,2,7,"232","At Risk"
15350,373.970138888889,1,115.65,2010-12-01 13:33:00,2010-12-01 13:33:00,1,2,1,4,"121","Hibernating"
15351,12.9986111111111,7,1960.11,2010-12-05 11:49:00,2011-11-27 12:52:00,5,5,4,14,"554","Champions"
15353,255.024305555556,2,777.02,2010-12-07 11:49:00,2011-03-30 12:15:00,1,3,3,7,"133","Needing Attention"
15355,29.9625,2,277.05,2011-10-17 15:22:00,2011-11-10 13:44:00,4,3,2,9,"432","Potential Loyalists"
15356,31.9854166666667,10,2766.5,2010-12-06 14:05:00,2011-11-08 13:11:00,4,5,5,14,"455","Champions"
15358,5.15694444444444,22,8347.2,2010-12-09 10:04:00,2011-12-05 09:04:00,5,5,5,15,"555","Champions"
15360,40.1354166666667,1,427.93,2011-10-31 09:35:00,2011-10-31 09:35:00,3,2,2,7,"322","Potential Loyalists"
15361,362.123611111111,1,418.92,2010-12-13 09:52:00,2010-12-13 09:52:00,1,2,2,5,"122","At Risk"
15363,373.015277777778,1,326,2010-12-02 12:28:00,2010-12-02 12:28:00,1,2,2,5,"122","At Risk"
15364,96.1277777777778,2,913.19,2011-03-30 13:39:00,2011-09-05 09:46:00,2,3,3,8,"233","Needing Attention"
15365,26.18125,7,2314.32,2011-01-28 13:08:00,2011-11-14 08:29:00,4,5,5,14,"455","Champions"
15366,75.9090277777778,2,602.51,2010-12-16 15:59:00,2011-09-25 15:01:00,2,3,3,8,"233","Needing Attention"
15367,57.9423611111111,4,1877.59,2011-03-09 13:53:00,2011-10-13 14:13:00,3,4,4,11,"344","Potential Loyalists"
15368,21.9222222222222,1,446.94,2011-11-18 14:42:00,2011-11-18 14:42:00,4,2,2,8,"422","Potential Loyalists"
15370,41.0777777777778,7,2386.05,2011-01-11 11:32:00,2011-10-30 10:58:00,3,5,5,13,"355","Champions"
15372,137.840972222222,1,2007.4,2011-07-25 16:39:00,2011-07-25 16:39:00,2,2,4,8,"224","At Risk"
15373,8.90625,12,2415.91,2010-12-03 14:40:00,2011-12-01 15:05:00,5,5,5,15,"555","Champions"
15374,129.11875,1,168,2011-08-03 09:59:00,2011-08-03 09:59:00,2,2,1,5,"221","Hibernating"
15376,40.9069444444444,3,1233.36,2011-05-01 13:45:00,2011-10-30 15:04:00,3,4,4,11,"344","Potential Loyalists"
15379,169.984027777778,7,3703.29,2010-12-16 13:02:00,2011-06-23 13:13:00,2,5,5,12,"255","Needing Attention"
15380,9.02569444444444,5,1690.26,2010-12-09 15:01:00,2011-12-01 12:13:00,5,4,4,13,"544","Champions"
15381,214.038194444444,2,596.85,2011-03-16 13:44:00,2011-05-10 11:55:00,1,3,3,7,"133","Needing Attention"
15382,15.0777777777778,6,5955.71,2011-02-17 12:01:00,2011-11-25 10:58:00,4,5,5,14,"455","Champions"
15384,170.078472222222,2,642.41,2010-12-15 11:34:00,2011-06-23 10:57:00,2,3,3,8,"233","Needing Attention"
15385,40.9020833333333,1,316.88,2011-10-30 15:11:00,2011-10-30 15:11:00,3,2,2,7,"322","Potential Loyalists"
15386,186.960416666667,1,394.14,2011-06-06 13:47:00,2011-06-06 13:47:00,1,2,2,5,"122","At Risk"
15388,270.95625,1,140.54,2011-03-14 13:53:00,2011-03-14 13:53:00,1,2,1,4,"121","Hibernating"
15389,172.855555555556,1,500,2011-06-20 16:18:00,2011-06-20 16:18:00,2,2,3,7,"223","At Risk"
15392,5.07569444444444,4,1535.53,2010-12-14 15:50:00,2011-12-05 11:01:00,5,4,4,13,"544","Champions"
15393,16.8347222222222,2,231.86,2011-03-03 16:58:00,2011-11-23 16:48:00,4,3,1,8,"431","Others"
15394,10.0423611111111,4,2183.54,2010-12-16 12:46:00,2011-11-30 11:49:00,5,4,5,14,"545","Champions"
15395,326.006944444444,1,107.45,2011-01-18 12:40:00,2011-01-18 12:40:00,1,2,1,4,"121","Hibernating"
15396,113.079166666667,1,288.18,2011-08-19 10:56:00,2011-08-19 10:56:00,2,2,2,6,"222","At Risk"
15397,290.142361111111,1,94,2011-02-23 09:25:00,2011-02-23 09:25:00,1,2,1,4,"121","Hibernating"
15398,16.8354166666667,2,1345.53,2011-09-22 14:56:00,2011-11-23 16:47:00,4,3,4,11,"434","Loyal Customers"
15399,1.99027777777778,3,815.77,2011-09-21 15:57:00,2011-12-08 13:04:00,5,4,3,12,"543","Loyal Customers"
15400,92.9534722222222,5,716.2,2011-03-06 11:27:00,2011-09-08 13:57:00,2,4,3,9,"243","Needing Attention"
15402,149.022916666667,2,626.77,2011-05-27 13:32:00,2011-07-14 12:17:00,2,3,3,8,"233","Needing Attention"
15405,189.920833333333,1,349.1,2011-06-03 14:44:00,2011-06-03 14:44:00,1,2,2,5,"122","At Risk"
15406,31.9777777777778,2,510.71,2011-02-11 16:19:00,2011-11-08 13:22:00,4,3,3,10,"433","Loyal Customers"
15407,34.0381944444444,4,1056.44,2011-02-07 13:18:00,2011-11-06 11:55:00,3,4,4,11,"344","Potential Loyalists"
15408,264.908333333333,1,267.18,2011-03-20 15:02:00,2011-03-20 15:02:00,1,2,2,5,"122","At Risk"
15410,84.91875,8,3450.84,2011-03-23 10:15:00,2011-09-16 14:47:00,2,5,5,12,"255","Needing Attention"
15411,26.8965277777778,4,1358.88,2011-06-10 12:30:00,2011-11-13 15:19:00,4,4,4,12,"444","Loyal Customers"
15412,171.893055555556,1,190.53,2011-06-21 15:24:00,2011-06-21 15:24:00,2,2,1,5,"221","Hibernating"
15414,10.125,3,774.9,2011-04-11 13:45:00,2011-11-30 09:50:00,5,4,3,12,"543","Loyal Customers"
15415,313.942361111111,1,572.81,2011-01-30 14:13:00,2011-01-30 14:13:00,1,2,3,6,"123","At Risk"
15416,65.1333333333333,4,3984.32,2011-03-02 08:41:00,2011-10-06 09:38:00,3,4,5,12,"345","Potential Loyalists"
15417,85.8916666666667,1,508.8,2011-09-15 15:26:00,2011-09-15 15:26:00,2,2,3,7,"223","At Risk"
15419,25.14375,1,135.86,2011-11-15 09:23:00,2011-11-15 09:23:00,4,2,1,7,"421","Others"
15421,59.1458333333333,4,950.36,2011-02-02 14:36:00,2011-10-12 09:20:00,3,4,4,11,"344","Potential Loyalists"
15422,323.85625,2,97.7,2011-01-20 14:17:00,2011-01-20 16:17:00,1,3,1,5,"131","Others"
15423,38.9506944444444,1,43.5,2011-11-01 14:01:00,2011-11-01 14:01:00,3,2,1,6,"321","Others"
15424,254.991666666667,2,383.34,2011-03-30 13:00:00,2011-03-30 13:02:00,1,3,2,6,"132","At Risk"
15426,19.8847222222222,5,1447.39,2010-12-05 13:55:00,2011-11-20 15:36:00,4,4,4,12,"444","Loyal Customers"
15427,33.93125,3,1483.14,2011-10-23 14:47:00,2011-11-06 14:29:00,3,4,4,11,"344","Potential Loyalists"
15428,15.8305555555556,1,93.78,2011-11-24 16:54:00,2011-11-24 16:54:00,4,2,1,7,"421","Others"
15429,27.0152777777778,2,397.35,2011-09-25 13:42:00,2011-11-13 12:28:00,4,3,2,9,"432","Potential Loyalists"
15432,23.8472222222222,1,171.19,2011-11-16 16:30:00,2011-11-16 16:30:00,4,2,1,7,"421","Others"
15433,214.086805555556,2,533.3,2011-03-17 14:12:00,2011-05-10 10:45:00,1,3,3,7,"133","Needing Attention"
15434,8.97013888888889,5,1041.48,2011-05-23 14:18:00,2011-12-01 13:33:00,5,4,4,13,"544","Champions"
15435,22.8409722222222,1,149.29,2011-11-17 16:39:00,2011-11-17 16:39:00,4,2,1,7,"421","Others"
15436,12.8645833333333,3,1122.53,2011-04-19 16:52:00,2011-11-27 16:05:00,5,4,4,13,"544","Champions"
15437,262.985416666667,1,200.16,2011-03-22 13:11:00,2011-03-22 13:11:00,1,2,1,4,"121","Hibernating"
15438,131.938194444444,1,156.58,2011-07-31 14:19:00,2011-07-31 14:19:00,2,2,1,5,"221","Hibernating"
15440,55.0236111111111,3,383.68,2011-05-15 11:30:00,2011-10-16 12:16:00,3,4,2,9,"342","Potential Loyalists"
15442,249.018055555556,1,594,2011-04-05 12:24:00,2011-04-05 12:24:00,1,2,3,6,"123","At Risk"
15443,2.09027777777778,7,3236.91,2011-01-23 13:25:00,2011-12-08 10:40:00,5,5,5,15,"555","Champions"
15444,9.80069444444444,2,1418.26,2011-10-30 16:12:00,2011-11-30 17:37:00,5,3,4,12,"534","Loyal Customers"
15445,264.905555555556,1,113.5,2011-03-20 15:06:00,2011-03-20 15:06:00,1,2,1,4,"121","Hibernating"
15447,331.058333333333,1,155.17,2011-01-13 11:26:00,2011-01-13 11:26:00,1,2,1,4,"121","Hibernating"
15448,313.088888888889,1,494.64,2011-01-31 10:42:00,2011-01-31 10:42:00,1,2,3,6,"123","At Risk"
15449,26.9083333333333,3,974.52,2011-03-23 10:43:00,2011-11-13 15:02:00,4,4,4,12,"444","Loyal Customers"
15450,30.81875,1,429.84,2011-11-09 17:11:00,2011-11-09 17:11:00,4,2,2,8,"422","Potential Loyalists"
15452,30.0256944444444,3,538.73,2011-03-20 15:21:00,2011-11-10 12:13:00,4,4,3,11,"443","Loyal Customers"
15453,2.07708333333333,7,1388.37,2011-06-05 12:37:00,2011-12-08 10:59:00,5,5,4,14,"554","Champions"
15454,362.936805555556,1,179.1,2010-12-12 14:21:00,2010-12-12 14:21:00,1,2,1,4,"121","Hibernating"
15456,283.957638888889,3,447.22,2010-12-15 15:34:00,2011-03-01 13:51:00,1,4,2,7,"142","At Risk"
15457,262.888194444444,1,237.07,2011-03-22 15:31:00,2011-03-22 15:31:00,1,2,1,4,"121","Hibernating"
15458,25.9875,1,161.64,2011-11-14 13:08:00,2011-11-14 13:08:00,4,2,1,7,"421","Others"
15460,354.8625,1,216.76,2010-12-20 16:08:00,2010-12-20 16:08:00,1,2,1,4,"121","Hibernating"
15462,94.9854166666667,3,234.6,2011-06-05 15:36:00,2011-09-06 13:11:00,2,4,1,7,"241","Others"
15463,29.9951388888889,1,126.14,2011-11-10 12:57:00,2011-11-10 12:57:00,4,2,1,7,"421","Others"
15464,338.870833333333,1,1048.85,2011-01-05 15:56:00,2011-01-05 15:56:00,1,2,4,7,"124","At Risk"
15465,20.1104166666667,18,7354.62,2010-12-05 10:12:00,2011-11-20 10:11:00,4,5,5,14,"455","Champions"
15466,85.9458333333333,1,334.53,2011-09-15 14:08:00,2011-09-15 14:08:00,2,2,2,6,"222","At Risk"
15467,9.93958333333333,3,524.88,2011-07-10 14:42:00,2011-11-30 14:17:00,5,4,3,12,"543","Loyal Customers"
15468,51.9590277777778,2,467.51,2011-10-19 13:38:00,2011-10-19 13:49:00,3,3,2,8,"332","Potential Loyalists"
15469,50.8534722222222,2,538.55,2011-08-11 16:54:00,2011-10-20 16:21:00,3,3,3,9,"333","Potential Loyalists"
15471,2.94305555555556,1,469.48,2011-12-07 14:12:00,2011-12-07 14:12:00,5,2,2,9,"522","Potential Loyalists"
15472,113.897916666667,1,371.56,2011-08-18 15:17:00,2011-08-18 15:17:00,2,2,2,6,"222","At Risk"
15473,14.8993055555556,7,1771.2,2011-10-10 11:12:00,2011-11-25 15:15:00,4,5,4,13,"454","Champions"
15475,77.8958333333333,1,454.11,2011-09-23 15:20:00,2011-09-23 15:20:00,2,2,2,6,"222","At Risk"
15478,40.9381944444444,2,1441.42,2011-10-14 11:09:00,2011-10-30 14:19:00,3,3,4,10,"334","Potential Loyalists"
15480,116.929166666667,1,905.5,2011-08-15 14:32:00,2011-08-15 14:32:00,2,2,3,7,"223","At Risk"
15482,16.0861111111111,12,11054.96,2010-12-16 10:08:00,2011-11-24 10:46:00,4,5,5,14,"455","Champions"
15483,161.988194444444,4,233.81,2011-03-18 12:26:00,2011-07-01 13:07:00,2,4,1,7,"241","Others"
15484,1.90763888888889,4,3594.31,2011-09-22 13:31:00,2011-12-08 15:03:00,5,4,5,14,"545","Champions"
15485,30.9298611111111,3,2575,2010-12-01 13:23:00,2011-11-09 14:31:00,4,4,5,13,"445","Champions"
15488,93.1104166666667,1,91.32,2011-09-08 10:11:00,2011-09-08 10:11:00,2,2,1,5,"221","Hibernating"
15489,23.1645833333333,3,1134.28,2011-05-12 12:54:00,2011-11-17 08:53:00,4,4,4,12,"444","Loyal Customers"
15491,95.8708333333333,6,3100.09,2011-04-18 10:04:00,2011-09-05 15:56:00,2,5,5,12,"255","Needing Attention"
15492,28.9145833333333,2,659.46,2011-09-26 14:02:00,2011-11-11 14:53:00,4,3,3,10,"433","Loyal Customers"
15493,33.0319444444444,5,2001.8,2011-03-14 11:44:00,2011-11-07 12:04:00,4,4,4,12,"444","Loyal Customers"
15494,21.9159722222222,2,1299.23,2011-08-10 15:29:00,2011-11-18 14:51:00,4,3,4,11,"434","Loyal Customers"
15497,18.0409722222222,2,1262.2,2011-01-24 10:01:00,2011-11-22 11:51:00,4,3,4,11,"434","Loyal Customers"
15498,3.00138888888889,27,13316.4,2010-12-08 12:29:00,2011-12-07 12:48:00,5,5,5,15,"555","Champions"
15500,8.96041666666667,4,1131.56,2011-09-19 13:47:00,2011-12-01 13:47:00,5,4,4,13,"544","Champions"
15502,16.0013888888889,12,10384.93,2010-12-05 15:40:00,2011-11-24 12:48:00,4,5,5,14,"455","Champions"
15503,363.078472222222,1,147.09,2010-12-12 10:57:00,2010-12-12 10:57:00,1,2,1,4,"121","Hibernating"
15504,81.9618055555556,1,52.83,2011-09-19 13:45:00,2011-09-19 13:45:00,2,2,1,5,"221","Hibernating"
15505,53.2041666666667,5,3610.96,2011-07-07 13:33:00,2011-10-18 07:56:00,3,4,5,12,"345","Potential Loyalists"
15506,23.0270833333333,3,979.26,2011-07-24 11:45:00,2011-11-17 12:11:00,4,4,4,12,"444","Loyal Customers"
15507,172.063194444444,1,492.36,2011-06-21 11:19:00,2011-06-21 11:19:00,2,2,3,7,"223","At Risk"
15508,189.879861111111,6,1000.27,2011-04-18 15:31:00,2011-06-03 15:43:00,1,5,4,10,"154","Needing Attention"
15510,331.027777777778,1,250,2011-01-13 12:10:00,2011-01-13 12:10:00,1,2,1,4,"121","Hibernating"
15511,12.1298611111111,5,909.23,2011-09-15 15:05:00,2011-11-28 09:43:00,5,4,3,12,"543","Loyal Customers"
15512,156.104166666667,2,121,2010-12-15 12:01:00,2011-07-07 10:20:00,2,3,1,6,"231","Others"
15513,33.9263888888889,19,14758.22,2010-12-01 11:22:00,2011-11-06 14:36:00,3,5,5,13,"355","Champions"
15514,12.9236111111111,11,4139.46,2010-12-10 13:50:00,2011-11-27 14:40:00,5,5,5,15,"555","Champions"
15516,45.0826388888889,3,62.43,2011-10-24 11:33:00,2011-10-26 10:51:00,3,4,1,8,"341","Others"
15517,233.95,1,267.03,2011-04-20 14:02:00,2011-04-20 14:02:00,1,2,2,5,"122","At Risk"
15518,64.9895833333333,8,1942.45,2011-01-11 12:55:00,2011-10-06 13:05:00,3,5,4,12,"354","Potential Loyalists"
15520,2.07777777777778,1,343.5,2011-12-08 10:58:00,2011-12-08 10:58:00,5,2,2,9,"522","Potential Loyalists"
15521,40.9638888888889,8,3000.2,2011-03-30 09:15:00,2011-10-30 13:42:00,3,5,5,13,"355","Champions"
15522,33.0583333333333,2,398.84,2011-09-13 12:26:00,2011-11-07 11:26:00,3,3,2,8,"332","Potential Loyalists"
15523,84.8479166666667,1,412.01,2011-09-16 16:29:00,2011-09-16 16:29:00,2,2,2,6,"222","At Risk"
15524,25.0284722222222,1,440,2011-11-15 12:09:00,2011-11-15 12:09:00,4,2,2,8,"422","Potential Loyalists"
15525,2.92152777777778,3,825.92,2010-12-01 13:17:00,2011-12-07 14:43:00,5,4,3,12,"543","Loyal Customers"
15526,33.9069444444444,2,148.44,2011-11-06 15:01:00,2011-11-06 15:04:00,3,3,1,7,"331","Others"
15527,19.0229166666667,8,2429.78,2010-12-20 14:15:00,2011-11-21 12:17:00,4,5,5,14,"455","Champions"
15528,254.858333333333,1,229.33,2011-03-30 16:14:00,2011-03-30 16:14:00,1,2,1,4,"121","Hibernating"
15529,23.05625,11,3995.23,2010-12-08 12:24:00,2011-11-17 11:29:00,4,5,5,14,"455","Champions"
15530,22.0173611111111,4,1502.35,2011-04-07 11:16:00,2011-11-18 12:25:00,4,4,4,12,"444","Loyal Customers"
15531,8.75486111111111,2,2007.44,2011-11-09 17:47:00,2011-12-01 18:43:00,5,3,4,12,"534","Loyal Customers"
15532,25.9159722222222,4,1580.93,2010-12-16 16:45:00,2011-11-14 14:51:00,4,4,4,12,"444","Loyal Customers"
15533,19.8854166666667,3,807.57,2011-09-11 15:41:00,2011-11-20 15:35:00,4,4,3,11,"443","Loyal Customers"
15535,173.866666666667,4,536.4,2011-01-16 12:35:00,2011-06-19 16:02:00,2,4,3,9,"243","Needing Attention"
15537,163.986111111111,1,110.92,2011-06-29 13:10:00,2011-06-29 13:10:00,2,2,1,5,"221","Hibernating"
15539,7.96805555555556,1,538.46,2011-12-02 13:36:00,2011-12-02 13:36:00,5,2,3,10,"523","Potential Loyalists"
15540,11.9576388888889,1,213.3,2011-11-28 13:51:00,2011-11-28 13:51:00,5,2,1,8,"521","Others"
15541,114.911111111111,1,85.13,2011-08-17 14:58:00,2011-08-17 14:58:00,2,2,1,5,"221","Hibernating"
15543,288.891666666667,1,127.86,2011-02-24 15:26:00,2011-02-24 15:26:00,1,2,1,4,"121","Hibernating"
15544,9.83819444444444,9,3546.71,2010-12-02 12:47:00,2011-11-30 16:43:00,5,5,5,15,"555","Champions"
15545,54.9763888888889,2,292.72,2010-12-03 17:28:00,2011-10-16 13:24:00,3,3,2,8,"332","Potential Loyalists"
15547,7.99861111111111,14,4954.84,2010-12-12 13:26:00,2011-12-02 12:52:00,5,5,5,15,"555","Champions"
15549,77.8527777777778,3,1693.26,2011-01-27 15:38:00,2011-09-23 16:22:00,2,4,4,10,"244","Needing Attention"
15550,4.88333333333333,4,575.63,2011-02-11 12:49:00,2011-12-05 15:38:00,5,4,3,12,"543","Loyal Customers"
15551,37.0090277777778,1,436.06,2011-11-03 12:37:00,2011-11-03 12:37:00,3,2,2,7,"322","Potential Loyalists"
15552,217.91875,1,90.12,2011-05-06 14:47:00,2011-05-06 14:47:00,1,2,1,4,"121","Hibernating"
15553,60.95,1,437.23,2011-10-10 14:02:00,2011-10-10 14:02:00,3,2,2,7,"322","Potential Loyalists"
15554,278.159722222222,1,217.2,2011-03-07 09:00:00,2011-03-07 09:00:00,1,2,1,4,"121","Hibernating"
15555,12.8548611111111,16,4805.17,2010-12-05 14:45:00,2011-11-27 16:19:00,5,5,5,15,"555","Champions"
15556,24.8625,1,279.77,2011-11-15 16:08:00,2011-11-15 16:08:00,4,2,2,8,"422","Potential Loyalists"
15557,29.0027777777778,1,473.65,2011-11-11 12:46:00,2011-11-11 12:46:00,4,2,2,8,"422","Potential Loyalists"
15561,12.0715277777778,4,800.59,2011-05-08 11:38:00,2011-11-28 11:07:00,5,4,3,12,"543","Loyal Customers"
15562,352.121527777778,1,134.55,2010-12-23 09:55:00,2010-12-23 09:55:00,1,2,1,4,"121","Hibernating"
15563,22.9166666666667,4,1400.44,2010-12-16 11:27:00,2011-11-17 14:50:00,4,4,4,12,"444","Loyal Customers"
15565,50.9284722222222,2,173.16,2011-09-30 10:44:00,2011-10-20 14:33:00,3,3,1,7,"331","Others"
15567,19.0847222222222,1,186.01,2011-11-21 10:48:00,2011-11-21 10:48:00,4,2,1,7,"421","Others"
15568,3.05763888888889,3,758.29,2011-09-27 14:37:00,2011-12-07 11:27:00,5,4,3,12,"543","Loyal Customers"
15569,104.107638888889,5,1375.71,2011-01-11 13:26:00,2011-08-28 10:15:00,2,4,4,10,"244","Needing Attention"
15570,7.91875,12,4165.52,2010-12-05 12:57:00,2011-12-02 14:47:00,5,5,5,15,"555","Champions"
15571,12.1166666666667,4,650.43,2011-09-22 13:15:00,2011-11-28 10:02:00,5,4,3,12,"543","Loyal Customers"
15572,5.11180555555556,7,2552.86,2011-03-06 14:44:00,2011-12-05 10:09:00,5,5,5,15,"555","Champions"
15573,32.05,2,607.45,2011-09-15 12:16:00,2011-11-08 11:38:00,4,3,3,10,"433","Loyal Customers"
15574,178.034027777778,4,702.25,2010-12-02 15:46:00,2011-06-15 12:01:00,2,4,3,9,"243","Needing Attention"
15576,38.0326388888889,1,940.67,2011-11-02 12:03:00,2011-11-02 12:03:00,3,2,3,8,"323","Potential Loyalists"
15577,151.824305555556,3,258.88,2011-02-07 13:32:00,2011-07-11 17:03:00,2,4,2,8,"242","At Risk"
15578,162.990972222222,1,127.1,2011-06-30 13:03:00,2011-06-30 13:03:00,2,2,1,5,"221","Hibernating"
15579,69.0034722222222,2,348.6,2011-01-30 12:09:00,2011-10-02 12:45:00,3,3,2,8,"332","Potential Loyalists"
15581,121.133333333333,13,3679.97,2010-12-08 14:38:00,2011-08-11 09:38:00,2,5,5,12,"255","Needing Attention"
15582,25.1215277777778,3,682.91,2011-05-03 13:36:00,2011-11-15 09:55:00,4,4,3,11,"443","Loyal Customers"
15584,24.0798611111111,4,725.11,2011-06-30 16:39:00,2011-11-16 10:55:00,4,4,3,11,"443","Loyal Customers"
15585,177.175,1,455.3,2011-06-16 08:38:00,2011-06-16 08:38:00,2,2,2,6,"222","At Risk"
15587,50.9673611111111,4,913.68,2010-12-23 09:59:00,2011-10-20 13:37:00,3,4,3,10,"343","Potential Loyalists"
15589,256.122222222222,3,478.53,2011-02-02 10:46:00,2011-03-29 09:54:00,1,4,2,7,"142","At Risk"
15592,47.1604166666667,1,388.58,2011-10-24 08:59:00,2011-10-24 08:59:00,3,2,2,7,"322","Potential Loyalists"
15593,71.0444444444445,1,199.8,2011-09-30 11:46:00,2011-09-30 11:46:00,3,2,1,6,"321","Others"
15594,16.1645833333333,5,1771.78,2011-04-19 10:08:00,2011-11-24 08:53:00,4,4,4,12,"444","Loyal Customers"
15596,101.079861111111,5,1406.59,2010-12-09 16:10:00,2011-08-31 10:55:00,2,4,4,10,"244","Needing Attention"
15597,35.975,1,324.57,2011-11-04 13:26:00,2011-11-04 13:26:00,3,2,2,7,"322","Potential Loyalists"
15598,53.8652777777778,1,240.68,2011-10-17 16:04:00,2011-10-17 16:04:00,3,2,1,6,"321","Others"
15599,27.0458333333333,2,761.74,2011-05-19 13:05:00,2011-11-13 11:44:00,4,3,3,10,"433","Loyal Customers"
15601,11.8993055555556,14,6776.56,2010-12-02 10:39:00,2011-11-28 15:15:00,5,5,5,15,"555","Champions"
15602,8.94166666666667,9,1297.87,2010-12-06 15:35:00,2011-12-01 14:14:00,5,5,4,14,"554","Champions"
15603,79.1152777777778,1,48.48,2011-09-22 10:04:00,2011-09-22 10:04:00,2,2,1,5,"221","Hibernating"
15604,52.91875,1,216.39,2011-10-18 14:47:00,2011-10-18 14:47:00,3,2,1,6,"321","Others"
15605,36.9395833333333,5,1198.23,2010-12-01 13:38:00,2011-11-03 14:17:00,3,4,4,11,"344","Potential Loyalists"
15606,61.8770833333333,9,2920.16,2011-01-19 12:07:00,2011-10-09 15:47:00,3,5,5,13,"355","Champions"
15607,337.004166666667,1,104.76,2011-01-07 12:44:00,2011-01-07 12:44:00,1,2,1,4,"121","Hibernating"
15608,28.9791666666667,4,1093.68,2011-08-11 09:56:00,2011-11-11 13:20:00,4,4,4,12,"444","Loyal Customers"
15609,184.993055555556,1,298.48,2011-06-08 13:00:00,2011-06-08 13:00:00,1,2,2,5,"122","At Risk"
15610,52.0930555555556,1,112.46,2011-10-19 10:36:00,2011-10-19 10:36:00,3,2,1,6,"321","Others"
15611,10.0097222222222,13,1591.45,2011-01-09 11:32:00,2011-11-30 12:36:00,5,5,4,14,"554","Champions"
15612,36.9152777777778,2,195.15,2011-10-09 12:49:00,2011-11-03 14:52:00,3,3,1,7,"331","Others"
15615,10.9222222222222,23,10399.74,2010-12-15 16:21:00,2011-11-29 14:42:00,5,5,5,15,"555","Champions"
15618,33.1777777777778,4,776.851,2011-07-26 10:13:00,2011-11-07 08:34:00,3,4,3,10,"343","Potential Loyalists"
15619,11.1916666666667,1,336.4,2011-11-29 08:14:00,2011-11-29 08:14:00,5,2,2,9,"522","Potential Loyalists"
15620,57.00625,3,1553.18,2010-12-16 14:34:00,2011-10-14 12:41:00,3,4,4,11,"344","Potential Loyalists"
15621,4.95069444444444,4,1293.03,2011-11-18 11:49:00,2011-12-05 14:01:00,5,4,4,13,"544","Champions"
15622,43.8375,9,3709.56,2011-03-02 13:42:00,2011-10-27 16:44:00,3,5,5,13,"355","Champions"
15623,141.808333333333,1,301.03,2011-07-21 17:26:00,2011-07-21 17:26:00,2,2,2,6,"222","At Risk"
15624,117.05,4,588.13,2011-03-28 13:32:00,2011-08-15 11:38:00,2,4,3,9,"243","Needing Attention"
15625,104.103472222222,4,1534.26,2011-04-18 14:01:00,2011-08-28 10:21:00,2,4,4,10,"244","Needing Attention"
15626,75.1159722222222,2,675.8,2011-01-14 10:10:00,2011-09-26 10:03:00,2,3,3,8,"233","Needing Attention"
15628,5.10138888888889,9,2870.24,2010-12-08 09:51:00,2011-12-05 10:24:00,5,5,5,15,"555","Champions"
15630,45.8847222222222,2,1186.35,2011-05-19 10:16:00,2011-10-25 15:36:00,3,3,4,10,"334","Potential Loyalists"
15632,16.1243055555556,8,3285.31,2011-03-10 08:29:00,2011-11-24 09:51:00,4,5,5,14,"455","Champions"
15634,17.8486111111111,1,243.55,2011-11-22 16:28:00,2011-11-22 16:28:00,4,2,1,7,"421","Others"
15636,90.0645833333333,2,724.76,2011-03-02 14:50:00,2011-09-11 11:17:00,2,3,3,8,"233","Needing Attention"
15637,53.1819444444444,1,223.36,2011-10-18 08:28:00,2011-10-18 08:28:00,3,2,1,6,"321","Others"
15639,134.930555555556,1,425.32,2011-07-28 14:30:00,2011-07-28 14:30:00,2,2,2,6,"222","At Risk"
15640,4.92708333333333,15,12515.66,2010-12-02 15:40:00,2011-12-05 14:35:00,5,5,5,15,"555","Champions"
15641,105.948611111111,4,1887.2,2010-12-15 14:45:00,2011-08-26 14:04:00,2,4,4,10,"244","Needing Attention"
15643,192.216666666667,3,664,2011-03-02 14:34:00,2011-06-01 07:38:00,1,4,3,8,"143","Needing Attention"
15644,166.913888888889,4,813,2011-03-23 15:37:00,2011-06-26 14:54:00,2,4,3,9,"243","Needing Attention"
15645,19.0381944444444,1,612.01,2011-11-21 11:55:00,2011-11-21 11:55:00,4,2,3,9,"423","Potential Loyalists"
15646,158.122916666667,3,447.64,2010-12-02 16:59:00,2011-07-05 09:53:00,2,4,2,8,"242","At Risk"
15648,204.872916666667,2,657.35,2011-03-17 18:59:00,2011-05-19 15:53:00,1,3,3,7,"133","Needing Attention"
15649,336.969444444444,2,816,2010-12-07 10:06:00,2011-01-07 13:34:00,1,3,3,7,"133","Needing Attention"
15651,37.1729166666667,3,646.3,2011-03-24 08:56:00,2011-11-03 08:41:00,3,4,3,10,"343","Potential Loyalists"
15652,91.9361111111111,1,337.74,2011-09-09 14:22:00,2011-09-09 14:22:00,2,2,2,6,"222","At Risk"
15653,93.0840277777778,2,877.44,2011-08-16 09:50:00,2011-09-08 10:49:00,2,3,3,8,"233","Needing Attention"
15654,9.9875,2,922.53,2011-11-13 15:15:00,2011-11-30 13:08:00,5,3,3,11,"533","Loyal Customers"
15655,243.892361111111,1,560.67,2011-04-10 15:25:00,2011-04-10 15:25:00,1,2,3,6,"123","At Risk"
15656,45.9125,4,748.5,2011-02-28 15:32:00,2011-10-25 14:56:00,3,4,3,10,"343","Potential Loyalists"
15657,23.0215277777778,1,30,2011-11-17 12:19:00,2011-11-17 12:19:00,4,2,1,7,"421","Others"
15658,190.894444444444,5,1024.1,2010-12-02 10:53:00,2011-06-02 15:22:00,1,4,4,9,"144","Needing Attention"
15659,44.14375,1,306.45,2011-10-27 09:23:00,2011-10-27 09:23:00,3,2,2,7,"322","Potential Loyalists"
15660,25.8277777777778,9,1600.86,2010-12-09 09:49:00,2011-11-14 16:58:00,4,5,4,13,"454","Champions"
15661,317.954166666667,2,309.8,2011-01-05 12:32:00,2011-01-26 13:56:00,1,3,2,6,"132","At Risk"
15663,106.875,1,138.14,2011-08-25 15:50:00,2011-08-25 15:50:00,2,2,1,5,"221","Hibernating"
15664,51.0784722222222,1,386.43,2011-10-20 10:57:00,2011-10-20 10:57:00,3,2,2,7,"322","Potential Loyalists"
15665,168.911805555556,2,2242.01,2011-04-10 15:09:00,2011-06-24 14:57:00,2,3,5,10,"235","Needing Attention"
15667,40.0791666666667,1,301.32,2011-10-31 10:56:00,2011-10-31 10:56:00,3,2,2,7,"322","Potential Loyalists"
15668,218.090972222222,1,76.32,2011-05-06 10:39:00,2011-05-06 10:39:00,1,2,1,4,"121","Hibernating"
15669,40.8659722222222,4,684.34,2011-03-21 09:13:00,2011-10-30 16:03:00,3,4,3,10,"343","Potential Loyalists"
15670,297.083333333333,1,173.05,2011-02-16 10:50:00,2011-02-16 10:50:00,1,2,1,4,"121","Hibernating"
15671,19.0048611111111,7,2657.13,2011-03-14 09:37:00,2011-11-21 12:43:00,4,5,5,14,"455","Champions"
15673,88.8597222222222,4,2881.02,2011-01-16 16:25:00,2011-09-12 16:12:00,2,4,5,11,"245","Needing Attention"
15674,73.8979166666667,5,2446.6,2011-03-30 09:19:00,2011-09-27 15:17:00,2,4,5,11,"245","Needing Attention"
15675,81.9597222222222,3,323.69,2011-03-04 14:21:00,2011-09-19 13:48:00,2,4,2,8,"242","At Risk"
15676,19.0069444444444,3,3435.76,2011-03-01 10:19:00,2011-11-21 12:40:00,4,4,5,13,"445","Champions"
15677,49.8847222222222,1,657.23,2011-10-21 15:36:00,2011-10-21 15:36:00,3,2,3,8,"323","Potential Loyalists"
15678,53.1423611111111,1,352.7,2011-10-18 09:25:00,2011-10-18 09:25:00,3,2,2,7,"322","Potential Loyalists"
15679,24.8548611111111,4,781.28,2011-06-10 08:24:00,2011-11-15 16:19:00,4,4,3,11,"443","Loyal Customers"
15680,9.96111111111111,3,1333.68,2010-12-08 14:43:00,2011-11-30 13:46:00,5,4,4,13,"544","Champions"
15681,25.8472222222222,5,1426.16,2011-03-04 13:46:00,2011-11-14 16:30:00,4,4,4,12,"444","Loyal Customers"
15683,117.995833333333,1,193.75,2011-08-14 12:56:00,2011-08-14 12:56:00,2,2,1,5,"221","Hibernating"
15687,9.17847222222222,9,2993.1,2011-01-13 15:13:00,2011-12-01 08:33:00,5,5,5,15,"555","Champions"
15689,120.134027777778,2,254.1,2010-12-13 09:57:00,2011-08-12 09:37:00,2,3,2,7,"232","At Risk"
15690,4.86875,2,239.76,2011-08-31 11:40:00,2011-12-05 15:59:00,5,3,1,9,"531","Others"
15691,252.900694444444,1,136.8,2011-04-01 15:13:00,2011-04-01 15:13:00,1,2,1,4,"121","Hibernating"
15692,28.9430555555556,1,191.04,2011-11-11 14:12:00,2011-11-11 14:12:00,4,2,1,7,"421","Others"
15694,1.12916666666667,14,6479.4,2010-12-02 07:49:00,2011-12-09 09:44:00,5,5,5,15,"555","Champions"
15695,267.179166666667,2,409.98,2011-03-18 08:31:00,2011-03-18 08:32:00,1,3,2,6,"132","At Risk"
15696,33.95,8,2736.46,2011-01-17 11:24:00,2011-11-06 14:02:00,3,5,5,13,"355","Champions"
15699,18.1833333333333,1,309.65,2011-11-22 08:26:00,2011-11-22 08:26:00,4,2,2,8,"422","Potential Loyalists"
15700,172.83125,2,696.68,2011-06-19 15:36:00,2011-06-20 16:53:00,2,3,3,8,"233","Needing Attention"
15701,2.92430555555556,4,1542.14,2011-08-21 12:36:00,2011-12-07 14:39:00,5,4,4,13,"544","Champions"
15703,265.082638888889,1,211.5,2011-03-20 10:51:00,2011-03-20 10:51:00,1,2,1,4,"121","Hibernating"
15704,140.96875,4,2293.62,2011-05-08 12:42:00,2011-07-22 13:35:00,2,4,5,11,"245","Needing Attention"
15705,201.884027777778,1,143.1,2011-05-22 15:37:00,2011-05-22 15:37:00,1,2,1,4,"121","Hibernating"
15706,64.1118055555555,4,1060.56,2011-08-15 14:32:00,2011-10-07 10:09:00,3,4,4,11,"344","Potential Loyalists"
15707,35.9270833333333,4,945.58,2011-09-14 14:19:00,2011-11-04 14:35:00,3,4,4,11,"344","Potential Loyalists"
15708,41.0805555555556,7,3364.24,2010-12-05 11:12:00,2011-10-30 10:54:00,3,5,5,13,"355","Champions"
15709,284.091666666667,1,133.25,2011-03-01 10:38:00,2011-03-01 10:38:00,1,2,1,4,"121","Hibernating"
15712,9.94513888888889,5,1072.36,2011-02-25 11:32:00,2011-11-30 14:09:00,5,4,4,13,"544","Champions"
15713,143.969444444444,2,356.7,2010-12-08 15:16:00,2011-07-19 13:34:00,2,3,2,7,"232","At Risk"
15714,12.0583333333333,2,330.88,2011-09-23 11:25:00,2011-11-28 11:26:00,5,3,2,10,"532","Potential Loyalists"
15716,146.035416666667,4,1118.81,2010-12-05 12:26:00,2011-07-17 11:59:00,2,4,4,10,"244","Needing Attention"
15717,234.978472222222,1,150.3,2011-04-19 13:21:00,2011-04-19 13:21:00,1,2,1,4,"121","Hibernating"
15719,33.0145833333333,13,5045.61,2011-01-06 12:31:00,2011-11-07 12:29:00,4,5,5,14,"455","Champions"
15720,24.9180555555556,1,598.73,2011-11-15 14:48:00,2011-11-15 14:48:00,4,2,3,9,"423","Potential Loyalists"
15721,12.025,1,507.08,2011-11-28 12:14:00,2011-11-28 12:14:00,5,2,3,10,"523","Potential Loyalists"
15722,36.0465277777778,5,2222.56,2011-02-22 12:24:00,2011-11-04 11:43:00,3,4,5,12,"345","Potential Loyalists"
15723,365.068055555556,1,203.1,2010-12-10 11:12:00,2010-12-10 11:12:00,1,2,1,4,"121","Hibernating"
15724,201.923611111111,2,218.25,2011-02-28 10:40:00,2011-05-22 14:40:00,1,3,1,5,"131","Others"
15725,15.9159722222222,1,415.25,2011-11-24 14:51:00,2011-11-24 14:51:00,4,2,2,8,"422","Potential Loyalists"
15727,17.0097222222222,7,5178.96,2010-12-15 15:47:00,2011-11-23 12:36:00,4,5,5,14,"455","Champions"
15729,213.009722222222,1,85,2011-05-11 12:36:00,2011-05-11 12:36:00,1,2,1,4,"121","Hibernating"
15730,66.0131944444445,3,1120.88,2011-05-17 12:43:00,2011-10-05 12:31:00,3,4,4,11,"344","Potential Loyalists"
15732,212.934722222222,2,294.12,2010-12-02 15:00:00,2011-05-11 14:24:00,1,3,2,6,"132","At Risk"
15733,283.15625,1,162.3,2011-03-02 09:05:00,2011-03-02 09:05:00,1,2,1,4,"121","Hibernating"
15734,115.083333333333,2,1339.45,2011-05-23 14:59:00,2011-08-17 10:50:00,2,3,4,9,"234","Needing Attention"
15737,15.0618055555556,8,1205.12,2011-04-11 10:01:00,2011-11-25 11:21:00,4,5,4,13,"454","Champions"
15738,19.1833333333333,16,4812.42,2010-12-02 12:50:00,2011-11-21 08:26:00,4,5,5,14,"455","Champions"
15739,66.9638888888889,1,449.12,2011-10-04 13:42:00,2011-10-04 13:42:00,3,2,2,7,"322","Potential Loyalists"
15740,49.93125,1,154.88,2011-10-21 14:29:00,2011-10-21 14:29:00,3,2,1,6,"321","Others"
15743,16.8131944444444,4,784.46,2011-06-08 10:14:00,2011-11-23 17:19:00,4,4,3,11,"443","Loyal Customers"
15744,78.1236111111111,1,34.8,2011-09-23 09:52:00,2011-09-23 09:52:00,2,2,1,5,"221","Hibernating"
15745,19.9618055555556,4,1094.59,2011-04-17 13:04:00,2011-11-20 13:45:00,4,4,4,12,"444","Loyal Customers"
15746,134.895138888889,1,196.88,2011-07-28 15:21:00,2011-07-28 15:21:00,2,2,1,5,"221","Hibernating"
15747,13.0166666666667,3,974.04,2011-06-20 11:30:00,2011-11-27 12:26:00,5,4,4,13,"544","Champions"
15748,40.9993055555556,1,149.31,2011-10-30 12:51:00,2011-10-30 12:51:00,3,2,1,6,"321","Others"
15749,235.979166666667,3,44534.3,2011-01-11 12:55:00,2011-04-18 13:20:00,1,4,5,10,"145","Needing Attention"
15750,3.01111111111111,8,2465.48,2010-12-08 10:36:00,2011-12-07 12:34:00,5,5,5,15,"555","Champions"
15752,40.0506944444444,7,2637.38,2010-12-02 09:43:00,2011-10-31 11:37:00,3,5,5,13,"355","Champions"
15753,305.00625,1,79.2,2011-02-08 12:41:00,2011-02-08 12:41:00,1,2,1,4,"121","Hibernating"
15754,51.9236111111111,3,458.57,2011-04-07 12:24:00,2011-10-19 14:40:00,3,4,2,9,"342","Potential Loyalists"
15755,10.9118055555556,6,2364.25,2011-02-18 11:53:00,2011-11-29 14:57:00,5,5,5,15,"555","Champions"
15756,61.9722222222222,4,532.96,2011-04-04 14:00:00,2011-10-09 13:30:00,3,4,3,10,"343","Potential Loyalists"
15757,66.025,2,714.42,2011-05-06 11:40:00,2011-10-05 12:14:00,3,3,3,9,"333","Potential Loyalists"
15758,25.0847222222222,1,205.25,2011-11-15 10:48:00,2011-11-15 10:48:00,4,2,1,7,"421","Others"
15759,218.900694444444,3,253.04,2010-12-16 15:29:00,2011-05-05 15:13:00,1,4,2,7,"142","At Risk"
15762,65.8576388888889,2,583.75,2011-09-23 15:17:00,2011-10-05 16:15:00,3,3,3,9,"333","Potential Loyalists"
15763,32.1291666666667,2,1086.92,2011-09-23 12:10:00,2011-11-08 09:44:00,4,3,4,11,"434","Loyal Customers"
15764,88.7861111111111,6,3279.97,2011-03-08 09:23:00,2011-09-12 17:58:00,2,5,5,12,"255","Needing Attention"
15766,64.8243055555556,1,315.06,2011-10-06 17:03:00,2011-10-06 17:03:00,3,2,2,7,"322","Potential Loyalists"
15768,116.084722222222,3,621.83,2011-04-28 09:20:00,2011-08-16 10:48:00,2,4,3,9,"243","Needing Attention"
15769,7.95694444444444,26,56252.72,2010-12-03 15:16:00,2011-12-02 13:52:00,5,5,5,15,"555","Champions"
15773,6.00138888888889,1,635.68,2011-12-04 12:48:00,2011-12-04 12:48:00,5,2,3,10,"523","Potential Loyalists"
15774,69.0319444444444,1,270.8,2011-10-02 12:04:00,2011-10-02 12:04:00,3,2,2,7,"322","Potential Loyalists"
15775,245.995833333333,1,104.9,2011-04-08 12:56:00,2011-04-08 12:56:00,1,2,1,4,"121","Hibernating"
15776,133.961111111111,1,241.62,2011-07-29 13:46:00,2011-07-29 13:46:00,2,2,1,5,"221","Hibernating"
15777,241.838194444444,4,1047.11,2010-12-13 16:38:00,2011-04-12 16:43:00,1,4,4,9,"144","Needing Attention"
15780,184.034027777778,3,475.28,2010-12-17 11:43:00,2011-06-09 12:01:00,1,4,2,7,"142","At Risk"
15781,25.9118055555556,3,345.46,2011-02-07 09:15:00,2011-11-14 14:57:00,4,4,2,10,"442","Potential Loyalists"
15782,10.0840277777778,3,2614.74,2011-09-11 14:29:00,2011-11-30 10:49:00,5,4,5,14,"545","Champions"
15783,11.125,1,246.3,2011-11-29 09:50:00,2011-11-29 09:50:00,5,2,1,8,"521","Others"
15785,33.0534722222222,5,2328.97,2011-02-17 14:17:00,2011-11-07 11:33:00,3,4,5,12,"345","Potential Loyalists"
15786,46.9423611111111,3,4932.2,2011-08-17 13:33:00,2011-10-24 14:13:00,3,4,5,12,"345","Potential Loyalists"
15787,26.9131944444444,3,948.05,2011-10-09 13:11:00,2011-11-13 14:55:00,4,4,4,12,"444","Loyal Customers"
15789,358.927083333333,1,351.3,2010-12-16 14:35:00,2010-12-16 14:35:00,1,2,2,5,"122","At Risk"
15790,10.9145833333333,1,220.85,2011-11-29 14:53:00,2011-11-29 14:53:00,5,2,1,8,"521","Others"
15791,44.1083333333333,2,1612.69,2011-05-19 15:15:00,2011-10-27 10:14:00,3,3,4,10,"334","Potential Loyalists"
15793,15.1381944444444,3,965.61,2011-03-16 10:45:00,2011-11-25 09:31:00,4,4,4,12,"444","Loyal Customers"
15795,150.088194444444,1,610.01,2011-07-13 10:43:00,2011-07-13 10:43:00,2,2,3,7,"223","At Risk"
15796,1.70486111111111,8,2711.56,2011-02-10 15:40:00,2011-12-08 19:55:00,5,5,5,15,"555","Champions"
15797,113.823611111111,4,2207.4,2011-01-24 15:47:00,2011-08-18 17:04:00,2,4,5,11,"245","Needing Attention"
15799,76.0027777777778,3,884.14,2011-01-09 15:13:00,2011-09-25 12:46:00,2,4,3,9,"243","Needing Attention"
15800,107.935416666667,2,699.08,2011-04-07 12:39:00,2011-08-24 14:23:00,2,3,3,8,"233","Needing Attention"
15801,46.9569444444444,3,1063.95,2011-08-22 09:53:00,2011-10-24 13:52:00,3,4,4,11,"344","Potential Loyalists"
15802,143.05,1,451.42,2011-07-20 11:38:00,2011-07-20 11:38:00,2,2,2,6,"222","At Risk"
15803,51.9125,1,415.82,2011-10-19 14:56:00,2011-10-19 14:56:00,3,2,2,7,"322","Potential Loyalists"
15804,1.01319444444444,13,4206.39,2011-05-25 10:12:00,2011-12-09 12:31:00,5,5,5,15,"555","Champions"
15805,23.8458333333333,17,5528.48,2010-12-10 09:33:00,2011-11-16 16:32:00,4,5,5,14,"455","Champions"
15806,46.9270833333333,3,784.58,2011-03-08 09:24:00,2011-10-24 14:35:00,3,4,3,10,"343","Potential Loyalists"
15807,50.9444444444444,3,903.9,2011-09-23 14:43:00,2011-10-20 14:10:00,3,4,3,10,"343","Potential Loyalists"
15808,306.928472222222,4,3734.97,2010-12-05 13:05:00,2011-02-06 14:33:00,1,4,5,10,"145","Needing Attention"
15809,36.8402777777778,5,515.77,2011-02-10 11:16:00,2011-11-03 16:40:00,3,4,3,10,"343","Potential Loyalists"
15810,79.1333333333333,4,1391.98,2011-02-16 09:11:00,2011-09-22 09:38:00,2,4,4,10,"244","Needing Attention"
15811,22.8881944444444,6,2218.62,2010-12-09 15:29:00,2011-11-17 15:31:00,4,5,5,14,"455","Champions"
15812,107.938194444444,5,1801.14,2011-01-26 12:12:00,2011-08-24 14:19:00,2,4,4,10,"244","Needing Attention"
15813,208.192361111111,2,1303.91,2011-04-14 09:09:00,2011-05-16 08:13:00,1,3,4,8,"134","Needing Attention"
15814,17.1895833333333,4,1945.33,2011-10-20 09:04:00,2011-11-23 08:17:00,4,4,4,12,"444","Loyal Customers"
15815,64.0055555555556,5,2100.6,2011-03-25 08:43:00,2011-10-07 12:42:00,3,4,5,12,"345","Potential Loyalists"
15819,49.9166666666667,4,1905.45,2011-03-08 09:45:00,2011-10-21 14:50:00,3,4,4,11,"344","Potential Loyalists"
15820,320.034722222222,1,206.98,2011-01-24 12:00:00,2011-01-24 12:00:00,1,2,1,4,"121","Hibernating"
15821,44.8763888888889,2,570.96,2011-10-09 13:28:00,2011-10-26 15:48:00,3,3,3,9,"333","Potential Loyalists"
15822,3.91666666666667,2,885.47,2010-12-15 13:38:00,2011-12-06 14:50:00,5,3,3,11,"533","Loyal Customers"
15823,372.904166666667,1,15,2010-12-02 15:08:00,2010-12-02 15:08:00,1,2,1,4,"121","Hibernating"
15825,172.974305555556,1,532.94,2011-06-20 13:27:00,2011-06-20 13:27:00,2,2,3,7,"223","At Risk"
15826,56.8645833333333,3,1654.31,2011-05-13 10:44:00,2011-10-14 16:05:00,3,4,4,11,"344","Potential Loyalists"
15827,73.8854166666667,14,1836.09,2010-12-02 13:06:00,2011-09-27 15:35:00,2,5,4,11,"254","Needing Attention"
15829,99.8368055555556,2,636.14,2011-07-22 10:23:00,2011-09-01 16:45:00,2,3,3,8,"233","Needing Attention"
15830,38.0902777777778,1,576,2011-11-02 10:40:00,2011-11-02 10:40:00,3,2,3,8,"323","Potential Loyalists"
15831,58.9833333333333,3,801.76,2011-01-19 14:52:00,2011-10-12 13:14:00,3,4,3,10,"343","Potential Loyalists"
15832,254.889583333333,1,836.79,2011-03-30 15:29:00,2011-03-30 15:29:00,1,2,3,6,"123","At Risk"
15834,70.9229166666667,4,2233.75,2011-03-07 17:52:00,2011-09-30 14:41:00,3,4,5,12,"345","Potential Loyalists"
15835,44.8770833333333,4,954.09,2011-01-13 10:35:00,2011-10-26 15:47:00,3,4,4,11,"344","Potential Loyalists"
15836,50.8173611111111,1,137.37,2011-10-20 17:13:00,2011-10-20 17:13:00,3,2,1,6,"321","Others"
15837,65.1590277777778,1,391.98,2011-10-06 09:01:00,2011-10-06 09:01:00,3,2,2,7,"322","Potential Loyalists"
15838,11.9513888888889,19,33643.08,2010-12-07 11:26:00,2011-11-28 14:00:00,5,5,5,15,"555","Champions"
15839,33.9555555555556,3,1048.49,2011-07-14 16:35:00,2011-11-06 13:54:00,3,4,4,11,"344","Potential Loyalists"
15840,59.1541666666667,2,355.56,2011-06-20 11:42:00,2011-10-12 09:08:00,3,3,2,8,"332","Potential Loyalists"
15841,73.0243055555556,4,1224.06,2011-01-05 11:25:00,2011-09-28 12:15:00,2,4,4,10,"244","Needing Attention"
15843,304.104861111111,1,118.95,2011-02-09 10:19:00,2011-02-09 10:19:00,1,2,1,4,"121","Hibernating"
15844,46.8965277777778,1,130.74,2011-10-24 15:19:00,2011-10-24 15:19:00,3,2,1,6,"321","Others"
15845,18.1305555555556,8,3711.77,2011-01-06 17:19:00,2011-11-22 09:42:00,4,5,5,14,"455","Champions"
15847,38.9229166666667,2,389.27,2011-02-24 16:46:00,2011-11-01 14:41:00,3,3,2,8,"332","Potential Loyalists"
15850,19.9416666666667,2,238.85,2011-06-24 14:16:00,2011-11-20 14:14:00,4,3,1,8,"431","Others"
15852,187.061111111111,2,160.71,2011-05-26 13:26:00,2011-06-06 11:22:00,1,3,1,5,"131","Others"
15853,52.0916666666667,1,110.8,2011-10-19 10:38:00,2011-10-19 10:38:00,3,2,1,6,"321","Others"
15854,4.96597222222222,12,2974.65,2010-12-13 11:47:00,2011-12-05 13:39:00,5,5,5,15,"555","Champions"
15855,137.104166666667,5,712.24,2011-03-21 12:32:00,2011-07-26 10:20:00,2,4,3,9,"243","Needing Attention"
15856,4.82013888888889,27,16387.57,2010-12-09 13:34:00,2011-12-05 17:09:00,5,5,5,15,"555","Champions"
15857,19.0222222222222,1,297,2011-11-21 12:18:00,2011-11-21 12:18:00,4,2,2,8,"422","Potential Loyalists"
15858,16.0013888888889,5,1438.85,2010-12-07 14:31:00,2011-11-24 12:48:00,4,4,4,12,"444","Loyal Customers"
15860,41.0590277777778,8,977.21,2010-12-06 11:38:00,2011-10-30 11:25:00,3,5,4,12,"354","Potential Loyalists"
15861,12.86875,8,3165.36,2011-03-17 20:12:00,2011-11-27 15:59:00,5,5,5,15,"555","Champions"
15862,8.97361111111111,4,832.88,2010-12-01 11:21:00,2011-12-01 13:28:00,5,4,3,12,"543","Loyal Customers"
15863,26.0006944444444,2,68.84,2011-05-31 11:36:00,2011-11-14 12:49:00,4,3,1,8,"431","Others"
15864,22.9708333333333,6,1936.32,2011-01-27 16:43:00,2011-11-17 13:32:00,4,5,4,13,"454","Champions"
15865,41.0048611111111,3,895.13,2011-05-10 11:44:00,2011-10-30 12:43:00,3,4,3,10,"343","Potential Loyalists"
15866,101.945138888889,1,230.53,2011-08-30 14:09:00,2011-08-30 14:09:00,2,2,1,5,"221","Hibernating"
15867,5.97083333333333,15,3812.64,2010-12-05 14:17:00,2011-12-04 13:32:00,5,5,5,15,"555","Champions"
15869,277.810416666667,2,149.64,2011-03-07 17:19:00,2011-03-07 17:23:00,1,3,1,5,"131","Others"
15870,33.0777777777778,1,354.09,2011-11-07 10:58:00,2011-11-07 10:58:00,3,2,2,7,"322","Potential Loyalists"
15872,15.0381944444444,2,360.93,2011-11-25 11:54:00,2011-11-25 11:55:00,4,3,2,9,"432","Potential Loyalists"
15874,64.0131944444445,7,4405.88,2011-02-28 13:28:00,2011-10-07 12:31:00,3,5,5,13,"355","Champions"
15877,2.03958333333333,2,493.28,2011-11-22 11:18:00,2011-12-08 11:53:00,5,3,3,11,"533","Loyal Customers"
15880,369.993055555556,1,343.28,2010-12-05 13:00:00,2010-12-05 13:00:00,1,2,2,5,"122","At Risk"
15881,312.827083333333,5,501.39,2010-12-10 13:32:00,2011-01-31 16:59:00,1,4,3,8,"143","Needing Attention"
15882,199.052083333333,4,516.36,2010-12-06 13:01:00,2011-05-25 11:35:00,1,4,3,8,"143","Needing Attention"
15883,2.82291666666667,2,396.48,2011-11-06 14:50:00,2011-12-07 17:05:00,5,3,2,10,"532","Potential Loyalists"
15885,93.0881944444444,3,379.35,2011-02-03 15:28:00,2011-09-08 10:43:00,2,4,2,8,"242","At Risk"
15886,60.9340277777778,1,181.09,2011-10-10 14:25:00,2011-10-10 14:25:00,3,2,1,6,"321","Others"
15888,81.0138888888889,1,168.31,2011-09-20 12:30:00,2011-09-20 12:30:00,2,2,1,5,"221","Hibernating"
15889,157.069444444444,2,446.87,2010-12-05 15:12:00,2011-07-06 11:10:00,2,3,2,7,"232","At Risk"
15891,227.010416666667,1,524.52,2011-04-27 12:35:00,2011-04-27 12:35:00,1,2,3,6,"123","At Risk"
15894,253.958333333333,2,263.55,2010-12-05 14:06:00,2011-03-31 13:50:00,1,3,2,6,"132","At Risk"
15895,150.099305555556,1,179.17,2011-07-13 10:27:00,2011-07-13 10:27:00,2,2,1,5,"221","Hibernating"
15897,194.958333333333,2,222.05,2011-05-29 13:32:00,2011-05-29 13:50:00,1,3,1,5,"131","Others"
15898,1.89375,5,1388.88,2010-12-06 11:01:00,2011-12-08 15:23:00,5,4,4,13,"544","Champions"
15899,369.093055555556,1,56.25,2010-12-06 10:36:00,2010-12-06 10:36:00,1,2,1,4,"121","Hibernating"
15900,24.0215277777778,1,351.11,2011-11-16 12:19:00,2011-11-16 12:19:00,4,2,2,8,"422","Potential Loyalists"
15901,17.0048611111111,3,363.88,2011-07-08 12:18:00,2011-11-23 12:43:00,4,4,2,10,"442","Potential Loyalists"
15903,10.1958333333333,7,5126.76,2011-02-17 14:04:00,2011-11-30 08:08:00,5,5,5,15,"555","Champions"
15904,8.91666666666667,1,164.68,2011-12-01 14:50:00,2011-12-01 14:50:00,5,2,1,8,"521","Others"
15906,20.0180555555556,7,1567.69,2011-03-29 13:28:00,2011-11-20 12:24:00,4,5,4,13,"454","Champions"
15907,4.02013888888889,3,967.45,2011-05-13 13:01:00,2011-12-06 12:21:00,5,4,4,13,"544","Champions"
15909,174.091666666667,1,191.94,2011-06-19 10:38:00,2011-06-19 10:38:00,2,2,1,5,"221","Hibernating"
15910,1.08263888888889,8,1232.18,2011-01-27 11:55:00,2011-12-09 10:51:00,5,5,4,14,"554","Champions"
15912,178.93125,2,264.62,2011-04-20 17:10:00,2011-06-14 14:29:00,2,3,2,7,"232","At Risk"
15916,16.9611111111111,8,1528.09,2010-12-08 13:07:00,2011-11-23 13:46:00,4,5,4,13,"454","Champions"
15917,248.090277777778,1,123.1,2011-04-06 10:40:00,2011-04-06 10:40:00,1,2,1,4,"121","Hibernating"
15918,191.047222222222,2,334.23,2011-03-13 15:55:00,2011-06-02 11:42:00,1,3,2,6,"132","At Risk"
15919,20.0569444444444,2,639.89,2010-12-06 11:26:00,2011-11-20 11:28:00,4,3,3,10,"433","Loyal Customers"
15920,154.888194444444,4,167.5,2011-07-08 15:16:00,2011-07-08 15:31:00,2,4,1,7,"241","Others"
15921,173.074305555556,1,336.03,2011-06-20 11:03:00,2011-06-20 11:03:00,2,2,2,6,"222","At Risk"
15922,373.957638888889,1,369.5,2010-12-01 13:51:00,2010-12-01 13:51:00,1,2,2,5,"122","At Risk"
15923,373.023611111111,1,127.08,2010-12-02 12:16:00,2010-12-02 12:16:00,1,2,1,4,"121","Hibernating"
15925,194.885416666667,1,207.15,2011-05-29 15:35:00,2011-05-29 15:35:00,1,2,1,4,"121","Hibernating"
15930,67.9152777777778,1,426.63,2011-10-03 14:52:00,2011-10-03 14:52:00,3,2,2,7,"322","Potential Loyalists"
15932,4.81736111111111,8,2495.87,2011-02-23 14:50:00,2011-12-05 17:13:00,5,5,5,15,"555","Champions"
15933,21.9833333333333,3,1107.46,2011-09-14 12:05:00,2011-11-18 13:14:00,4,4,4,12,"444","Loyal Customers"
15935,239.974305555556,2,416.86,2011-04-12 09:35:00,2011-04-14 13:27:00,1,3,2,6,"132","At Risk"
15937,64.8763888888889,1,145.35,2011-10-06 15:48:00,2011-10-06 15:48:00,3,2,1,6,"321","Others"
15938,112.995833333333,5,404.58,2011-01-20 10:11:00,2011-08-19 12:56:00,2,4,2,8,"242","At Risk"
15939,90.0555555555556,15,6115.01,2011-01-12 12:43:00,2011-09-11 11:30:00,2,5,5,12,"255","Needing Attention"
15940,311.855555555556,1,35.8,2011-02-01 16:18:00,2011-02-01 16:18:00,1,2,1,4,"121","Hibernating"
15942,134.159027777778,1,337.44,2011-07-29 09:01:00,2011-07-29 09:01:00,2,2,2,6,"222","At Risk"
15944,277.095138888889,1,325.1,2011-03-08 10:33:00,2011-03-08 10:33:00,1,2,2,5,"122","At Risk"
15945,365.983333333333,1,181,2010-12-09 13:14:00,2010-12-09 13:14:00,1,2,1,4,"121","Hibernating"
15947,83.0861111111111,1,1708.24,2011-09-18 10:46:00,2011-09-18 10:46:00,2,2,4,8,"224","At Risk"
15948,8.8875,2,955.24,2011-10-27 08:35:00,2011-12-01 15:32:00,5,3,4,12,"534","Loyal Customers"
15949,17.1534722222222,2,364.72,2011-09-29 17:34:00,2011-11-23 09:09:00,4,3,2,9,"432","Potential Loyalists"
15950,32.0701388888889,4,1765.51,2010-12-15 11:56:00,2011-11-08 11:09:00,4,4,4,12,"444","Loyal Customers"
15951,9.17777777777778,2,708.22,2011-02-27 11:57:00,2011-12-01 08:34:00,5,3,3,11,"533","Loyal Customers"
15952,34.0638888888889,4,806.57,2011-04-28 12:55:00,2011-11-06 11:18:00,3,4,3,10,"343","Potential Loyalists"
15953,15.8875,8,1659.38,2010-12-05 15:15:00,2011-11-24 15:32:00,4,5,4,13,"454","Champions"
15955,24.9409722222222,14,4416.26,2010-12-02 11:22:00,2011-11-15 14:15:00,4,5,5,14,"455","Champions"
15957,32.025,1,428.89,2011-11-08 12:14:00,2011-11-08 12:14:00,4,2,2,8,"422","Potential Loyalists"
15958,74.9645833333333,1,104.35,2011-09-26 13:41:00,2011-09-26 13:41:00,2,2,1,5,"221","Hibernating"
15963,20.0534722222222,2,470.76,2011-10-25 13:05:00,2011-11-20 11:33:00,4,3,2,9,"432","Potential Loyalists"
15965,17.8375,4,845.64,2010-12-07 13:18:00,2011-11-22 16:44:00,4,4,3,11,"443","Loyal Customers"
15967,23.88125,2,418.83,2011-01-25 11:57:00,2011-11-16 15:41:00,4,3,2,9,"432","Potential Loyalists"
15969,3.07222222222222,3,666.1,2011-06-07 12:19:00,2011-12-07 11:06:00,5,4,3,12,"543","Loyal Customers"
15970,304.029166666667,1,314.1,2011-02-09 12:08:00,2011-02-09 12:08:00,1,2,2,5,"122","At Risk"
15971,18,12,4199.85,2011-02-01 16:47:00,2011-11-22 12:50:00,4,5,5,14,"455","Champions"
15973,367.047222222222,1,307.82,2010-12-08 11:42:00,2010-12-08 11:42:00,1,2,2,5,"122","At Risk"
15974,39.9840277777778,7,3442.15,2011-02-24 10:10:00,2011-10-31 13:13:00,3,5,5,13,"355","Champions"
15975,84.9701388888889,1,371.01,2011-09-16 13:33:00,2011-09-16 13:33:00,2,2,2,6,"222","At Risk"
15976,165.993055555556,2,430.94,2011-05-03 17:12:00,2011-06-27 13:00:00,2,3,2,7,"232","At Risk"
15977,17.9729166666667,2,1054.73,2011-10-31 16:24:00,2011-11-22 13:29:00,4,3,4,11,"434","Loyal Customers"
15978,77.8951388888889,1,1098.78,2011-09-23 15:21:00,2011-09-23 15:21:00,2,2,4,8,"224","At Risk"
15980,89.13125,3,2398.86,2011-03-30 15:05:00,2011-09-12 09:41:00,2,4,5,11,"245","Needing Attention"
15981,25.2013888888889,8,3408.48,2011-02-01 13:50:00,2011-11-15 08:00:00,4,5,5,14,"455","Champions"
15983,22.8027777777778,4,1475.02,2010-12-01 12:15:00,2011-11-17 17:34:00,4,4,4,12,"444","Loyal Customers"
15984,3.02361111111111,10,2837.67,2010-12-06 13:21:00,2011-12-07 12:16:00,5,5,5,15,"555","Champions"
15985,123.846527777778,2,1142.42,2011-04-17 11:04:00,2011-08-08 16:31:00,2,3,4,9,"234","Needing Attention"
15986,30.8979166666667,1,168.12,2011-11-09 15:17:00,2011-11-09 15:17:00,4,2,1,7,"421","Others"
15987,12.8833333333333,7,1451.28,2010-12-06 08:34:00,2011-11-27 15:38:00,5,5,4,14,"554","Champions"
15988,19.9770833333333,1,158.03,2011-11-20 13:23:00,2011-11-20 13:23:00,4,2,1,7,"421","Others"
15990,44.8694444444444,2,792.11,2011-02-25 15:35:00,2011-10-26 15:58:00,3,3,3,9,"333","Potential Loyalists"
15992,4.07638888888889,1,41.99,2011-12-06 11:00:00,2011-12-06 11:00:00,5,2,1,8,"521","Others"
15993,9.08680555555556,7,2797.57,2011-10-26 16:21:00,2011-12-01 10:45:00,5,5,5,15,"555","Champions"
15994,55.0152777777778,1,427.07,2011-10-16 12:28:00,2011-10-16 12:28:00,3,2,2,7,"322","Potential Loyalists"
15996,88.9,6,1060.68,2010-12-08 15:59:00,2011-09-12 15:14:00,2,5,4,11,"254","Needing Attention"
15998,37.0034722222222,5,3089.97,2010-12-12 13:32:00,2011-11-03 12:45:00,3,4,5,12,"345","Potential Loyalists"
16000,3.02291666666667,3,12393.7,2011-12-07 12:14:00,2011-12-07 12:17:00,5,4,5,14,"545","Champions"
16003,30.1201388888889,5,2735.37,2010-12-15 12:09:00,2011-11-10 09:57:00,4,4,5,13,"445","Champions"
16005,12.9604166666667,4,615.39,2011-03-14 11:46:00,2011-11-27 13:47:00,5,4,3,12,"543","Loyal Customers"
16006,211.984722222222,1,101.4,2011-05-12 13:12:00,2011-05-12 13:12:00,1,2,1,4,"121","Hibernating"
16007,48.0729166666667,4,1701.94,2011-05-08 13:32:00,2011-10-23 11:05:00,3,4,4,11,"344","Potential Loyalists"
16008,24.0958333333333,3,478.78,2011-05-19 10:54:00,2011-11-16 10:32:00,4,4,2,10,"442","Potential Loyalists"
16009,22.8326388888889,4,992.71,2011-07-03 11:26:00,2011-11-17 16:51:00,4,4,4,12,"444","Loyal Customers"
16010,246.108333333333,3,407.5,2010-12-12 12:18:00,2011-04-08 10:14:00,1,4,2,7,"142","At Risk"
16011,8.84652777777778,16,3362.71,2010-12-08 16:34:00,2011-12-01 16:31:00,5,5,5,15,"555","Champions"
16012,35.9756944444444,3,1415.29,2011-07-07 18:02:00,2011-11-04 13:25:00,3,4,4,11,"344","Potential Loyalists"
16013,4.09305555555556,47,37130.6,2010-12-03 13:09:00,2011-12-06 10:36:00,5,5,5,15,"555","Champions"
16014,38.0319444444444,3,662.38,2011-02-21 17:42:00,2011-11-02 12:04:00,3,4,3,10,"343","Potential Loyalists"
16015,4.07777777777778,3,705.39,2011-10-21 12:56:00,2011-12-06 10:58:00,5,4,3,12,"543","Loyal Customers"
16016,3.92708333333333,8,1508.76,2010-12-08 12:36:00,2011-12-06 14:35:00,5,5,4,14,"554","Champions"
16017,47.9958333333333,1,211.88,2011-10-23 12:56:00,2011-10-23 12:56:00,3,2,1,6,"321","Others"
16018,39.9423611111111,2,408.9,2011-06-12 13:52:00,2011-10-31 14:13:00,3,3,2,8,"332","Potential Loyalists"
16019,47.0409722222222,9,3786.24,2010-12-10 12:29:00,2011-10-24 11:51:00,3,5,5,13,"355","Champions"
16020,17.0638888888889,3,851.01,2011-10-05 13:54:00,2011-11-23 11:18:00,4,4,3,11,"443","Loyal Customers"
16022,260.981944444444,1,628.28,2011-03-24 13:16:00,2011-03-24 13:16:00,1,2,3,6,"123","At Risk"
16023,46.8444444444444,3,719.81,2011-03-18 13:32:00,2011-10-24 16:34:00,3,4,3,10,"343","Potential Loyalists"
16024,12.975,1,251.24,2011-11-27 13:26:00,2011-11-27 13:26:00,5,2,2,9,"522","Potential Loyalists"
16025,30.0451388888889,1,439.66,2011-11-10 11:45:00,2011-11-10 11:45:00,4,2,2,8,"422","Potential Loyalists"
16026,43.95625,1,236.09,2011-10-27 13:53:00,2011-10-27 13:53:00,3,2,1,6,"321","Others"
16027,92.0854166666667,6,934.62,2011-02-10 12:19:00,2011-09-09 10:47:00,2,5,3,10,"253","Needing Attention"
16029,39.0993055555556,63,81024.84,2010-12-01 09:57:00,2011-11-01 10:27:00,3,5,5,13,"355","Champions"
16030,310.056944444444,1,331.24,2011-02-03 11:28:00,2011-02-03 11:28:00,1,2,2,5,"122","At Risk"
16031,92.9881944444444,2,548.94,2011-04-06 14:23:00,2011-09-08 13:07:00,2,3,3,8,"233","Needing Attention"
16033,6.00416666666667,20,8816.4,2010-12-05 10:36:00,2011-12-04 12:44:00,5,5,5,15,"555","Champions"
16034,196.85625,3,437.7,2011-01-11 11:54:00,2011-05-27 16:17:00,1,4,2,7,"142","At Risk"
16036,87.9145833333333,2,758.92,2011-03-21 13:01:00,2011-09-13 14:53:00,2,3,3,8,"233","Needing Attention"
16037,270.150694444444,3,855.02,2010-12-16 10:18:00,2011-03-15 09:13:00,1,4,3,8,"143","Needing Attention"
16038,8.00694444444444,3,471.78,2011-05-22 11:29:00,2011-12-02 12:40:00,5,4,2,11,"542","Potential Loyalists"
16040,65.9604166666667,3,1313.55,2011-03-16 09:58:00,2011-10-05 13:47:00,3,4,4,11,"344","Potential Loyalists"
16041,31.0173611111111,3,3166.4,2011-07-21 16:27:00,2011-11-09 12:25:00,4,4,5,13,"445","Champions"
16042,22.7916666666667,5,1197.27,2011-01-11 13:25:00,2011-11-17 17:50:00,4,4,4,12,"444","Loyal Customers"
16043,38,4,773.99,2011-01-26 11:14:00,2011-11-02 12:50:00,3,4,3,10,"343","Potential Loyalists"
16045,120.00625,4,1340.7,2011-02-22 14:55:00,2011-08-12 12:41:00,2,4,4,10,"244","Needing Attention"
16048,373.890277777778,2,256.44,2010-12-01 15:27:00,2010-12-01 15:28:00,1,3,2,6,"132","At Risk"
16049,40.9798611111111,3,1111.79,2011-09-25 14:33:00,2011-10-30 13:19:00,3,4,4,11,"344","Potential Loyalists"
16050,174.045833333333,1,137.9,2011-06-19 11:44:00,2011-06-19 11:44:00,2,2,1,5,"221","Hibernating"
16052,54.9006944444444,1,362.06,2011-10-16 15:13:00,2011-10-16 15:13:00,3,2,2,7,"322","Potential Loyalists"
16053,33.0618055555556,2,1511.95,2011-08-09 14:57:00,2011-11-07 11:21:00,3,3,4,10,"334","Potential Loyalists"
16054,145.9875,1,783.9,2011-07-17 13:08:00,2011-07-17 13:08:00,2,2,3,7,"223","At Risk"
16055,221.141666666667,1,134.8,2011-05-03 09:26:00,2011-05-03 09:26:00,1,2,1,4,"121","Hibernating"
16056,45.8965277777778,1,664.85,2011-10-25 15:19:00,2011-10-25 15:19:00,3,2,3,8,"323","Potential Loyalists"
16057,16.89375,7,2263.12,2011-02-28 10:35:00,2011-11-23 15:23:00,4,5,5,14,"455","Champions"
16059,66.1208333333333,6,1459.86,2010-12-07 10:36:00,2011-10-05 09:56:00,3,5,4,12,"354","Potential Loyalists"
16062,10.0243055555556,4,1153.62,2010-12-10 12:00:00,2011-11-30 12:15:00,5,4,4,13,"544","Champions"
16063,260.9125,1,335.32,2011-03-24 14:55:00,2011-03-24 14:56:00,1,2,2,5,"122","At Risk"
16065,365.990972222222,1,372.09,2010-12-09 13:03:00,2010-12-09 13:03:00,1,2,2,5,"122","At Risk"
16066,17.0388888888889,5,1521.87,2011-08-07 14:33:00,2011-11-23 11:54:00,4,4,4,12,"444","Loyal Customers"
16070,22.875,2,852.15,2011-11-07 16:36:00,2011-11-17 15:50:00,4,3,3,10,"433","Loyal Customers"
16071,45.0666666666667,1,326.24,2011-10-26 11:14:00,2011-10-26 11:14:00,3,2,2,7,"322","Potential Loyalists"
16072,288.929166666667,1,584.32,2011-02-24 14:32:00,2011-02-24 14:32:00,1,2,3,6,"123","At Risk"
16073,297.88125,1,122.4,2011-02-15 15:41:00,2011-02-15 15:41:00,1,2,1,4,"121","Hibernating"
16076,3.91041666666667,10,2234.73,2011-05-15 12:31:00,2011-12-06 14:59:00,5,5,5,15,"555","Champions"
16078,284.127083333333,1,79.2,2011-03-01 09:47:00,2011-03-01 09:47:00,1,2,1,4,"121","Hibernating"
16079,17.0013888888889,3,1352,2011-10-30 13:06:00,2011-11-23 12:48:00,4,4,4,12,"444","Loyal Customers"
16080,82.0888888888889,2,217.16,2011-03-10 14:44:00,2011-09-19 10:42:00,2,3,1,6,"231","Others"
16081,56.9888888888889,5,2806.9,2010-12-08 11:16:00,2011-10-14 13:06:00,3,4,5,12,"345","Potential Loyalists"
16083,101.085416666667,2,1317.62,2010-12-14 11:51:00,2011-08-31 10:47:00,2,3,4,9,"234","Needing Attention"
16084,299.864583333333,1,436.18,2011-02-13 16:05:00,2011-02-13 16:05:00,1,2,2,5,"122","At Risk"
16085,23.9763888888889,5,981.51,2011-01-23 12:07:00,2011-11-16 13:24:00,4,4,4,12,"444","Loyal Customers"
16086,59.9868055555556,5,1121.39,2010-12-07 13:45:00,2011-10-11 13:09:00,3,4,4,11,"344","Potential Loyalists"
16091,155.170138888889,2,315.06,2011-05-25 09:18:00,2011-07-08 08:45:00,2,3,2,7,"232","At Risk"
16092,115.086111111111,3,817.86,2011-03-30 15:38:00,2011-08-17 10:46:00,2,4,3,9,"243","Needing Attention"
16093,107.070138888889,1,17,2011-08-25 11:09:00,2011-08-25 11:09:00,2,2,1,5,"221","Hibernating"
16094,12.0034722222222,4,1078.23,2011-05-04 13:57:00,2011-11-28 12:45:00,5,4,4,13,"544","Champions"
16096,264.966666666667,1,320.62,2011-03-20 13:38:00,2011-03-20 13:38:00,1,2,2,5,"122","At Risk"
16097,240.960416666667,1,185.05,2011-04-13 13:47:00,2011-04-13 13:47:00,1,2,1,4,"121","Hibernating"
16098,88.11875,7,2005.63,2010-12-01 09:45:00,2011-09-13 09:59:00,2,5,4,11,"254","Needing Attention"
16099,50.9840277777778,3,731.9,2011-04-28 08:34:00,2011-10-20 13:13:00,3,4,3,10,"343","Potential Loyalists"
16101,71.1055555555556,1,1290.7,2011-09-30 10:18:00,2011-09-30 10:18:00,3,2,4,9,"324","Potential Loyalists"
16102,42.9798611111111,3,1842.14,2011-08-03 12:50:00,2011-10-28 13:19:00,3,4,4,11,"344","Potential Loyalists"
16103,7.94027777777778,6,1429.64,2011-04-20 12:28:00,2011-12-02 14:16:00,5,5,4,14,"554","Champions"
16104,62.1020833333333,1,302.36,2011-10-09 10:23:00,2011-10-09 10:23:00,3,2,2,7,"322","Potential Loyalists"
16105,249.109027777778,1,336.96,2011-04-05 10:13:00,2011-04-05 10:13:00,1,2,2,5,"122","At Risk"
16106,66.0923611111111,1,108.38,2011-10-05 10:37:00,2011-10-05 10:37:00,3,2,1,6,"321","Others"
16107,18.1319444444444,7,3204.16,2011-06-09 18:42:00,2011-11-22 09:40:00,4,5,5,14,"455","Champions"
16108,85.0430555555556,1,842.5,2011-09-16 11:48:00,2011-09-16 11:48:00,2,2,3,7,"223","At Risk"
16109,219.147916666667,2,611.88,2011-02-04 12:37:00,2011-05-05 09:17:00,1,3,3,7,"133","Needing Attention"
16110,45.9270833333333,3,1337.48,2011-02-01 14:01:00,2011-10-25 14:35:00,3,4,4,11,"344","Potential Loyalists"
16112,143.931944444444,4,195.74,2011-01-05 11:47:00,2011-07-19 14:28:00,2,4,1,7,"241","Others"
16113,183.856944444444,1,161.38,2011-06-09 16:16:00,2011-06-09 16:16:00,1,2,1,4,"121","Hibernating"
16114,171.109027777778,1,135.75,2011-06-22 10:13:00,2011-06-22 10:13:00,2,2,1,5,"221","Hibernating"
16115,10.0541666666667,8,1667.97,2011-02-20 12:14:00,2011-11-30 11:32:00,5,5,4,14,"554","Champions"
16116,212.034027777778,1,612.78,2011-05-12 12:01:00,2011-05-12 12:01:00,1,2,3,6,"123","At Risk"
16117,190.047222222222,1,232.21,2011-06-03 11:42:00,2011-06-03 11:42:00,1,2,1,4,"121","Hibernating"
16119,8.90208333333333,2,423.36,2011-09-28 10:15:00,2011-12-01 15:11:00,5,3,2,10,"532","Potential Loyalists"
16120,59.9361111111111,4,1309.14,2011-10-11 14:10:00,2011-10-11 14:22:00,3,4,4,11,"344","Potential Loyalists"
16121,57.99375,2,867.11,2011-05-08 11:52:00,2011-10-13 12:59:00,3,3,3,9,"333","Potential Loyalists"
16122,73.8861111111111,4,684.42,2010-12-08 11:41:00,2011-09-27 15:34:00,2,4,3,9,"243","Needing Attention"
16123,52.1472222222222,1,307.78,2011-10-19 09:18:00,2011-10-19 09:18:00,3,2,2,7,"322","Potential Loyalists"
16124,317.920138888889,1,249,2011-01-26 14:45:00,2011-01-26 14:45:00,1,2,1,4,"121","Hibernating"
16125,367.876388888889,1,289.35,2010-12-07 15:48:00,2010-12-07 15:48:00,1,2,2,5,"122","At Risk"
16126,29.8659722222222,4,6287.77,2011-02-16 11:18:00,2011-11-10 16:03:00,4,4,5,13,"445","Champions"
16127,39.9527777777778,1,656.25,2011-10-31 13:58:00,2011-10-31 13:58:00,3,2,3,8,"323","Potential Loyalists"
16128,18.0666666666667,5,1880.22,2011-03-02 12:21:00,2011-11-22 11:14:00,4,4,4,12,"444","Loyal Customers"
16131,52.0395833333333,6,3506.54,2011-04-14 08:32:00,2011-10-19 11:53:00,3,5,5,13,"355","Champions"
16133,4.05972222222222,33,14589.04,2011-01-25 15:55:00,2011-12-06 11:24:00,5,5,5,15,"555","Champions"
16134,22.1145833333333,2,618.09,2010-12-15 14:00:00,2011-11-18 10:05:00,4,3,3,10,"433","Loyal Customers"
16135,263.013888888889,1,517.55,2011-03-22 12:30:00,2011-03-22 12:30:00,1,2,3,6,"123","At Risk"
16136,60.1527777777778,3,709.38,2011-03-07 09:52:00,2011-10-11 09:10:00,3,4,3,10,"343","Potential Loyalists"
16139,19.1756944444444,3,635.41,2011-05-17 10:23:00,2011-11-21 08:37:00,4,4,3,11,"443","Loyal Customers"
16140,66.0243055555556,2,725.18,2010-12-03 14:40:00,2011-10-05 12:15:00,3,3,3,9,"333","Potential Loyalists"
16141,88.9854166666667,1,620.4,2011-09-12 13:11:00,2011-09-12 13:11:00,2,2,3,7,"223","At Risk"
16142,250.106944444444,1,535.34,2011-04-04 10:16:00,2011-04-04 10:16:00,1,2,3,6,"123","At Risk"
16143,3.94236111111111,6,2424.94,2010-12-05 15:18:00,2011-12-06 14:13:00,5,5,5,15,"555","Champions"
16144,247.111805555556,1,175.2,2011-04-07 10:09:00,2011-04-07 10:09:00,1,2,1,4,"121","Hibernating"
16145,9.09513888888889,11,3799.49,2010-12-15 09:09:00,2011-12-01 10:33:00,5,5,5,15,"555","Champions"
16146,157.9375,3,734.13,2011-04-21 15:25:00,2011-07-05 14:20:00,2,4,3,9,"243","Needing Attention"
16147,134.120138888889,1,375,2011-07-29 09:57:00,2011-07-29 09:57:00,2,2,2,6,"222","At Risk"
16148,296.950694444444,1,76.32,2011-02-16 14:01:00,2011-02-16 14:01:00,1,2,1,4,"121","Hibernating"
16149,5.05625,2,280.52,2011-07-20 14:54:00,2011-12-05 11:29:00,5,3,2,10,"532","Potential Loyalists"
16150,43.0076388888889,5,2053.02,2010-12-02 18:27:00,2011-10-28 12:39:00,3,4,4,11,"344","Potential Loyalists"
16152,269.127083333333,1,1829.04,2011-03-16 09:47:00,2011-03-16 09:47:00,1,2,4,7,"124","At Risk"
16153,50.0833333333333,5,1824.23,2010-12-20 09:22:00,2011-10-21 10:50:00,3,4,4,11,"344","Potential Loyalists"
16156,9.00555555555556,9,3122.04,2011-02-02 12:02:00,2011-12-01 12:42:00,5,5,5,15,"555","Champions"
16157,16.0479166666667,3,656.69,2011-09-28 11:48:00,2011-11-24 11:41:00,4,4,3,11,"443","Loyal Customers"
16159,282.015972222222,1,348.2,2011-03-03 12:27:00,2011-03-03 12:27:00,1,2,2,5,"122","At Risk"
16160,65.9381944444444,2,1025.44,2011-09-15 10:53:00,2011-10-05 14:19:00,3,3,4,10,"334","Potential Loyalists"
16161,2.02777777777778,19,5575.56,2010-12-06 10:03:00,2011-12-08 12:10:00,5,5,5,15,"555","Champions"
16162,252.907638888889,1,37.4,2011-04-01 15:03:00,2011-04-01 15:03:00,1,2,1,4,"121","Hibernating"
16163,232.899305555556,2,856.6,2010-12-09 16:28:00,2011-04-21 15:15:00,1,3,3,7,"133","Needing Attention"
16164,17.9069444444444,3,822.48,2011-10-28 09:12:00,2011-11-22 15:04:00,4,4,3,11,"443","Loyal Customers"
16168,11.0034722222222,27,3787.6,2010-12-05 11:38:00,2011-11-29 12:45:00,5,5,5,15,"555","Champions"
16169,8.89027777777778,4,1822.97,2011-09-25 11:33:00,2011-12-01 15:28:00,5,4,4,13,"544","Champions"
16170,51.1868055555556,6,1885.05,2011-04-05 13:42:00,2011-10-20 08:21:00,3,5,4,12,"354","Potential Loyalists"
16171,59.9159722222222,1,73.2,2011-10-11 14:51:00,2011-10-11 14:51:00,3,2,1,6,"321","Others"
16172,95.9777777777778,5,1140.21,2011-04-12 12:02:00,2011-09-05 13:22:00,2,4,4,10,"244","Needing Attention"
16173,16.08125,6,1418.32,2011-09-02 15:23:00,2011-11-24 10:53:00,4,5,4,13,"454","Champions"
16174,126.975,3,1009.55,2011-07-11 09:23:00,2011-08-05 13:26:00,2,4,4,10,"244","Needing Attention"
16175,94.9291666666667,4,1037.59,2011-04-13 14:38:00,2011-09-06 14:32:00,2,4,4,10,"244","Needing Attention"
16177,50.9951388888889,1,331.95,2011-10-20 12:57:00,2011-10-20 12:57:00,3,2,2,7,"322","Potential Loyalists"
16178,138.864583333333,1,197.9,2011-07-24 16:05:00,2011-07-24 16:05:00,2,2,1,5,"221","Hibernating"
16179,61.13125,1,215.83,2011-10-10 09:41:00,2011-10-10 09:41:00,3,2,1,6,"321","Others"
16180,100.848611111111,8,10254.18,2011-04-01 10:23:00,2011-08-31 16:28:00,2,5,5,12,"255","Needing Attention"
16181,73.9666666666667,1,305.54,2011-09-27 13:38:00,2011-09-27 13:38:00,2,2,2,6,"222","At Risk"
16182,72.9770833333333,4,6617.65,2011-02-18 10:11:00,2011-09-28 13:23:00,2,4,5,11,"245","Needing Attention"
16183,67.9104166666667,1,338.71,2011-10-03 14:59:00,2011-10-03 14:59:00,3,2,2,7,"322","Potential Loyalists"
16184,64.7965277777778,6,1158.79,2011-05-12 13:33:00,2011-10-06 17:43:00,3,5,4,12,"354","Potential Loyalists"
16185,17.13125,2,529.41,2011-04-21 11:59:00,2011-11-23 09:41:00,4,3,3,10,"433","Loyal Customers"
16186,23.0048611111111,12,4006.94,2010-12-02 14:40:00,2011-11-17 12:43:00,4,5,5,14,"455","Champions"
16187,32.125,15,6911.44,2011-02-28 13:34:00,2011-11-08 09:50:00,4,5,5,14,"455","Champions"
16188,45.0215277777778,4,981.86,2011-04-11 09:44:00,2011-10-26 12:19:00,3,4,4,11,"344","Potential Loyalists"
16189,16.04375,2,215.48,2011-09-15 15:21:00,2011-11-24 11:47:00,4,3,1,8,"431","Others"
16190,40.86875,1,215.08,2011-10-30 15:59:00,2011-10-30 15:59:00,3,2,1,6,"321","Others"
16191,3.05833333333333,13,5180.52,2010-12-14 12:38:00,2011-12-07 11:26:00,5,5,5,15,"555","Champions"
16193,237.045138888889,1,314.45,2011-04-17 11:45:00,2011-04-17 11:45:00,1,2,2,5,"122","At Risk"
16198,75.9111111111111,1,400.681,2011-09-25 14:58:00,2011-09-25 14:58:00,2,2,2,6,"222","At Risk"
16200,4.92361111111111,2,1080.62,2011-06-28 15:47:00,2011-12-05 14:40:00,5,3,4,12,"534","Loyal Customers"
16201,3.86666666666667,4,1863.47,2011-08-22 10:47:00,2011-12-06 16:02:00,5,4,4,13,"544","Champions"
16202,361.088194444444,1,365.27,2010-12-14 10:43:00,2010-12-14 10:43:00,1,2,2,5,"122","At Risk"
16203,59.0131944444444,4,592.9,2010-12-02 15:39:00,2011-10-12 12:31:00,3,4,3,10,"343","Potential Loyalists"
16204,23.9652777777778,1,405.71,2011-11-16 13:40:00,2011-11-16 13:40:00,4,2,2,8,"422","Potential Loyalists"
16205,31.1375,4,761.38,2011-06-13 11:33:00,2011-11-09 09:32:00,4,4,3,11,"443","Loyal Customers"
16206,55.0895833333333,4,537.06,2011-01-16 11:07:00,2011-10-16 10:41:00,3,4,3,10,"343","Potential Loyalists"
16207,25.9576388888889,1,394.38,2011-11-14 13:51:00,2011-11-14 13:51:00,4,2,2,8,"422","Potential Loyalists"
16208,45.0513888888889,2,664.26,2011-02-23 13:37:00,2011-10-26 11:36:00,3,3,3,9,"333","Potential Loyalists"
16209,89.0361111111111,5,2262.62,2011-04-07 12:23:00,2011-09-12 11:58:00,2,4,5,11,"245","Needing Attention"
16210,2.00972222222222,18,21086.3,2010-12-01 12:27:00,2011-12-08 12:36:00,5,5,5,15,"555","Champions"
16211,89.0270833333333,1,547.02,2011-09-12 12:11:00,2011-09-12 12:11:00,2,2,3,7,"223","At Risk"
16212,19.9930555555556,2,690.34,2011-03-01 12:51:00,2011-11-20 13:00:00,4,3,3,10,"433","Loyal Customers"
16213,79.1159722222222,1,159,2011-09-22 10:03:00,2011-09-22 10:03:00,2,2,1,5,"221","Hibernating"
16214,171.055555555556,3,1062.75,2011-03-15 13:23:00,2011-06-22 11:30:00,2,4,4,10,"244","Needing Attention"
16215,81.1055555555556,1,242.35,2011-09-20 10:18:00,2011-09-20 10:18:00,2,2,1,5,"221","Hibernating"
16216,267.886111111111,1,914.93,2011-03-17 15:34:00,2011-03-17 15:34:00,1,2,3,6,"123","At Risk"
16217,235.971527777778,2,304.25,2011-03-02 15:28:00,2011-04-18 13:31:00,1,3,2,6,"132","At Risk"
16218,30.11875,7,3084.68,2010-12-01 11:29:00,2011-11-10 09:59:00,4,5,5,14,"455","Champions"
16221,37.0465277777778,3,864.86,2010-12-07 13:13:00,2011-11-03 11:43:00,3,4,3,10,"343","Potential Loyalists"
16222,318.966666666667,1,846.72,2011-01-25 13:38:00,2011-01-25 13:38:00,1,2,3,6,"123","At Risk"
16224,57.7909722222222,4,1295.3,2011-04-04 12:00:00,2011-10-13 17:51:00,3,4,4,11,"344","Potential Loyalists"
16225,45.1805555555556,5,1096.32,2011-03-07 12:17:00,2011-10-26 08:30:00,3,4,4,11,"344","Potential Loyalists"
16226,203.922916666667,3,255.12,2011-04-18 12:58:00,2011-05-20 14:41:00,1,4,2,7,"142","At Risk"
16227,225.970138888889,1,314.22,2011-04-28 13:33:00,2011-04-28 13:33:00,1,2,2,5,"122","At Risk"
16229,87.8152777777778,2,1010.6,2011-05-11 10:18:00,2011-09-13 17:16:00,2,3,4,9,"234","Needing Attention"
16230,190.113888888889,2,542.03,2011-05-03 15:12:00,2011-06-03 10:06:00,1,3,3,7,"133","Needing Attention"
16232,44.0236111111111,4,990.88,2011-05-08 14:05:00,2011-10-27 12:16:00,3,4,4,11,"344","Potential Loyalists"
16233,71.8076388888889,3,536.68,2010-12-08 12:51:00,2011-09-29 17:27:00,3,4,3,10,"343","Potential Loyalists"
16235,41.0791666666667,5,867.31,2011-01-11 15:42:00,2011-10-30 10:56:00,3,4,3,10,"343","Potential Loyalists"
16236,78.9444444444444,1,432.2,2011-09-22 14:10:00,2011-09-22 14:10:00,2,2,2,6,"222","At Risk"
16239,57.18125,2,414.2,2011-06-03 09:30:00,2011-10-14 08:29:00,3,3,2,8,"332","Potential Loyalists"
16240,24.9305555555556,2,3718.8,2011-09-23 13:44:00,2011-11-15 14:30:00,4,3,5,12,"435","Loyal Customers"
16241,10.0708333333333,13,2607.87,2010-12-05 11:04:00,2011-11-30 11:08:00,5,5,5,15,"555","Champions"
16242,8.90138888888889,7,3603.21,2011-03-07 17:04:00,2011-12-01 15:12:00,5,5,5,15,"555","Champions"
16243,34.0125,2,409.1,2011-10-16 12:09:00,2011-11-06 12:32:00,3,3,2,8,"332","Potential Loyalists"
16244,212.105555555556,2,1522.75,2010-12-02 11:41:00,2011-05-12 10:18:00,1,3,4,8,"134","Needing Attention"
16245,24.1083333333333,3,1413.66,2011-03-28 09:30:00,2011-11-16 10:14:00,4,4,4,12,"444","Loyal Customers"
16247,170.935416666667,1,114.56,2011-06-22 14:23:00,2011-06-22 14:23:00,2,2,1,5,"221","Hibernating"
16248,62.0541666666667,1,152.94,2011-10-09 11:32:00,2011-10-09 11:32:00,3,2,1,6,"321","Others"
16249,53.1131944444444,5,1800.07,2011-04-14 13:50:00,2011-10-18 10:07:00,3,4,4,11,"344","Potential Loyalists"
16250,261.904861111111,2,389.44,2010-12-01 09:59:00,2011-03-23 15:07:00,1,3,2,6,"132","At Risk"
16253,67.1534722222222,2,3683.86,2011-03-29 13:33:00,2011-10-04 09:09:00,3,3,5,11,"335","Potential Loyalists"
16255,17.0069444444444,8,2619.91,2010-12-09 14:25:00,2011-11-23 12:40:00,4,5,5,14,"455","Champions"
16256,267.022222222222,1,752.43,2011-03-18 12:18:00,2011-03-18 12:18:00,1,2,3,6,"123","At Risk"
16257,177.110416666667,1,46.95,2011-06-16 10:11:00,2011-06-16 10:11:00,2,2,1,5,"221","Hibernating"
16258,45.9722222222222,5,5203.51,2011-05-04 14:33:00,2011-10-25 13:30:00,3,4,5,12,"345","Potential Loyalists"
16260,51.1319444444444,1,1035.45,2011-10-20 09:40:00,2011-10-20 09:40:00,3,2,4,9,"324","Potential Loyalists"
16261,17.8104166666667,4,746.83,2011-04-07 19:05:00,2011-11-22 17:23:00,4,4,3,11,"443","Loyal Customers"
16265,9.83958333333333,9,5447,2010-12-10 10:21:00,2011-11-30 16:41:00,5,5,5,15,"555","Champions"
16266,74.0291666666667,7,861.89,2011-05-17 14:50:00,2011-09-27 12:08:00,2,5,3,10,"253","Needing Attention"
16268,71.7638888888889,2,667.65,2011-09-29 18:30:00,2011-09-29 18:30:00,3,3,3,9,"333","Potential Loyalists"
16270,353.933333333333,1,1141.24,2010-12-21 14:26:00,2010-12-21 14:26:00,1,2,4,7,"124","At Risk"
16271,3.00347222222222,5,1429.24,2010-12-16 16:36:00,2011-12-07 12:45:00,5,4,4,13,"544","Champions"
16272,117.080555555556,1,411.7,2011-08-15 10:53:00,2011-08-15 10:54:00,2,2,2,6,"222","At Risk"
16274,373.885416666667,1,357.95,2010-12-01 15:35:00,2010-12-01 15:35:00,1,2,2,5,"122","At Risk"
16275,197.00625,1,559.87,2011-05-27 12:41:00,2011-05-27 12:41:00,1,2,3,6,"123","At Risk"
16276,177.136111111111,1,810.6,2011-06-16 09:34:00,2011-06-16 09:34:00,2,2,3,7,"223","At Risk"
16278,100.818055555556,1,566.38,2011-08-31 17:12:00,2011-08-31 17:12:00,2,2,3,7,"223","At Risk"
16279,21.9097222222222,3,1509.58,2011-06-16 11:50:00,2011-11-18 15:00:00,4,4,4,12,"444","Loyal Customers"
16281,72.9118055555556,1,2062.06,2011-09-28 14:57:00,2011-09-28 14:57:00,2,2,5,9,"225","At Risk"
16282,340.047222222222,1,168.3,2011-01-04 11:42:00,2011-01-04 11:42:00,1,2,1,4,"121","Hibernating"
16283,6.02916666666667,5,1570.81,2011-05-15 13:37:00,2011-12-04 12:08:00,5,4,4,13,"544","Champions"
16284,31.8597222222222,2,823.97,2011-10-20 13:54:00,2011-11-08 16:12:00,4,3,3,10,"433","Loyal Customers"
16287,170.154166666667,1,142.5,2011-06-23 09:08:00,2011-06-23 09:08:00,2,2,1,5,"221","Hibernating"
16292,122.018055555556,1,302.25,2011-08-10 12:24:00,2011-08-10 12:24:00,2,2,2,6,"222","At Risk"
16293,22.1194444444444,10,2248.99,2010-12-07 15:02:00,2011-11-18 09:58:00,4,5,5,14,"455","Champions"
16295,10.1895833333333,4,1328.55,2011-10-06 10:45:00,2011-11-30 08:17:00,5,4,4,13,"544","Champions"
16297,269.18125,1,301.9,2011-03-16 08:29:00,2011-03-16 08:29:00,1,2,2,5,"122","At Risk"
16298,23.0354166666667,3,598.2,2011-06-06 10:06:00,2011-11-17 11:59:00,4,4,3,11,"443","Loyal Customers"
16302,127.129166666667,1,233.22,2011-08-05 09:44:00,2011-08-05 09:44:00,2,2,1,5,"221","Hibernating"
16303,26.0840277777778,3,5360.63,2011-01-10 14:16:00,2011-11-14 10:49:00,4,4,5,13,"445","Champions"
16305,139.022222222222,1,361.22,2011-07-24 12:18:00,2011-07-24 12:18:00,2,2,2,6,"222","At Risk"
16306,214.026388888889,6,632.27,2010-12-07 15:18:00,2011-05-10 12:12:00,1,5,3,9,"153","Needing Attention"
16308,38.0597222222222,4,2560,2011-03-23 14:46:00,2011-11-02 11:24:00,3,4,5,12,"345","Potential Loyalists"
16309,106.885416666667,2,706.57,2011-04-13 11:46:00,2011-08-25 15:35:00,2,3,3,8,"233","Needing Attention"
16311,18.1638888888889,2,616.26,2011-10-21 13:13:00,2011-11-22 08:54:00,4,3,3,10,"433","Loyal Customers"
16313,3.99166666666667,2,274.15,2011-10-21 09:04:00,2011-12-06 13:02:00,5,3,2,10,"532","Potential Loyalists"
16315,331.036805555556,1,226.37,2011-01-13 11:57:00,2011-01-13 11:57:00,1,2,1,4,"121","Hibernating"
16316,64.9597222222222,8,2938.91,2010-12-16 14:26:00,2011-10-06 13:48:00,3,5,5,13,"355","Champions"
16317,120.002777777778,3,1341.65,2011-02-15 14:30:00,2011-08-12 12:46:00,2,4,4,10,"244","Needing Attention"
16318,35.9895833333333,1,328.15,2011-11-04 13:05:00,2011-11-04 13:05:00,3,2,2,7,"322","Potential Loyalists"
16319,218.057638888889,1,404.4,2011-05-06 11:27:00,2011-05-06 11:27:00,1,2,2,5,"122","At Risk"
16320,172.892361111111,2,1038.46,2011-05-10 15:31:00,2011-06-20 15:25:00,2,3,4,9,"234","Needing Attention"
16321,72.9131944444444,5,373.65,2011-01-20 12:11:00,2011-09-28 14:55:00,2,4,2,8,"242","At Risk"
16322,1.88125,2,326.75,2011-11-03 14:33:00,2011-12-08 15:41:00,5,3,2,10,"532","Potential Loyalists"
16323,196.918055555556,1,207.5,2011-05-27 14:48:00,2011-05-27 14:48:00,1,2,1,4,"121","Hibernating"
16324,128.994444444444,3,428.68,2011-06-15 14:26:00,2011-08-03 12:58:00,2,4,2,8,"242","At Risk"
16325,47.1680555555556,3,594.24,2011-04-08 09:20:00,2011-10-24 08:48:00,3,4,3,10,"343","Potential Loyalists"
16326,6.11041666666667,14,3110.96,2011-01-09 12:01:00,2011-12-04 10:11:00,5,5,5,15,"555","Champions"
16327,14.9770833333333,6,3844.22,2010-12-05 12:43:00,2011-11-25 13:23:00,4,5,5,14,"455","Champions"
16330,18.0180555555556,3,251.91,2011-08-19 17:08:00,2011-11-22 12:24:00,4,4,2,10,"442","Potential Loyalists"
16332,28.9361111111111,7,1593.2,2011-02-07 14:16:00,2011-11-11 14:22:00,4,5,4,13,"454","Champions"
16333,8.02152777777778,22,26626.8,2011-02-03 10:50:00,2011-12-02 12:19:00,5,5,5,15,"555","Champions"
16337,37.1159722222222,1,151.05,2011-11-03 10:03:00,2011-11-03 10:03:00,3,2,1,6,"321","Others"
16338,157.954166666667,1,214.8,2011-07-05 13:56:00,2011-07-05 13:56:00,2,2,1,5,"221","Hibernating"
16339,284.964583333333,1,109.95,2011-02-28 13:41:00,2011-02-28 13:41:00,1,2,1,4,"121","Hibernating"
16340,107.914583333333,1,549.07,2011-08-24 14:53:00,2011-08-24 14:53:00,2,2,3,7,"223","At Risk"
16341,25.1513888888889,4,1971.87,2011-05-22 13:20:00,2011-11-15 09:12:00,4,4,4,12,"444","Loyal Customers"
16342,75.9263888888889,4,322.41,2011-06-13 10:10:00,2011-09-25 14:36:00,2,4,2,8,"242","At Risk"
16343,16.7951388888889,2,370.48,2011-11-23 17:43:00,2011-11-23 17:45:00,4,3,2,9,"432","Potential Loyalists"
16344,158.875,1,101.1,2011-07-04 15:50:00,2011-07-04 15:50:00,2,2,1,5,"221","Hibernating"
16345,44.8659722222222,1,575.41,2011-10-26 16:03:00,2011-10-26 16:03:00,3,2,3,8,"323","Potential Loyalists"
16347,11.9833333333333,2,887.65,2011-11-03 13:01:00,2011-11-28 13:14:00,5,3,3,11,"533","Loyal Customers"
16348,32.8791666666667,7,1469.45,2011-04-13 15:49:00,2011-11-07 15:44:00,4,5,4,13,"454","Champions"
16349,291.006944444444,1,53.5,2011-02-22 12:40:00,2011-02-22 12:40:00,1,2,1,4,"121","Hibernating"
16350,21.8729166666667,4,1116.47,2011-01-10 09:44:00,2011-11-18 15:53:00,4,4,4,12,"444","Loyal Customers"
16351,333.1,1,153.9,2011-01-11 10:26:00,2011-01-11 10:26:00,1,2,1,4,"121","Hibernating"
16352,18.0958333333333,2,494.44,2011-11-02 08:44:00,2011-11-22 10:32:00,4,3,3,10,"433","Loyal Customers"
16353,4.01875,23,6675.71,2010-12-05 12:09:00,2011-12-06 12:23:00,5,5,5,15,"555","Champions"
16354,63.9319444444444,2,395.8,2011-09-27 16:28:00,2011-10-07 14:28:00,3,3,2,8,"332","Potential Loyalists"
16356,198.040972222222,3,211.77,2011-03-07 12:31:00,2011-05-26 11:51:00,1,4,1,6,"141","Others"
16357,33.8652777777778,3,658.88,2011-05-10 10:35:00,2011-11-06 16:04:00,3,4,3,10,"343","Potential Loyalists"
16358,1.90347222222222,4,2027.5,2011-06-08 15:05:00,2011-12-08 15:09:00,5,4,4,13,"544","Champions"
16359,7.82361111111111,9,1750.92,2011-01-12 10:49:00,2011-12-02 17:04:00,5,5,4,14,"554","Champions"
16360,5.02361111111111,6,3512.53,2011-09-12 13:50:00,2011-12-05 12:16:00,5,5,5,15,"555","Champions"
16361,10.0125,4,896.66,2011-09-29 13:13:00,2011-11-30 12:32:00,5,4,3,12,"543","Loyal Customers"
16362,32.9923611111111,5,734.77,2011-09-09 14:47:00,2011-11-07 13:01:00,4,4,3,11,"443","Loyal Customers"
16363,53.9416666666667,1,109.36,2011-10-17 14:14:00,2011-10-17 14:14:00,3,2,1,6,"321","Others"
16364,12.0576388888889,2,707.04,2011-07-25 14:35:00,2011-11-28 11:27:00,5,3,3,11,"533","Loyal Customers"
16365,18.0597222222222,9,1540.42,2010-12-07 17:19:00,2011-11-22 11:24:00,4,5,4,13,"454","Champions"
16366,19.1881944444444,1,327.3,2011-11-21 08:19:00,2011-11-21 08:19:00,4,2,2,8,"422","Potential Loyalists"
16367,37.9840277777778,2,804.49,2010-12-12 12:01:00,2011-11-02 13:13:00,3,3,3,9,"333","Potential Loyalists"
16368,2.98472222222222,2,497.43,2011-11-11 15:08:00,2011-12-07 13:12:00,5,3,3,11,"533","Loyal Customers"
16369,18.8506944444444,3,1553.66,2011-05-27 09:39:00,2011-11-21 16:25:00,4,4,4,12,"444","Loyal Customers"
16370,82.8715277777778,4,1320.56,2011-04-28 16:40:00,2011-09-18 15:55:00,2,4,4,10,"244","Needing Attention"
16372,33.9875,2,367.93,2011-11-06 12:50:00,2011-11-06 13:08:00,3,3,2,8,"332","Potential Loyalists"
16374,66.8951388888889,2,473.03,2011-03-22 13:46:00,2011-10-04 15:21:00,3,3,2,8,"332","Potential Loyalists"
16376,9.05,2,987.01,2011-11-22 16:47:00,2011-12-01 11:38:00,5,3,4,12,"534","Loyal Customers"
16377,267.88125,1,676.2,2011-03-17 15:41:00,2011-03-17 15:41:00,1,2,3,6,"123","At Risk"
16378,247.904861111111,3,362.95,2011-02-02 12:42:00,2011-04-06 15:07:00,1,4,2,7,"142","At Risk"
16379,4.88333333333333,4,2157.4,2011-09-22 09:33:00,2011-12-05 15:38:00,5,4,5,14,"545","Champions"
16380,61.8819444444444,1,1780.59,2011-10-09 15:40:00,2011-10-09 15:40:00,3,2,4,9,"324","Potential Loyalists"
16383,75.0034722222222,2,668.36,2011-03-16 13:00:00,2011-09-26 12:45:00,2,3,3,8,"233","Needing Attention"
16384,90.0631944444444,2,584.5,2011-03-21 10:13:00,2011-09-11 11:19:00,2,3,3,8,"233","Needing Attention"
16385,60.9847222222222,3,555.89,2010-12-08 12:56:00,2011-10-10 13:12:00,3,4,3,10,"343","Potential Loyalists"
16386,29.0152777777778,2,317.2,2011-03-31 12:19:00,2011-11-11 12:28:00,4,3,2,9,"432","Potential Loyalists"
16387,323.052777777778,1,94.36,2011-01-21 11:34:00,2011-01-21 11:34:00,1,2,1,4,"121","Hibernating"
16389,53.9229166666667,4,1382.07,2011-03-01 15:47:00,2011-10-17 14:41:00,3,4,4,11,"344","Potential Loyalists"
16392,270.027083333333,1,221.19,2011-03-15 12:11:00,2011-03-15 12:11:00,1,2,1,4,"121","Hibernating"
16393,2.99930555555556,13,3046.21,2010-12-05 13:10:00,2011-12-07 12:51:00,5,5,5,15,"555","Champions"
16394,57.1263888888889,5,1555.34,2011-02-23 10:58:00,2011-10-14 09:48:00,3,4,4,11,"344","Potential Loyalists"
16395,61,5,1486.9,2011-01-13 12:10:00,2011-10-10 12:50:00,3,4,4,11,"344","Potential Loyalists"
16398,154.898611111111,2,1705.8,2011-03-31 09:38:00,2011-07-08 15:16:00,2,3,4,9,"234","Needing Attention"
16399,19.8597222222222,2,408.57,2011-04-18 13:46:00,2011-11-20 16:12:00,4,3,2,9,"432","Potential Loyalists"
16400,95.0159722222222,1,303.93,2011-09-06 12:27:00,2011-09-06 12:27:00,2,2,2,6,"222","At Risk"
16401,1.77430555555556,12,4098.32,2011-01-16 10:56:00,2011-12-08 18:15:00,5,5,5,15,"555","Champions"
16402,265.017361111111,2,299.6,2010-12-05 13:42:00,2011-03-20 12:25:00,1,3,2,6,"132","At Risk"
16403,312.965972222222,1,177.5,2011-01-31 13:39:00,2011-01-31 13:39:00,1,2,1,4,"121","Hibernating"
16404,70.9131944444444,1,443.05,2011-09-30 14:55:00,2011-09-30 14:55:00,3,2,2,7,"322","Potential Loyalists"
16405,302.893055555556,2,167.25,2011-02-02 17:08:00,2011-02-10 15:24:00,1,3,1,5,"131","Others"
16406,19.0368055555556,1,163.07,2011-11-21 11:57:00,2011-11-21 11:57:00,4,2,1,7,"421","Others"
16407,13.0729166666667,10,2126.93,2011-01-31 14:02:00,2011-11-27 11:05:00,5,5,5,15,"555","Champions"
16409,36.8368055555556,5,2028.88,2011-01-26 14:51:00,2011-11-03 16:45:00,3,4,4,11,"344","Potential Loyalists"
16411,19.9770833333333,2,214.65,2010-12-05 13:26:00,2011-11-20 13:23:00,4,3,1,8,"431","Others"
16412,54.0104166666667,1,151.83,2011-10-17 12:35:00,2011-10-17 12:35:00,3,2,1,6,"321","Others"
16413,57.0291666666667,1,262.2,2011-10-14 12:08:00,2011-10-14 12:08:00,3,2,2,7,"322","Potential Loyalists"
16414,22.1305555555556,2,126.25,2011-03-04 13:27:00,2011-11-18 09:42:00,4,3,1,8,"431","Others"
16415,44.96875,1,210.35,2011-10-26 13:35:00,2011-10-26 13:35:00,3,2,1,6,"321","Others"
16416,27,3,1051.4,2011-10-14 13:35:00,2011-11-13 12:50:00,4,4,4,12,"444","Loyal Customers"
16418,45.0076388888889,3,675.27,2011-04-27 16:54:00,2011-10-26 12:39:00,3,4,3,10,"343","Potential Loyalists"
16419,113.011805555556,6,972.23,2011-02-01 12:25:00,2011-08-19 12:33:00,2,5,4,11,"254","Needing Attention"
16422,17.9513888888889,51,34684.4,2010-12-05 15:35:00,2011-11-22 14:00:00,4,5,5,14,"455","Champions"
16423,25.1451388888889,1,346.12,2011-11-15 09:21:00,2011-11-15 09:21:00,4,2,2,8,"422","Potential Loyalists"
16424,191.965277777778,1,133.56,2011-06-01 13:40:00,2011-06-01 13:40:00,1,2,1,4,"121","Hibernating"
16425,302.930555555556,1,302.7,2011-02-10 14:30:00,2011-02-10 14:30:00,1,2,2,5,"122","At Risk"
16426,2.95069444444444,10,1908.25,2011-03-08 15:45:00,2011-12-07 14:01:00,5,5,4,14,"554","Champions"
16427,263.819444444444,2,241.06,2011-02-28 15:18:00,2011-03-21 17:10:00,1,3,1,5,"131","Others"
16429,106.955555555556,1,284.55,2011-08-25 13:54:00,2011-08-25 13:54:00,2,2,2,6,"222","At Risk"
16430,57.91875,1,300.85,2011-10-13 14:47:00,2011-10-13 14:47:00,3,2,2,7,"322","Potential Loyalists"
16431,213.945138888889,3,642.81,2011-02-15 14:02:00,2011-05-10 14:09:00,1,4,3,8,"143","Needing Attention"
16432,64.9520833333333,1,287.4,2011-10-06 13:59:00,2011-10-06 13:59:00,3,2,2,7,"322","Potential Loyalists"
16433,28.9451388888889,1,184.26,2011-11-11 14:09:00,2011-11-11 14:09:00,4,2,1,7,"421","Others"
16434,29.9319444444444,7,1522.25,2011-02-13 12:17:00,2011-11-10 14:28:00,4,5,4,13,"454","Champions"
16438,6.08263888888889,5,798.35,2011-09-18 13:31:00,2011-12-04 10:51:00,5,4,3,12,"543","Loyal Customers"
16440,8.03333333333333,5,3640.67,2011-05-09 12:25:00,2011-12-02 12:02:00,5,4,5,14,"545","Champions"
16441,67.7930555555556,2,381.2,2011-02-21 17:35:00,2011-10-03 17:48:00,3,3,2,8,"332","Potential Loyalists"
16442,2.04652777777778,3,616.79,2010-12-14 10:46:00,2011-12-08 11:43:00,5,4,3,12,"543","Loyal Customers"
16444,46.9583333333333,4,654.67,2011-03-20 12:14:00,2011-10-24 13:50:00,3,4,3,10,"343","Potential Loyalists"
16445,34.0125,1,230.51,2011-11-06 12:32:00,2011-11-06 12:32:00,3,2,1,6,"321","Others"
16446,1.14930555555556,2,168472.5,2011-05-18 09:52:00,2011-12-09 09:15:00,5,3,5,13,"535","Champions"
16447,136.003472222222,1,259.01,2011-07-27 12:45:00,2011-07-27 12:45:00,2,2,2,6,"222","At Risk"
16448,198.848611111111,1,188.89,2011-05-25 16:28:00,2011-05-25 16:28:00,1,2,1,4,"121","Hibernating"
16449,198.100694444444,2,707.69,2011-03-04 12:15:00,2011-05-26 10:25:00,1,3,3,7,"133","Needing Attention"
16450,150.04375,1,311.92,2011-07-13 11:47:00,2011-07-13 11:47:00,2,2,2,6,"222","At Risk"
16451,88.1479166666667,1,266.97,2011-09-13 09:17:00,2011-09-13 09:17:00,2,2,2,6,"222","At Risk"
16454,45.0486111111111,2,6.9,2011-10-06 16:57:00,2011-10-26 11:40:00,3,3,1,7,"331","Others"
16455,64.0229166666667,7,1841.18,2010-12-03 16:44:00,2011-10-07 12:17:00,3,5,4,12,"354","Potential Loyalists"
16456,99.9583333333333,5,2158.37,2010-12-01 14:11:00,2011-09-01 13:50:00,2,4,5,11,"245","Needing Attention"
16457,218.979861111111,1,208.36,2011-05-05 13:19:00,2011-05-05 13:19:00,1,2,1,4,"121","Hibernating"
16458,3.13611111111111,18,3482.74,2010-12-14 11:51:00,2011-12-07 09:34:00,5,5,5,15,"555","Champions"
16460,28.9611111111111,3,814.72,2011-09-19 10:15:00,2011-11-11 13:46:00,4,4,3,11,"443","Loyal Customers"
16461,178.029861111111,1,151.42,2011-06-15 12:07:00,2011-06-15 12:07:00,2,2,1,5,"221","Hibernating"
16462,74.1013888888889,3,136,2011-03-01 08:58:00,2011-09-27 10:24:00,2,4,1,7,"241","Others"
16463,21.9506944444444,4,1422.4,2011-05-19 14:45:00,2011-11-18 14:01:00,4,4,4,12,"444","Loyal Customers"
16464,20.0270833333333,3,1314.68,2011-07-20 13:53:00,2011-11-20 12:11:00,4,4,4,12,"444","Loyal Customers"
16466,34.0520833333333,7,1603.46,2011-02-20 11:39:00,2011-11-06 11:35:00,3,5,4,12,"354","Potential Loyalists"
16468,74.9423611111111,1,74.9,2011-09-26 14:13:00,2011-09-26 14:13:00,2,2,1,5,"221","Hibernating"
16469,24.0173611111111,4,650.43,2011-04-07 13:11:00,2011-11-16 12:25:00,4,4,3,11,"443","Loyal Customers"
16470,52.0270833333333,4,762.39,2010-12-16 11:53:00,2011-10-19 12:11:00,3,4,3,10,"343","Potential Loyalists"
16471,275.13125,1,223.95,2011-03-10 09:41:00,2011-03-10 09:41:00,1,2,1,4,"121","Hibernating"
16473,165.152777777778,3,316.11,2011-01-07 10:55:00,2011-06-28 09:10:00,2,4,2,8,"242","At Risk"
16474,7.99166666666667,7,1871.5,2011-07-17 14:51:00,2011-12-02 13:02:00,5,5,4,14,"554","Champions"
16475,88.9256944444444,4,544.3,2011-03-11 09:39:00,2011-09-12 14:37:00,2,4,3,9,"243","Needing Attention"
16477,64.1291666666667,7,2494.46,2010-12-03 12:48:00,2011-10-07 09:44:00,3,5,5,13,"355","Champions"
16478,25.8743055555556,3,331,2011-10-05 12:02:00,2011-11-14 15:51:00,4,4,2,10,"442","Potential Loyalists"
16479,10.9652777777778,2,300.83,2011-11-29 13:04:00,2011-11-29 13:40:00,5,3,2,10,"532","Potential Loyalists"
16480,76.0486111111111,1,769.29,2011-09-25 11:40:00,2011-09-25 11:40:00,2,2,3,7,"223","At Risk"
16482,16.0118055555556,1,220.62,2011-11-24 12:33:00,2011-11-24 12:33:00,4,2,1,7,"421","Others"
16483,192.9875,1,139.35,2011-05-31 13:08:00,2011-05-31 13:08:00,1,2,1,4,"121","Hibernating"
16484,174.030555555556,2,404.3,2011-06-02 10:39:00,2011-06-19 12:06:00,2,3,2,7,"232","At Risk"
16485,77.875,1,363.65,2011-09-23 15:50:00,2011-09-23 15:50:00,2,2,2,6,"222","At Risk"
16488,33.9638888888889,3,498.8,2011-07-14 11:46:00,2011-11-06 13:42:00,3,4,3,10,"343","Potential Loyalists"
16491,47.1055555555556,1,731.5,2011-10-24 10:18:00,2011-10-24 10:18:00,3,2,3,8,"323","Potential Loyalists"
16493,80.0694444444444,4,1351.63,2011-01-14 08:16:00,2011-09-21 11:10:00,2,4,4,10,"244","Needing Attention"
16494,297.000694444444,1,826.53,2011-02-16 12:49:00,2011-02-16 12:49:00,1,2,3,6,"123","At Risk"
16495,3.97916666666667,3,684.41,2011-03-08 16:38:00,2011-12-06 13:20:00,5,4,3,12,"543","Loyal Customers"
16496,9.09652777777778,3,1599.52,2011-01-27 09:42:00,2011-12-01 10:31:00,5,4,4,13,"544","Champions"
16497,50.0798611111111,6,2965.69,2011-01-10 13:20:00,2011-10-21 10:55:00,3,5,5,13,"355","Champions"
16498,161.904861111111,2,100.97,2011-06-30 19:52:00,2011-07-01 15:07:00,2,3,1,6,"231","Others"
16499,360.971527777778,2,365.45,2010-12-10 10:27:00,2010-12-14 13:31:00,1,3,2,6,"132","At Risk"
16500,5.03194444444444,6,400.86,2011-01-13 10:28:00,2011-12-05 12:04:00,5,5,2,12,"552","Potential Loyalists"
16503,107.044444444444,4,1431.93,2010-12-14 13:50:00,2011-08-25 11:46:00,2,4,4,10,"244","Needing Attention"
16504,25.8972222222222,1,484.38,2011-11-14 15:18:00,2011-11-14 15:18:00,4,2,2,8,"422","Potential Loyalists"
16505,32.025,1,777.6,2011-11-08 12:14:00,2011-11-08 12:14:00,4,2,3,9,"423","Potential Loyalists"
16506,20.0229166666667,2,90.3,2011-10-30 15:50:00,2011-11-20 12:17:00,4,3,1,8,"431","Others"
16509,297.142361111111,1,363.7,2011-02-16 09:25:00,2011-02-16 09:25:00,1,2,2,5,"122","At Risk"
16510,372.965972222222,1,248.1,2010-12-02 13:39:00,2010-12-02 13:39:00,1,2,1,4,"121","Hibernating"
16511,22.0895833333333,3,950.26,2011-03-18 11:24:00,2011-11-18 10:41:00,4,4,4,12,"444","Loyal Customers"
16513,5.10555555555556,4,874.59,2011-10-27 14:56:00,2011-12-05 10:18:00,5,4,3,12,"543","Loyal Customers"
16515,52.9861111111111,5,1627.13,2011-02-01 13:09:00,2011-10-18 13:10:00,3,4,4,11,"344","Potential Loyalists"
16516,30.9104166666667,1,101.7,2011-11-09 14:59:00,2011-11-09 14:59:00,4,2,1,7,"421","Others"
16517,277.958333333333,1,162.7,2011-03-07 13:50:00,2011-03-07 13:50:00,1,2,1,4,"121","Hibernating"
16518,61.9069444444444,2,484.32,2011-02-28 16:36:00,2011-10-09 15:04:00,3,3,2,8,"332","Potential Loyalists"
16519,25.88125,2,215.08,2010-12-09 14:08:00,2011-11-14 15:41:00,4,3,1,8,"431","Others"
16520,186.976388888889,3,1046.57,2010-12-09 13:08:00,2011-06-06 13:24:00,1,4,4,9,"144","Needing Attention"
16523,2.15555555555556,21,9418.47,2011-01-28 12:06:00,2011-12-08 09:06:00,5,5,5,15,"555","Champions"
16525,2.90486111111111,26,13027.45,2010-12-08 11:31:00,2011-12-07 15:07:00,5,5,5,15,"555","Champions"
16526,172.033333333333,1,290.36,2011-06-21 12:02:00,2011-06-21 12:02:00,2,2,2,6,"222","At Risk"
16527,81.8534722222222,1,228.06,2011-09-19 16:21:00,2011-09-19 16:21:00,2,2,1,5,"221","Hibernating"
16528,4.00347222222222,1,244.41,2011-12-06 12:45:00,2011-12-06 12:45:00,5,2,1,8,"521","Others"
16529,190.810416666667,1,455.25,2011-06-02 17:23:00,2011-06-02 17:23:00,1,2,2,5,"122","At Risk"
16531,22.8479166666667,7,1244.59,2010-12-14 13:19:00,2011-11-17 16:29:00,4,5,4,13,"454","Champions"
16532,18.0708333333333,3,6748.8,2011-01-05 12:37:00,2011-11-22 11:08:00,4,4,5,13,"445","Champions"
16533,19.9875,3,1095.56,2011-10-02 15:07:00,2011-11-20 13:08:00,4,4,4,12,"444","Loyal Customers"
16535,5.89722222222222,1,593.75,2011-12-04 15:18:00,2011-12-04 15:18:00,5,2,3,10,"523","Potential Loyalists"
16536,110.872222222222,1,548.97,2011-08-21 15:54:00,2011-08-21 15:54:00,2,2,3,7,"223","At Risk"
16539,3.17291666666667,4,1388.81,2010-12-01 15:40:00,2011-12-07 08:41:00,5,4,4,13,"544","Champions"
16542,54.0854166666667,1,119.62,2011-10-17 10:47:00,2011-10-17 10:47:00,3,2,1,6,"321","Others"
16545,165.092361111111,1,339.3,2011-06-28 10:37:00,2011-06-28 10:37:00,2,2,2,6,"222","At Risk"
16546,291.0625,2,787.15,2010-12-02 12:07:00,2011-02-22 11:20:00,1,3,3,7,"133","Needing Attention"
16549,10.9055555555556,10,4154.64,2011-01-09 14:03:00,2011-11-29 15:06:00,5,5,5,15,"555","Champions"
16550,109.068055555556,5,2298.97,2010-12-06 13:53:00,2011-08-23 11:12:00,2,4,5,11,"245","Needing Attention"
16551,96.1333333333333,3,922.12,2011-01-07 10:24:00,2011-09-05 09:38:00,2,4,3,9,"243","Needing Attention"
16552,243.115277777778,2,379.73,2010-12-01 12:36:00,2011-04-11 10:04:00,1,3,2,6,"132","At Risk"
16553,163.880555555556,12,5719.82,2010-12-14 13:58:00,2011-06-29 15:42:00,2,5,5,12,"255","Needing Attention"
16554,42.9159722222222,3,837.1,2011-01-12 12:41:00,2011-10-28 14:51:00,3,4,3,10,"343","Potential Loyalists"
16555,35.9298611111111,2,285.89,2011-08-22 12:32:00,2011-11-04 14:31:00,3,3,2,8,"332","Potential Loyalists"
16556,67.0513888888889,7,3313.79,2010-12-14 13:32:00,2011-10-04 11:36:00,3,5,5,13,"355","Champions"
16557,24.9486111111111,2,281.85,2011-07-25 13:28:00,2011-11-15 14:04:00,4,3,2,9,"432","Potential Loyalists"
16558,1.10416666666667,20,8338.49,2010-12-08 12:01:00,2011-12-09 10:20:00,5,5,5,15,"555","Champions"
16560,27.09375,2,841.41,2010-12-16 14:36:00,2011-11-13 10:35:00,4,3,3,10,"433","Loyal Customers"
16561,6.04166666666667,2,511.12,2011-10-11 09:53:00,2011-12-04 11:50:00,5,3,3,11,"533","Loyal Customers"
16563,54.0409722222222,1,1077.74,2011-10-17 11:51:00,2011-10-17 11:51:00,3,2,4,9,"324","Potential Loyalists"
16565,364.895138888889,1,173.7,2010-12-10 15:21:00,2010-12-10 15:21:00,1,2,1,4,"121","Hibernating"
16566,15.8444444444444,5,614.66,2011-02-20 10:29:00,2011-11-24 16:34:00,4,4,3,11,"443","Loyal Customers"
16567,194.953472222222,2,865.6,2011-01-07 09:31:00,2011-05-29 13:57:00,1,3,3,7,"133","Needing Attention"
16569,3.8875,1,124.2,2011-12-06 15:32:00,2011-12-06 15:32:00,5,2,1,8,"521","Others"
16570,15.825,10,3738.4,2011-02-01 10:37:00,2011-11-24 17:02:00,4,5,5,14,"455","Champions"
16571,27.0444444444444,3,1421.69,2011-03-03 09:41:00,2011-11-13 11:46:00,4,4,4,12,"444","Loyal Customers"
16572,127.844444444444,3,1009.6,2011-03-09 12:04:00,2011-08-04 16:34:00,2,4,4,10,"244","Needing Attention"
16573,85.1506944444444,2,663.61,2011-02-22 15:14:00,2011-09-16 09:13:00,2,3,3,8,"233","Needing Attention"
16574,71.9659722222222,1,451.44,2011-09-29 13:39:00,2011-09-29 13:39:00,3,2,2,7,"322","Potential Loyalists"
16581,183.114583333333,1,105.84,2011-06-10 10:05:00,2011-06-10 10:05:00,1,2,1,4,"121","Hibernating"
16582,113.825,1,313.62,2011-08-18 17:02:00,2011-08-18 17:02:00,2,2,2,6,"222","At Risk"
16583,374.032638888889,1,233.45,2010-12-01 12:03:00,2010-12-01 12:03:00,1,2,1,4,"121","Hibernating"
16584,80.9618055555556,2,936.08,2011-03-30 13:14:00,2011-09-20 13:45:00,2,3,3,8,"233","Needing Attention"
16586,249.1375,1,463.95,2011-04-05 09:32:00,2011-04-05 09:32:00,1,2,2,5,"122","At Risk"
16587,232.874305555556,1,225.15,2011-04-21 15:51:00,2011-04-21 15:51:00,1,2,1,4,"121","Hibernating"
16589,71.9166666666667,3,459.24,2011-07-01 13:31:00,2011-09-29 14:50:00,3,4,2,9,"342","Potential Loyalists"
16591,69.0881944444444,1,213.5,2011-10-02 10:43:00,2011-10-02 10:43:00,3,2,1,6,"321","Others"
16592,4.95902777777778,16,4113.68,2011-02-25 10:19:00,2011-12-05 13:49:00,5,5,5,15,"555","Champions"
16593,51.00625,3,330.03,2011-01-16 12:11:00,2011-10-20 12:41:00,3,4,2,9,"342","Potential Loyalists"
16594,75.9458333333333,1,181.09,2011-09-25 14:08:00,2011-09-25 14:08:00,2,2,1,5,"221","Hibernating"
16595,61.9826388888889,1,360.16,2011-10-09 13:15:00,2011-10-09 13:15:00,3,2,2,7,"322","Potential Loyalists"
16596,16.1166666666667,2,250.15,2010-12-08 16:18:00,2011-11-24 10:02:00,4,3,1,8,"431","Others"
16597,4.87916666666667,1,90.04,2011-12-05 15:44:00,2011-12-05 15:44:00,5,2,1,8,"521","Others"
16598,286.047222222222,1,145.05,2011-02-27 11:42:00,2011-02-27 11:42:00,1,2,1,4,"121","Hibernating"
16600,4.86805555555556,6,813.52,2011-01-05 12:13:00,2011-12-05 16:00:00,5,5,3,13,"553","Champions"
16601,41.0701388888889,1,244.8,2011-10-30 11:09:00,2011-10-30 11:09:00,3,2,1,6,"321","Others"
16602,36.8722222222222,1,528.08,2011-11-03 15:54:00,2011-11-03 15:54:00,3,2,3,8,"323","Potential Loyalists"
16603,75.1138888888889,2,482.47,2011-09-09 13:02:00,2011-09-26 10:06:00,2,3,2,7,"232","At Risk"
16607,18.1013888888889,14,3347.71,2010-12-16 08:41:00,2011-11-22 10:24:00,4,5,5,14,"455","Champions"
16609,15.9708333333333,7,5493.46,2011-04-01 10:11:00,2011-11-24 13:32:00,4,5,5,14,"455","Champions"
16610,219.984027777778,1,75.66,2011-05-04 13:13:00,2011-05-04 13:13:00,1,2,1,4,"121","Hibernating"
16611,186.877777777778,1,129.49,2011-06-06 15:46:00,2011-06-06 15:46:00,1,2,1,4,"121","Hibernating"
16612,33.2166666666667,4,1187.66,2011-02-01 10:38:00,2011-11-07 07:38:00,3,4,4,11,"344","Potential Loyalists"
16613,70.8736111111111,1,618.59,2011-09-30 15:52:00,2011-09-30 15:52:00,3,2,3,8,"323","Potential Loyalists"
16614,183.051388888889,1,506.19,2011-06-10 11:36:00,2011-06-10 11:36:00,1,2,3,6,"123","At Risk"
16616,15.8465277777778,2,500.42,2011-07-05 13:38:00,2011-11-24 16:31:00,4,3,3,10,"433","Loyal Customers"
16617,236.09375,1,151.85,2011-04-18 10:35:00,2011-04-18 10:35:00,1,2,1,4,"121","Hibernating"
16618,31.9569444444444,5,2647.59,2011-01-21 11:55:00,2011-11-08 13:52:00,4,4,5,13,"445","Champions"
16619,264.188888888889,1,226.21,2011-03-21 08:18:00,2011-03-21 08:18:00,1,2,1,4,"121","Hibernating"
16620,4.02152777777778,2,178.96,2011-03-24 10:37:00,2011-12-06 12:19:00,5,3,1,9,"531","Others"
16621,52.05,4,813.48,2011-03-07 11:32:00,2011-10-19 11:38:00,3,4,3,10,"343","Potential Loyalists"
16623,246.111805555556,1,129.45,2011-04-08 10:09:00,2011-04-08 10:09:00,1,2,1,4,"121","Hibernating"
16624,81.0076388888889,2,810.57,2011-05-26 14:20:00,2011-09-20 12:39:00,2,3,3,8,"233","Needing Attention"
16625,275,1,333.08,2011-03-10 12:50:00,2011-03-10 12:50:00,1,2,2,5,"122","At Risk"
16626,1.0375,17,4413.1,2011-03-18 12:27:00,2011-12-09 11:56:00,5,5,5,15,"555","Champions"
16627,79.925,1,322.8,2011-09-21 14:38:00,2011-09-21 14:38:00,2,2,2,6,"222","At Risk"
16628,30.0034722222222,5,2188.05,2011-04-19 08:55:00,2011-11-10 12:45:00,4,4,5,13,"445","Champions"
16629,74.0944444444444,2,417.73,2011-09-04 16:12:00,2011-09-27 10:34:00,2,3,2,7,"232","At Risk"
16633,17.9645833333333,6,2883.1,2011-04-19 14:36:00,2011-11-22 13:41:00,4,5,5,14,"455","Champions"
16634,223.028472222222,2,217.9,2010-12-02 17:41:00,2011-05-01 12:09:00,1,3,1,5,"131","Others"
16637,32.98125,4,1154.47,2011-04-28 10:20:00,2011-11-07 13:17:00,4,4,4,12,"444","Loyal Customers"
16638,23.0701388888889,10,1680.72,2010-12-06 10:19:00,2011-11-17 11:09:00,4,5,4,13,"454","Champions"
16639,31.9791666666667,3,1257.51,2011-04-18 09:31:00,2011-11-08 13:20:00,4,4,4,12,"444","Loyal Customers"
16641,106.000694444444,1,231.1,2011-08-26 12:49:00,2011-08-26 12:49:00,2,2,1,5,"221","Hibernating"
16642,5.05486111111111,2,688.33,2011-05-16 12:35:00,2011-12-05 11:31:00,5,3,3,11,"533","Loyal Customers"
16643,246.184722222222,1,487.51,2011-04-08 08:24:00,2011-04-08 08:24:00,1,2,2,5,"122","At Risk"
16644,178.007638888889,2,833.78,2011-05-11 12:53:00,2011-06-15 12:39:00,2,3,3,8,"233","Needing Attention"
16647,170.04375,2,214.06,2011-05-19 09:31:00,2011-06-23 11:47:00,2,3,1,6,"231","Others"
16648,43.1611111111111,1,290.66,2011-10-28 08:58:00,2011-10-28 08:58:00,3,2,2,7,"322","Potential Loyalists"
16650,72.1243055555556,1,518.42,2011-09-29 09:51:00,2011-09-29 09:51:00,2,2,3,7,"223","At Risk"
16652,59.1333333333333,7,6773.97,2011-03-11 13:13:00,2011-10-12 09:38:00,3,5,5,13,"355","Champions"
16653,16.9159722222222,2,1212.66,2011-09-29 13:38:00,2011-11-23 14:51:00,4,3,4,11,"434","Loyal Customers"
16654,141.89375,4,601.27,2010-12-06 15:09:00,2011-07-21 15:23:00,2,4,3,9,"243","Needing Attention"
16655,18.0590277777778,6,3794.52,2011-01-12 10:16:00,2011-11-22 11:25:00,4,5,5,14,"455","Champions"
16656,22.9215277777778,15,8625.8,2010-12-10 11:23:00,2011-11-17 14:43:00,4,5,5,14,"455","Champions"
16657,10.0430555555556,4,933.62,2011-03-30 12:02:00,2011-11-30 11:48:00,5,4,3,12,"543","Loyal Customers"
16658,368.960416666667,1,123.24,2010-12-06 13:47:00,2010-12-06 13:47:00,1,2,1,4,"121","Hibernating"
16659,189.907638888889,1,39.12,2011-06-03 15:03:00,2011-06-03 15:03:00,1,2,1,4,"121","Hibernating"
16660,16.9145833333333,4,1267.65,2011-01-24 12:44:00,2011-11-23 14:53:00,4,4,4,12,"444","Loyal Customers"
16665,362.949305555556,1,135.4,2010-12-12 14:03:00,2010-12-12 14:03:00,1,2,1,4,"121","Hibernating"
16666,19.9506944444444,1,118.98,2011-11-20 14:01:00,2011-11-20 14:01:00,4,2,1,7,"421","Others"
16667,68.8916666666667,2,570.13,2011-02-28 12:57:00,2011-10-02 15:26:00,3,3,3,9,"333","Potential Loyalists"
16668,15.7965277777778,6,306.72,2011-02-28 12:46:00,2011-11-24 17:43:00,4,5,2,11,"452","Potential Loyalists"
16669,24.0166666666667,3,1374.87,2011-09-22 14:13:00,2011-11-16 12:26:00,4,4,4,12,"444","Loyal Customers"
16670,17.1361111111111,11,4095.9,2010-12-16 10:30:00,2011-11-23 09:34:00,4,5,5,14,"455","Champions"
16671,28.9652777777778,3,1692.27,2011-06-28 11:20:00,2011-11-11 13:40:00,4,4,4,12,"444","Loyal Customers"
16672,2.84791666666667,20,8134.94,2011-03-18 10:15:00,2011-12-07 16:29:00,5,5,5,15,"555","Champions"
16674,55.0548611111111,2,319.61,2011-09-02 13:59:00,2011-10-16 11:31:00,3,3,2,8,"332","Potential Loyalists"
16676,34.0340277777778,4,1592.12,2011-01-06 13:00:00,2011-11-06 12:01:00,3,4,4,11,"344","Potential Loyalists"
16678,3.02291666666667,12,3109.99,2011-03-02 09:24:00,2011-12-07 12:17:00,5,5,5,15,"555","Champions"
16679,366.957638888889,1,129.75,2010-12-08 13:51:00,2010-12-08 13:51:00,1,2,1,4,"121","Hibernating"
16680,43.8020833333333,1,183.7,2011-10-27 17:35:00,2011-10-27 17:35:00,3,2,1,6,"321","Others"
16681,73.06875,6,1770.34,2011-03-31 13:46:00,2011-09-28 11:11:00,2,5,4,11,"254","Needing Attention"
16682,5.02569444444444,5,1028,2011-06-05 11:02:00,2011-12-05 12:13:00,5,4,4,13,"544","Champions"
16684,4.94722222222222,28,66653.56,2010-12-16 17:34:00,2011-12-05 14:06:00,5,5,5,15,"555","Champions"
16685,61.9527777777778,2,324.24,2011-10-09 13:44:00,2011-10-09 13:58:00,3,3,2,8,"332","Potential Loyalists"
16686,47.9590277777778,7,3062.83,2010-12-19 14:41:00,2011-10-23 13:49:00,3,5,5,13,"355","Champions"
16688,1.89305555555556,4,1260.86,2011-10-10 12:23:00,2011-12-08 15:24:00,5,4,4,13,"544","Champions"
16689,76.0493055555555,2,422.6,2011-09-18 13:29:00,2011-09-25 11:39:00,2,3,2,7,"232","At Risk"
16690,72.9083333333333,2,225.58,2011-05-22 10:53:00,2011-09-28 15:02:00,2,3,1,6,"231","Others"
16692,256.919444444444,2,1276,2011-02-23 15:41:00,2011-03-28 14:46:00,1,3,4,8,"134","Needing Attention"
16693,69.0694444444444,2,482.01,2011-03-13 11:06:00,2011-10-02 11:10:00,3,3,2,8,"332","Potential Loyalists"
16696,135.935416666667,4,657.9,2011-04-05 15:20:00,2011-07-27 14:23:00,2,4,3,9,"243","Needing Attention"
16697,241.818055555556,1,112.75,2011-04-12 17:12:00,2011-04-12 17:12:00,1,2,1,4,"121","Hibernating"
16698,227.081944444444,2,1998,2011-03-31 13:33:00,2011-04-27 10:52:00,1,3,4,8,"134","Needing Attention"
16700,9.07638888888889,13,5076.55,2010-12-08 16:34:00,2011-12-01 11:00:00,5,5,5,15,"555","Champions"
16701,9.06944444444444,13,5398.3,2010-12-13 11:51:00,2011-12-01 11:10:00,5,5,5,15,"555","Champions"
16705,1.02916666666667,20,14034.99,2010-12-16 10:51:00,2011-12-09 12:08:00,5,5,5,15,"555","Champions"
16706,37.9583333333333,3,531.35,2011-08-17 15:53:00,2011-11-02 13:50:00,3,4,3,10,"343","Potential Loyalists"
16708,46.0208333333333,1,656.63,2011-10-25 12:20:00,2011-10-25 12:20:00,3,2,3,8,"323","Potential Loyalists"
16709,85.0791666666667,5,3029.87,2011-03-03 10:55:00,2011-09-16 10:56:00,2,4,5,11,"245","Needing Attention"
16710,19.9166666666667,10,2483.04,2010-12-06 13:13:00,2011-11-20 14:50:00,4,5,5,14,"455","Champions"
16711,3.84583333333333,5,1651.03,2010-12-17 12:43:00,2011-12-06 16:32:00,5,4,4,13,"544","Champions"
16712,9.95972222222222,11,3645.43,2011-03-08 15:07:00,2011-11-30 13:48:00,5,5,5,15,"555","Champions"
16713,19.0097222222222,15,6923.13,2010-12-08 13:01:00,2011-11-21 12:36:00,4,5,5,14,"455","Champions"
16714,219.070138888889,3,1161.53,2011-01-26 13:40:00,2011-05-05 11:09:00,1,4,4,9,"144","Needing Attention"
16715,78.7743055555556,1,301.72,2011-09-22 18:15:00,2011-09-22 18:15:00,2,2,2,6,"222","At Risk"
16716,267.115972222222,2,901.2,2011-02-01 15:35:00,2011-03-18 10:03:00,1,3,3,7,"133","Needing Attention"
16717,24.0236111111111,6,3858.38,2010-12-08 16:48:00,2011-11-16 12:16:00,4,5,5,14,"455","Champions"
16718,369.990972222222,1,623.75,2010-12-05 13:03:00,2010-12-05 13:03:00,1,2,3,6,"123","At Risk"
16719,15.1409722222222,7,1790.42,2010-12-06 12:06:00,2011-11-25 09:27:00,4,5,4,13,"454","Champions"
16720,26.8527777777778,1,155.24,2011-11-13 16:22:00,2011-11-13 16:22:00,4,2,1,7,"421","Others"
16721,262.8625,1,292.47,2011-03-22 16:08:00,2011-03-22 16:08:00,1,2,2,5,"122","At Risk"
16722,17.9736111111111,13,4730.81,2010-12-06 12:59:00,2011-11-22 13:28:00,4,5,5,14,"455","Champions"
16723,91.9923611111111,2,589.15,2011-08-24 11:31:00,2011-09-09 13:01:00,2,3,3,8,"233","Needing Attention"
16725,302.831944444444,7,781.02,2010-12-03 16:02:00,2011-02-10 16:52:00,1,5,3,9,"153","Needing Attention"
16726,26.9145833333333,5,1382.02,2010-12-13 13:28:00,2011-11-13 14:53:00,4,4,4,12,"444","Loyal Customers"
16727,364.959722222222,1,272.82,2010-12-10 13:48:00,2010-12-10 13:48:00,1,2,2,5,"122","At Risk"
16728,46.9263888888889,4,1054.67,2011-03-20 13:28:00,2011-10-24 14:36:00,3,4,4,11,"344","Potential Loyalists"
16729,38.93125,21,7239.92,2011-04-12 14:22:00,2011-11-01 14:29:00,3,5,5,13,"355","Champions"
16730,52.94375,3,743.11,2011-01-24 14:01:00,2011-10-18 14:11:00,3,4,3,10,"343","Potential Loyalists"
16732,32.1222222222222,1,603.75,2011-11-08 09:54:00,2011-11-08 09:54:00,4,2,3,9,"423","Potential Loyalists"
16734,52.9625,3,650.51,2011-08-17 15:00:00,2011-10-18 13:44:00,3,4,3,10,"343","Potential Loyalists"
16735,79.0423611111111,5,2300.56,2011-01-09 12:53:00,2011-09-22 11:49:00,2,4,5,11,"245","Needing Attention"
16737,53.9909722222222,1,417.6,2011-10-17 13:03:00,2011-10-17 13:03:00,3,2,2,7,"322","Potential Loyalists"
16738,298.127777777778,1,3.75,2011-02-15 09:46:00,2011-02-15 09:46:00,1,2,1,4,"121","Hibernating"
16739,177.147916666667,1,323,2011-06-16 09:17:00,2011-06-16 09:17:00,2,2,2,6,"222","At Risk"
16742,47.0333333333333,1,464.9,2011-10-24 12:02:00,2011-10-24 12:02:00,3,2,2,7,"322","Potential Loyalists"
16743,29.9840277777778,7,2238.09,2010-12-16 12:15:00,2011-11-10 13:13:00,4,5,5,14,"455","Champions"
16744,11.9888888888889,7,1304.76,2011-06-19 15:13:00,2011-11-28 13:06:00,5,5,4,14,"554","Champions"
16745,87.0361111111111,17,7194.3,2011-02-01 11:31:00,2011-09-14 11:58:00,2,5,5,12,"255","Needing Attention"
16746,5.01180555555556,18,6697.66,2010-12-16 11:43:00,2011-12-05 12:33:00,5,5,5,15,"555","Champions"
16747,38.0506944444444,2,836.06,2011-10-03 10:18:00,2011-11-02 11:37:00,3,3,3,9,"333","Potential Loyalists"
16748,18.10625,5,1515.9,2011-01-09 13:50:00,2011-11-22 10:17:00,4,4,4,12,"444","Loyal Customers"
16750,45.0013888888889,5,623.93,2011-04-21 16:53:00,2011-10-26 12:48:00,3,4,3,10,"343","Potential Loyalists"
16751,31.0847222222222,1,1764.72,2011-11-09 10:48:00,2011-11-09 10:48:00,4,2,4,10,"424","Potential Loyalists"
16752,373.022222222222,1,207.5,2010-12-02 12:18:00,2010-12-02 12:18:00,1,2,1,4,"121","Hibernating"
16753,58.9833333333333,1,223.92,2011-10-12 13:14:00,2011-10-12 13:14:00,3,2,1,6,"321","Others"
16754,372.8,1,2002.4,2010-12-02 17:38:00,2010-12-02 17:38:00,1,2,4,7,"124","At Risk"
16755,114.978472222222,3,1496.83,2011-01-28 10:47:00,2011-08-17 13:21:00,2,4,4,10,"244","Needing Attention"
16756,215.136805555556,1,239.4,2011-05-09 09:33:00,2011-05-09 09:33:00,1,2,1,4,"121","Hibernating"
16757,319.035416666667,1,106.83,2011-01-25 11:59:00,2011-01-25 11:59:00,1,2,1,4,"121","Hibernating"
16758,65.91875,1,369.34,2011-10-05 14:47:00,2011-10-05 14:47:00,3,2,2,7,"322","Potential Loyalists"
16759,8.00555555555556,3,789.79,2011-11-09 09:06:00,2011-12-02 12:42:00,5,4,3,12,"543","Loyal Customers"
16761,97.0659722222222,1,316.62,2011-09-04 11:15:00,2011-09-04 11:15:00,2,2,2,6,"222","At Risk"
16762,20.0465277777778,3,1501.38,2011-07-18 12:52:00,2011-11-20 11:43:00,4,4,4,12,"444","Loyal Customers"
16763,199.040277777778,1,611.85,2011-05-25 11:52:00,2011-05-25 11:52:00,1,2,3,6,"123","At Risk"
16764,4.04791666666667,13,2799.25,2011-07-19 17:17:00,2011-12-06 11:41:00,5,5,5,15,"555","Champions"
16765,294.88125,1,34,2011-02-18 15:41:00,2011-02-18 15:41:00,1,2,1,4,"121","Hibernating"
16766,273.894444444444,2,1145.6,2011-03-11 13:34:00,2011-03-11 15:22:00,1,3,4,8,"134","Needing Attention"
16767,31.1305555555556,11,5580.6,2011-01-27 13:38:00,2011-11-09 09:42:00,4,5,5,14,"455","Champions"
16768,48.0916666666667,3,478.09,2011-03-13 10:25:00,2011-10-23 10:38:00,3,4,2,9,"342","Potential Loyalists"
16769,260.964583333333,1,380.39,2011-03-24 13:41:00,2011-03-24 13:41:00,1,2,2,5,"122","At Risk"
16770,58.0201388888889,5,770.1,2010-12-02 15:49:00,2011-10-13 12:21:00,3,4,3,10,"343","Potential Loyalists"
16771,33.9736111111111,5,2246.81,2011-01-05 13:57:00,2011-11-06 13:28:00,3,4,5,12,"345","Potential Loyalists"
16773,57.9256944444444,1,171.59,2011-10-13 14:37:00,2011-10-13 14:37:00,3,2,1,6,"321","Others"
16774,68.00625,4,661.52,2011-06-14 12:45:00,2011-10-03 12:41:00,3,4,3,10,"343","Potential Loyalists"
16775,10.8944444444444,11,1695.66,2010-12-07 15:15:00,2011-11-29 15:22:00,5,5,4,14,"554","Champions"
16776,60.9902777777778,1,388.28,2011-10-10 13:04:00,2011-10-10 13:04:00,3,2,2,7,"322","Potential Loyalists"
16777,80.9645833333333,2,226.35,2011-03-27 14:34:00,2011-09-20 13:41:00,2,3,1,6,"231","Others"
16778,74.9597222222222,2,245.94,2011-03-10 15:21:00,2011-09-26 13:48:00,2,3,1,6,"231","Others"
16779,2.91388888888889,22,10629.72,2010-12-08 09:56:00,2011-12-07 14:54:00,5,5,5,15,"555","Champions"
16780,100.861805555556,2,425.19,2011-03-25 17:34:00,2011-08-31 16:09:00,2,3,2,7,"232","At Risk"
16781,372.933333333333,1,311.25,2010-12-02 14:26:00,2010-12-02 14:26:00,1,2,2,5,"122","At Risk"
16782,10.9791666666667,13,2279.9,2010-12-09 11:28:00,2011-11-29 13:20:00,5,5,5,15,"555","Champions"
16784,20.0208333333333,1,107.6,2011-11-20 12:20:00,2011-11-20 12:20:00,4,2,1,7,"421","Others"
16788,123.914583333333,2,597.48,2011-03-30 13:05:00,2011-08-08 14:53:00,2,3,3,8,"233","Needing Attention"
16789,8.90138888888889,1,80.8,2011-12-01 15:12:00,2011-12-01 15:12:00,5,2,1,8,"521","Others"
16790,4.03958333333333,6,1545.62,2011-11-02 11:23:00,2011-12-06 11:53:00,5,5,4,14,"554","Champions"
16791,29.7347222222222,7,1721.78,2011-01-11 15:42:00,2011-11-10 19:12:00,4,5,4,13,"454","Champions"
16792,282.922916666667,2,110.38,2011-03-02 14:39:00,2011-03-02 14:41:00,1,3,1,5,"131","Others"
16793,57.9041666666667,1,243.84,2011-10-13 15:08:00,2011-10-13 15:08:00,3,2,1,6,"321","Others"
16794,1.78888888888889,10,1222.71,2011-06-12 14:15:00,2011-12-08 17:54:00,5,5,4,14,"554","Champions"
16795,365.945833333333,1,414.88,2010-12-09 14:08:00,2010-12-09 14:08:00,1,2,2,5,"122","At Risk"
16796,89.9506944444445,1,305.62,2011-09-11 14:01:00,2011-09-11 14:01:00,2,2,2,6,"222","At Risk"
16800,11.9472222222222,1,1201.49,2011-11-28 14:06:00,2011-11-28 14:06:00,5,2,4,11,"524","Potential Loyalists"
16801,163.886805555556,4,1619.73,2011-03-11 13:56:00,2011-06-29 15:33:00,2,4,4,10,"244","Needing Attention"
16803,65.9319444444444,1,332.3,2011-10-05 14:28:00,2011-10-05 14:28:00,3,2,2,7,"322","Potential Loyalists"
16804,23.8381944444444,3,536.99,2011-03-14 15:48:00,2011-11-16 16:43:00,4,4,3,11,"443","Loyal Customers"
16805,174.060416666667,2,460.59,2010-12-14 13:35:00,2011-06-19 11:23:00,2,3,2,7,"232","At Risk"
16806,103.890972222222,4,801.49,2011-04-14 19:59:00,2011-08-28 15:27:00,2,4,3,9,"243","Needing Attention"
16807,143.034722222222,3,1121.59,2011-03-14 09:46:00,2011-07-20 12:00:00,2,4,4,10,"244","Needing Attention"
16808,99.7194444444444,2,288.42,2011-03-10 19:05:00,2011-09-01 19:34:00,2,3,2,7,"232","At Risk"
16809,23.8784722222222,5,914.69,2011-03-22 15:20:00,2011-11-16 15:45:00,4,4,3,11,"443","Loyal Customers"
16810,192.8875,1,309.54,2011-05-31 15:32:00,2011-05-31 15:32:00,1,2,2,5,"122","At Risk"
16811,5.04930555555556,2,547.07,2011-11-22 17:19:00,2011-12-05 11:39:00,5,3,3,11,"533","Loyal Customers"
16812,361.010416666667,1,479.35,2010-12-14 12:35:00,2010-12-14 12:35:00,1,2,2,5,"122","At Risk"
16813,8.94930555555556,10,1692.98,2011-05-19 13:28:00,2011-12-01 14:03:00,5,5,4,14,"554","Champions"
16814,14.9743055555556,21,6509.1,2010-12-05 11:45:00,2011-11-25 13:27:00,4,5,5,14,"455","Champions"
16816,103.940277777778,4,417.06,2010-12-16 17:01:00,2011-08-28 14:16:00,2,4,2,8,"242","At Risk"
16817,3.07430555555556,9,1604.75,2010-12-06 14:19:00,2011-12-07 11:03:00,5,5,4,14,"554","Champions"
16818,11.0895833333333,11,3349.57,2011-05-18 11:42:00,2011-11-29 10:41:00,5,5,5,15,"555","Champions"
16820,96.0305555555556,1,497.61,2011-09-05 12:06:00,2011-09-05 12:06:00,2,2,3,7,"223","At Risk"
16823,227.909722222222,1,358.38,2011-04-26 15:00:00,2011-04-26 15:00:00,1,2,2,5,"122","At Risk"
16824,16.0083333333333,2,460.64,2011-06-28 13:36:00,2011-11-24 12:38:00,4,3,2,9,"432","Potential Loyalists"
16825,39.0409722222222,2,775.18,2011-06-07 09:44:00,2011-11-01 11:51:00,3,3,3,9,"333","Potential Loyalists"
16826,51.9479166666667,1,341.7,2011-10-19 14:05:00,2011-10-19 14:05:00,3,2,2,7,"322","Potential Loyalists"
16828,93.9027777777778,2,128.5,2011-08-19 13:24:00,2011-09-07 15:10:00,2,3,1,6,"231","Others"
16829,157.084722222222,1,197.22,2011-07-06 10:48:00,2011-07-06 10:48:00,2,2,1,5,"221","Hibernating"
16830,39.0520833333333,1,325.91,2011-11-01 11:35:00,2011-11-01 11:35:00,3,2,2,7,"322","Potential Loyalists"
16832,184.884722222222,3,199.15,2011-05-06 14:12:00,2011-06-08 15:36:00,1,4,1,6,"141","Others"
16833,1.92430555555556,4,1106.53,2011-01-09 13:02:00,2011-12-08 14:39:00,5,4,4,13,"544","Champions"
16834,228.134027777778,1,413.46,2011-04-26 09:37:00,2011-04-26 09:37:00,1,2,2,5,"122","At Risk"
16835,128.958333333333,2,180.85,2010-12-01 17:15:00,2011-08-03 13:50:00,2,3,1,6,"231","Others"
16836,40.1145833333333,2,251.87,2011-08-15 12:38:00,2011-10-31 10:05:00,3,3,2,8,"332","Potential Loyalists"
16837,31.9326388888889,11,3170.98,2011-04-08 08:48:00,2011-11-08 14:27:00,4,5,5,14,"455","Champions"
16838,197.984027777778,2,588.85,2011-02-24 15:01:00,2011-05-26 13:13:00,1,3,3,7,"133","Needing Attention"
16839,9.15763888888889,34,16594.35,2010-12-05 11:15:00,2011-12-01 09:03:00,5,5,5,15,"555","Champions"
16841,37.0409722222222,6,1869.82,2011-02-25 12:40:00,2011-11-03 11:51:00,3,5,4,12,"354","Potential Loyalists"
16842,101.088888888889,3,1264.19,2011-02-10 14:51:00,2011-08-31 10:42:00,2,4,4,10,"244","Needing Attention"
16843,43.1555555555556,16,10196.57,2011-01-16 16:10:00,2011-10-28 09:06:00,3,5,5,13,"355","Champions"
16846,50.9548611111111,1,214.32,2011-10-20 13:55:00,2011-10-20 13:55:00,3,2,1,6,"321","Others"
16847,43.9729166666667,1,193.44,2011-10-27 13:29:00,2011-10-27 13:29:00,3,2,1,6,"321","Others"
16848,53.1722222222222,1,281.42,2011-10-18 08:42:00,2011-10-18 08:42:00,3,2,2,7,"322","Potential Loyalists"
16849,187.148611111111,1,124.57,2011-06-06 09:16:00,2011-06-06 09:16:00,1,2,1,4,"121","Hibernating"
16850,334.070138888889,1,332.41,2011-01-10 11:09:00,2011-01-10 11:09:00,1,2,2,5,"122","At Risk"
16851,4.97083333333333,3,342.45,2011-10-19 09:48:00,2011-12-05 13:32:00,5,4,2,11,"542","Potential Loyalists"
16852,10.9777777777778,2,144.91,2011-06-16 15:49:00,2011-11-29 13:22:00,5,3,1,9,"531","Others"
16855,24.0326388888889,2,328.4,2011-10-27 16:31:00,2011-11-16 12:03:00,4,3,2,9,"432","Potential Loyalists"
16856,15.1604166666667,1,35.4,2011-11-25 08:59:00,2011-11-25 08:59:00,4,2,1,7,"421","Others"
16858,369.123611111111,1,375.69,2010-12-06 09:52:00,2010-12-06 09:52:00,1,2,2,5,"122","At Risk"
16859,145.021527777778,2,747.81,2011-03-23 13:39:00,2011-07-18 12:19:00,2,3,3,8,"233","Needing Attention"
16861,60.15625,2,173.76,2011-07-04 15:38:00,2011-10-11 09:05:00,3,3,1,7,"331","Others"
16863,31.8916666666667,2,502.8,2010-12-08 08:58:00,2011-11-08 15:26:00,4,3,3,10,"433","Loyal Customers"
16866,141.113888888889,3,207.74,2011-07-01 12:34:00,2011-07-22 10:06:00,2,4,1,7,"241","Others"
16869,23.0333333333333,4,825.42,2011-06-17 13:01:00,2011-11-17 12:02:00,4,4,3,11,"443","Loyal Customers"
16871,22.7243055555556,6,2812.34,2011-03-14 10:31:00,2011-11-17 19:27:00,4,5,5,14,"455","Champions"
16872,77.8645833333333,3,680.02,2011-06-08 14:32:00,2011-09-23 16:05:00,2,4,3,9,"243","Needing Attention"
16873,5.03125,6,7123.62,2010-12-10 15:45:00,2011-12-05 12:05:00,5,5,5,15,"555","Champions"
16875,67.9659722222222,5,2095.53,2011-01-04 10:37:00,2011-10-03 13:39:00,3,4,5,12,"345","Potential Loyalists"
16877,12.9604166666667,6,853.72,2011-05-15 16:13:00,2011-11-27 13:47:00,5,5,3,13,"553","Champions"
16878,84.7993055555555,1,13.3,2011-09-16 17:39:00,2011-09-16 17:39:00,2,2,1,5,"221","Hibernating"
16880,31.0534722222222,7,1519.08,2011-06-03 16:45:00,2011-11-09 11:33:00,4,5,4,13,"454","Champions"
16881,67.0951388888889,1,432,2011-10-04 10:33:00,2011-10-04 10:33:00,3,2,2,7,"322","Potential Loyalists"
16882,67.0888888888889,3,705.12,2011-01-26 17:43:00,2011-10-04 10:42:00,3,4,3,10,"343","Potential Loyalists"
16883,187.999305555556,2,276.73,2010-12-03 10:33:00,2011-06-05 12:51:00,1,3,2,6,"132","At Risk"
16884,38.0402777777778,2,429.84,2011-11-02 10:16:00,2011-11-02 11:52:00,3,3,2,8,"332","Potential Loyalists"
16885,15.9652777777778,3,471.51,2010-12-17 17:23:00,2011-11-24 13:40:00,4,4,2,10,"442","Potential Loyalists"
16887,35.9465277777778,1,194.88,2011-11-04 14:07:00,2011-11-04 14:07:00,3,2,1,6,"321","Others"
16889,195.072916666667,3,1578.67,2011-01-07 10:47:00,2011-05-29 11:05:00,1,4,4,9,"144","Needing Attention"
16891,2.06597222222222,5,809.7,2010-12-03 11:35:00,2011-12-08 11:15:00,5,4,3,12,"543","Loyal Customers"
16892,1.98055555555556,5,525.54,2011-06-09 11:35:00,2011-12-08 13:18:00,5,4,3,12,"543","Loyal Customers"
16893,367.030555555556,1,145.93,2010-12-08 12:06:00,2010-12-08 12:06:00,1,2,1,4,"121","Hibernating"
16895,65.0243055555556,1,219.14,2011-10-06 12:15:00,2011-10-06 12:15:00,3,2,1,6,"321","Others"
16897,299.908333333333,2,289.78,2011-01-30 11:52:00,2011-02-13 15:02:00,1,3,2,6,"132","At Risk"
16898,26.8791666666667,3,508.81,2010-12-06 12:23:00,2011-11-13 15:44:00,4,4,3,11,"443","Loyal Customers"
16899,8.03263888888889,6,1281.56,2010-12-14 13:11:00,2011-12-02 12:03:00,5,5,4,14,"554","Champions"
16900,17.0958333333333,3,887.11,2011-10-07 13:17:00,2011-11-23 10:32:00,4,4,3,11,"443","Loyal Customers"
16902,116.939583333333,1,1706.88,2011-08-15 14:17:00,2011-08-15 14:17:00,2,2,4,8,"224","At Risk"
16903,29.8875,1,373.24,2011-11-10 15:32:00,2011-11-10 15:32:00,4,2,2,8,"422","Potential Loyalists"
16904,4.98611111111111,16,3754.27,2010-12-07 13:29:00,2011-12-05 13:10:00,5,5,5,15,"555","Champions"
16905,5.95069444444444,7,3102.43,2010-12-03 10:43:00,2011-12-04 14:01:00,5,5,5,15,"555","Champions"
16906,82.0423611111111,4,579.77,2011-04-05 12:30:00,2011-09-19 11:49:00,2,4,3,9,"243","Needing Attention"
16907,29.7819444444444,5,981.65,2010-12-09 16:52:00,2011-11-10 18:04:00,4,4,4,12,"444","Loyal Customers"
16909,72.8368055555556,1,379.14,2011-09-28 16:45:00,2011-09-28 16:45:00,2,2,2,6,"222","At Risk"
16910,4.99930555555556,8,1510.06,2011-09-09 14:14:00,2011-12-05 12:51:00,5,5,4,14,"554","Champions"
16912,29.0222222222222,11,2575.38,2011-01-20 15:42:00,2011-11-11 12:18:00,4,5,5,14,"455","Champions"
16913,290.995833333333,1,113.44,2011-02-22 12:56:00,2011-02-22 12:56:00,1,2,1,4,"121","Hibernating"
16914,36.8909722222222,1,208.46,2011-11-03 15:27:00,2011-11-03 15:27:00,3,2,1,6,"321","Others"
16915,9.84097222222222,6,621.68,2011-03-01 09:52:00,2011-11-30 16:39:00,5,5,3,13,"553","Champions"
16916,24.0291666666667,2,576.26,2010-12-02 13:14:00,2011-11-16 12:08:00,4,3,3,10,"433","Loyal Customers"
16917,277.038194444444,1,391.52,2011-03-08 11:55:00,2011-03-08 11:55:00,1,2,2,5,"122","At Risk"
16918,50,6,1068.82,2011-01-26 17:37:00,2011-10-21 12:50:00,3,5,4,12,"354","Potential Loyalists"
16919,156.96875,11,2596.45,2010-12-06 12:52:00,2011-07-06 13:35:00,2,5,5,12,"255","Needing Attention"
16921,61.8527777777778,1,169.79,2011-10-09 16:22:00,2011-10-09 16:22:00,3,2,1,6,"321","Others"
16923,12.9930555555556,19,7247.61,2010-12-12 11:06:00,2011-11-27 13:00:00,5,5,5,15,"555","Champions"
16924,21.9979166666667,3,846.75,2011-09-16 12:54:00,2011-11-18 12:53:00,4,4,3,11,"443","Loyal Customers"
16926,371.963888888889,1,230.25,2010-12-03 13:42:00,2010-12-03 13:42:00,1,2,1,4,"121","Hibernating"
16927,116.069444444444,3,543.05,2010-12-13 11:57:00,2011-08-16 11:10:00,2,4,3,9,"243","Needing Attention"
16928,80.9027777777778,17,2847.6,2010-12-01 15:21:00,2011-09-20 15:10:00,2,5,5,12,"255","Needing Attention"
16929,4.17569444444444,7,1295.39,2011-07-07 12:39:00,2011-12-06 08:37:00,5,5,4,14,"554","Champions"
16930,26.8590277777778,3,380.55,2011-10-02 14:25:00,2011-11-13 16:13:00,4,4,2,10,"442","Potential Loyalists"
16931,5.98263888888889,21,4604.22,2010-12-05 11:40:00,2011-12-04 13:15:00,5,5,5,15,"555","Champions"
16932,53.9430555555556,1,161.94,2011-10-17 14:12:00,2011-10-17 14:12:00,3,2,1,6,"321","Others"
16933,1.99722222222222,2,563.23,2011-04-14 13:33:00,2011-12-08 12:54:00,5,3,3,11,"533","Loyal Customers"
16934,55.0069444444444,2,950.93,2011-10-16 12:25:00,2011-10-16 12:40:00,3,3,4,10,"334","Potential Loyalists"
16936,26.0736111111111,1,262.68,2011-11-14 11:04:00,2011-11-14 11:04:00,4,2,2,8,"422","Potential Loyalists"
16938,9.10416666666667,4,2736.38,2011-02-04 09:34:00,2011-12-01 10:20:00,5,4,5,14,"545","Champions"
16940,52.9826388888889,3,3049.88,2011-02-23 12:27:00,2011-10-18 13:15:00,3,4,5,12,"345","Potential Loyalists"
16942,13.0069444444444,9,1920.59,2011-04-26 11:59:00,2011-11-27 12:40:00,5,5,4,14,"554","Champions"
16943,212.036805555556,3,816.73,2011-01-25 14:00:00,2011-05-12 11:57:00,1,4,3,8,"143","Needing Attention"
16945,22.0493055555556,19,4345.5,2010-12-16 17:49:00,2011-11-18 11:39:00,4,5,5,14,"455","Champions"
16947,236.133333333333,1,406.48,2011-04-18 09:38:00,2011-04-18 09:38:00,1,2,2,5,"122","At Risk"
16948,139.002777777778,3,435.02,2011-01-18 10:58:00,2011-07-24 12:46:00,2,4,2,8,"242","At Risk"
16949,4.07152777777778,6,1286.27,2011-01-27 12:11:00,2011-12-06 11:07:00,5,5,4,14,"554","Champions"
16950,57.1555555555556,3,1178.56,2010-12-07 15:20:00,2011-10-14 09:06:00,3,4,4,11,"344","Potential Loyalists"
16951,135.03125,3,1277.75,2011-02-08 14:58:00,2011-07-28 12:05:00,2,4,4,10,"244","Needing Attention"
16952,109.990972222222,2,167.61,2011-08-22 12:58:00,2011-08-22 13:03:00,2,3,1,6,"231","Others"
16953,30.8722222222222,1,20.8,2011-11-09 15:54:00,2011-11-09 15:54:00,4,2,1,7,"421","Others"
16954,1.12777777777778,9,2085.08,2010-12-15 10:41:00,2011-12-09 09:46:00,5,5,5,15,"555","Champions"
16955,185.093055555556,4,518.67,2010-12-01 13:31:00,2011-06-08 10:36:00,1,4,3,8,"143","Needing Attention"
16956,18.1625,1,308.74,2011-11-22 08:56:00,2011-11-22 08:56:00,4,2,2,8,"422","Potential Loyalists"
16957,239.954166666667,2,416.64,2011-03-03 09:25:00,2011-04-14 13:56:00,1,3,2,6,"132","At Risk"
16959,87.9076388888889,1,117.35,2011-09-13 15:03:00,2011-09-13 15:03:00,2,2,1,5,"221","Hibernating"
16960,39.0520833333333,3,507.05,2011-04-01 11:54:00,2011-11-01 11:35:00,3,4,3,10,"343","Potential Loyalists"
16961,116.961111111111,1,234.17,2011-08-15 13:46:00,2011-08-15 13:46:00,2,2,1,5,"221","Hibernating"
16963,187.959722222222,1,110.55,2011-06-05 13:48:00,2011-06-05 13:48:00,1,2,1,4,"121","Hibernating"
16965,227.029166666667,1,201.19,2011-04-27 12:08:00,2011-04-27 12:08:00,1,2,1,4,"121","Hibernating"
16966,8.96527777777778,7,2154.97,2011-04-13 14:17:00,2011-12-01 13:40:00,5,5,5,15,"555","Champions"
16967,189.934722222222,1,319.02,2011-06-03 14:24:00,2011-06-03 14:24:00,1,2,2,5,"122","At Risk"
16968,4.90833333333333,2,439.43,2011-08-24 10:51:00,2011-12-05 15:02:00,5,3,2,10,"532","Potential Loyalists"
16969,39.9847222222222,3,650.41,2011-06-01 12:10:00,2011-10-31 13:12:00,3,4,3,10,"343","Potential Loyalists"
16971,38.9055555555556,1,357.21,2011-11-01 15:06:00,2011-11-01 15:06:00,3,2,2,7,"322","Potential Loyalists"
16976,267.845138888889,1,251.52,2011-03-17 16:33:00,2011-03-17 16:33:00,1,2,2,5,"122","At Risk"
16978,78,1,344.33,2011-09-23 12:50:00,2011-09-23 12:50:00,2,2,2,6,"222","At Risk"
16979,4.02013888888889,6,1852,2011-02-15 09:20:00,2011-12-06 12:21:00,5,5,4,14,"554","Champions"
16980,255.843055555556,2,1078.96,2011-02-21 12:58:00,2011-03-29 16:36:00,1,3,4,8,"134","Needing Attention"
16982,61.0152777777778,1,384.06,2011-10-10 12:28:00,2011-10-10 12:28:00,3,2,2,7,"322","Potential Loyalists"
16983,13.0277777777778,7,1931.25,2010-12-05 12:34:00,2011-11-27 12:10:00,5,5,4,14,"554","Champions"
16984,88.9631944444444,2,4481.35,2011-08-01 17:37:00,2011-09-12 13:43:00,2,3,5,10,"235","Needing Attention"
16985,17.9701388888889,10,5464.12,2010-12-16 10:38:00,2011-11-22 13:33:00,4,5,5,14,"455","Champions"
16986,30.0381944444444,2,1873.2,2011-11-09 15:52:00,2011-11-10 11:55:00,4,3,4,11,"434","Loyal Customers"
16987,3.80833333333333,7,1625.05,2011-05-18 15:55:00,2011-12-06 17:26:00,5,5,4,14,"554","Champions"
16988,5.86666666666667,1,126.12,2011-12-04 16:02:00,2011-12-04 16:02:00,5,2,1,8,"521","Others"
16989,7.84097222222222,6,1133.25,2011-07-12 09:11:00,2011-12-02 16:39:00,5,5,4,14,"554","Champions"
16990,219.180555555556,1,179,2011-05-05 08:30:00,2011-05-05 08:30:00,1,2,1,4,"121","Hibernating"
16992,11.0416666666667,5,1614.31,2011-02-28 10:37:00,2011-11-29 11:50:00,5,4,4,13,"544","Champions"
16996,30.8381944444444,6,1456.96,2010-12-21 13:22:00,2011-11-09 16:43:00,4,5,4,13,"454","Champions"
16997,288.806944444444,3,702,2011-01-18 11:51:00,2011-02-24 17:28:00,1,4,3,8,"143","Needing Attention"
16998,150.129166666667,4,295,2011-02-08 15:42:00,2011-07-13 09:44:00,2,4,2,8,"242","At Risk"
16999,23.95625,2,484.82,2011-09-26 15:43:00,2011-11-16 13:53:00,4,3,2,9,"432","Potential Loyalists"
17001,1.13333333333333,11,3989.57,2010-12-16 09:35:00,2011-12-09 09:38:00,5,5,5,15,"555","Champions"
17002,86.0069444444444,3,1493.73,2011-02-22 11:46:00,2011-09-15 12:40:00,2,4,4,10,"244","Needing Attention"
17004,46.9340277777778,2,1412.94,2011-09-08 12:16:00,2011-10-24 14:25:00,3,3,4,10,"334","Potential Loyalists"
17006,5.02847222222222,4,781.78,2011-09-25 12:15:00,2011-12-05 12:09:00,5,4,3,12,"543","Loyal Customers"
17007,51.0854166666667,6,889.93,2010-12-17 13:57:00,2011-10-20 10:47:00,3,5,3,11,"353","Potential Loyalists"
17010,18.9173611111111,1,195.36,2011-11-21 14:49:00,2011-11-21 14:49:00,4,2,1,7,"421","Others"
17011,30.9722222222222,1,270.9,2011-11-09 13:30:00,2011-11-09 13:30:00,4,2,2,8,"422","Potential Loyalists"
17014,8.94513888888889,3,586.33,2011-10-04 11:36:00,2011-12-01 14:09:00,5,4,3,12,"543","Loyal Customers"
17015,29.0868055555556,3,1842.56,2011-06-07 13:19:00,2011-11-11 10:45:00,4,4,4,12,"444","Loyal Customers"
17017,3.1375,20,8694.26,2010-12-02 10:17:00,2011-12-07 09:32:00,5,5,5,15,"555","Champions"
17018,41.0472222222222,2,920.1,2011-01-18 08:46:00,2011-10-30 11:42:00,3,3,3,9,"333","Potential Loyalists"
17019,11.9888888888889,4,1272.61,2010-12-06 12:55:00,2011-11-28 13:06:00,5,4,4,13,"544","Champions"
17022,31.8201388888889,1,71,2011-11-08 17:09:00,2011-11-08 17:09:00,4,2,1,7,"421","Others"
17024,45.9604166666667,3,95.85,2011-07-05 09:31:00,2011-10-25 13:47:00,3,4,1,8,"341","Others"
17025,61.1555555555556,3,357.77,2010-12-01 15:45:00,2011-10-10 09:06:00,3,4,2,9,"342","Potential Loyalists"
17026,185.931944444444,2,154.83,2010-12-05 12:47:00,2011-06-07 14:28:00,1,3,1,5,"131","Others"
17027,79.0180555555555,6,890.29,2011-01-26 14:19:00,2011-09-22 12:24:00,2,5,3,10,"253","Needing Attention"
17029,111.072222222222,2,716,2011-04-17 10:57:00,2011-08-21 11:06:00,2,3,3,8,"233","Needing Attention"
17030,64.1673611111111,1,146.87,2011-10-07 08:49:00,2011-10-07 08:49:00,3,2,1,6,"321","Others"
17031,12.1020833333333,2,380.35,2011-07-08 09:38:00,2011-11-28 10:23:00,5,3,2,10,"532","Potential Loyalists"
17033,86.9277777777778,3,1030.14,2010-12-15 13:21:00,2011-09-14 14:34:00,2,4,4,10,"244","Needing Attention"
17034,16.9,3,745.52,2011-02-25 10:10:00,2011-11-23 15:14:00,4,4,3,11,"443","Loyal Customers"
17035,246.060416666667,2,433.53,2011-02-01 12:27:00,2011-04-08 11:23:00,1,3,2,6,"132","At Risk"
17037,88.0006944444444,1,1267.32,2011-09-13 12:49:00,2011-09-13 12:49:00,2,2,4,8,"224","At Risk"
17038,30.9583333333333,1,112.4,2011-11-09 13:50:00,2011-11-09 13:50:00,4,2,1,7,"421","Others"
17040,138.104861111111,1,449.73,2011-07-25 10:19:00,2011-07-25 10:19:00,2,2,2,6,"222","At Risk"
17041,27.0618055555556,3,1081.57,2010-12-14 11:43:00,2011-11-13 11:21:00,4,4,4,12,"444","Loyal Customers"
17042,3.01666666666667,5,1044.38,2011-04-06 14:53:00,2011-12-07 12:26:00,5,4,4,13,"544","Champions"
17043,32.8868055555556,4,1735.18,2011-03-18 14:53:00,2011-11-07 15:33:00,4,4,4,12,"444","Loyal Customers"
17044,25.9319444444444,1,948.48,2011-11-14 14:28:00,2011-11-14 14:28:00,4,2,4,10,"424","Potential Loyalists"
17045,113.820138888889,3,339.44,2011-04-06 12:08:00,2011-08-18 17:09:00,2,4,2,8,"242","At Risk"
17046,157.934722222222,1,642.02,2011-07-05 14:24:00,2011-07-05 14:24:00,2,2,3,7,"223","At Risk"
17047,85.9743055555556,3,1100.9,2011-05-18 16:50:00,2011-09-15 13:27:00,2,4,4,10,"244","Needing Attention"
17048,118.042361111111,3,925.35,2011-01-12 16:51:00,2011-08-14 11:49:00,2,4,3,9,"243","Needing Attention"
17049,3.08472222222222,9,5659.98,2011-03-09 08:33:00,2011-12-07 10:48:00,5,5,5,15,"555","Champions"
17050,96.9597222222222,6,3228.84,2011-02-13 12:41:00,2011-09-04 13:48:00,2,5,5,12,"255","Needing Attention"
17051,194.942361111111,1,247.14,2011-05-29 14:13:00,2011-05-29 14:13:00,1,2,1,4,"121","Hibernating"
17052,28.9166666666667,1,413.75,2011-11-11 14:50:00,2011-11-11 14:50:00,4,2,2,8,"422","Potential Loyalists"
17053,131.102083333333,1,498.48,2011-08-01 10:23:00,2011-08-01 10:23:00,2,2,3,7,"223","At Risk"
17054,28.9958333333333,5,1356.33,2011-04-08 13:14:00,2011-11-11 12:56:00,4,4,4,12,"444","Loyal Customers"
17058,82.1090277777778,3,1179.89,2011-04-14 09:18:00,2011-09-19 10:13:00,2,4,4,10,"244","Needing Attention"
17059,30.0159722222222,5,3095.04,2010-12-05 12:35:00,2011-11-10 12:27:00,4,4,5,13,"445","Champions"
17060,266.974305555556,1,234.24,2011-03-18 13:27:00,2011-03-18 13:27:00,1,2,1,4,"121","Hibernating"
17061,74.0597222222222,11,5232.23,2011-04-21 13:29:00,2011-09-27 11:24:00,2,5,5,12,"255","Needing Attention"
17062,314.075694444444,4,538.37,2010-12-05 11:59:00,2011-01-30 11:01:00,1,4,3,8,"143","Needing Attention"
17063,21.8548611111111,7,1461.14,2011-02-23 13:44:00,2011-11-18 16:19:00,4,5,4,13,"454","Champions"
17064,59.1055555555556,3,859.35,2011-01-16 16:10:00,2011-10-12 10:18:00,3,4,3,10,"343","Potential Loyalists"
17068,12.9833333333333,21,4552.14,2010-12-06 13:58:00,2011-11-27 13:14:00,5,5,5,15,"555","Champions"
17069,28.8173611111111,9,2709.7,2010-12-01 16:49:00,2011-11-11 17:13:00,4,5,5,14,"455","Champions"
17070,114.825694444444,1,312.14,2011-08-17 17:01:00,2011-08-17 17:01:00,2,2,2,6,"222","At Risk"
17071,28.8465277777778,9,2429.03,2011-02-03 08:18:00,2011-11-11 16:31:00,4,5,5,14,"455","Champions"
17073,18.04375,4,1446.09,2011-08-22 14:37:00,2011-11-22 11:47:00,4,4,4,12,"444","Loyal Customers"
17075,18.0361111111111,4,834.12,2011-01-26 13:20:00,2011-11-22 11:58:00,4,4,3,11,"443","Loyal Customers"
17076,36.7895833333333,3,841.08,2010-12-10 10:08:00,2011-11-03 17:53:00,3,4,3,10,"343","Potential Loyalists"
17078,36.73125,2,378.2,2011-11-03 18:49:00,2011-11-03 19:17:00,3,3,2,8,"332","Potential Loyalists"
17079,78.8861111111111,1,118.8,2011-09-22 15:34:00,2011-09-22 15:34:00,2,2,1,5,"221","Hibernating"
17080,22.99375,2,287.62,2011-03-15 12:05:00,2011-11-17 12:59:00,4,3,2,9,"432","Potential Loyalists"
17081,25.9958333333333,2,290.16,2011-10-24 13:08:00,2011-11-14 12:56:00,4,3,2,9,"432","Potential Loyalists"
17082,33.8979166666667,2,2003.85,2011-01-25 14:36:00,2011-11-06 15:17:00,3,3,4,10,"334","Potential Loyalists"
17083,109.879861111111,3,1405.78,2011-02-09 11:38:00,2011-08-22 15:43:00,2,4,4,10,"244","Needing Attention"
17084,35.9138888888889,2,2949.75,2011-11-04 14:49:00,2011-11-04 14:54:00,3,3,5,11,"335","Potential Loyalists"
17085,123.940972222222,5,1566.65,2010-12-12 12:24:00,2011-08-08 14:15:00,2,4,4,10,"244","Needing Attention"
17086,7.95555555555556,6,2050.08,2011-10-07 11:22:00,2011-12-02 13:54:00,5,5,4,14,"554","Champions"
17088,28.9354166666667,4,1991.01,2011-03-31 09:48:00,2011-11-11 14:23:00,4,4,4,12,"444","Loyal Customers"
17090,4.9625,7,2043.95,2010-12-20 13:52:00,2011-12-05 13:44:00,5,5,4,14,"554","Champions"
17091,3.08819444444444,9,3827.76,2010-12-07 09:55:00,2011-12-07 10:43:00,5,5,5,15,"555","Champions"
17092,50.7076388888889,4,1777.78,2011-03-07 14:51:00,2011-10-20 19:51:00,3,4,4,11,"344","Potential Loyalists"
17094,322.986805555556,1,302,2011-01-21 13:09:00,2011-01-21 13:09:00,1,2,2,5,"122","At Risk"
17095,23.0201388888889,3,1324.16,2011-01-09 11:05:00,2011-11-17 12:21:00,4,4,4,12,"444","Loyal Customers"
17096,15.9090277777778,4,1022.13,2011-03-23 12:05:00,2011-11-24 15:01:00,4,4,4,12,"444","Loyal Customers"
17097,2.82291666666667,8,954.42,2010-12-09 14:55:00,2011-12-07 17:05:00,5,5,4,14,"554","Champions"
17100,18.8430555555556,2,971.74,2011-11-21 16:36:00,2011-11-21 16:36:00,4,3,4,11,"434","Loyal Customers"
17101,10.9534722222222,4,1621.73,2011-06-14 14:49:00,2011-11-29 13:57:00,5,4,4,13,"544","Champions"
17102,262.1125,1,25.5,2011-03-23 10:08:00,2011-03-23 10:08:00,1,2,1,4,"121","Hibernating"
17105,159.872916666667,2,665.78,2011-02-06 14:46:00,2011-07-03 15:53:00,2,3,3,8,"233","Needing Attention"
17107,33.9416666666667,6,10815.43,2011-03-06 15:17:00,2011-11-06 14:14:00,3,5,5,13,"355","Champions"
17109,29.8270833333333,6,885.04,2011-04-21 15:46:00,2011-11-10 16:59:00,4,5,3,12,"453","Loyal Customers"
17110,165.994444444444,1,163.3,2011-06-27 12:58:00,2011-06-27 12:58:00,2,2,1,5,"221","Hibernating"
17111,47.86875,1,248.61,2011-10-23 15:59:00,2011-10-23 15:59:00,3,2,1,6,"321","Others"
17114,6.02291666666667,8,808.62,2011-01-09 11:39:00,2011-12-04 12:17:00,5,5,3,13,"553","Champions"
17115,8.93055555555556,3,837.5,2011-04-20 14:46:00,2011-12-01 14:30:00,5,4,3,12,"543","Loyal Customers"
17117,288.955555555556,1,116.2,2011-02-24 13:54:00,2011-02-24 13:54:00,1,2,1,4,"121","Hibernating"
17118,318.021527777778,1,157.02,2011-01-26 12:19:00,2011-01-26 12:19:00,1,2,1,4,"121","Hibernating"
17119,3.92361111111111,2,606.91,2011-10-11 11:03:00,2011-12-06 14:40:00,5,3,3,11,"533","Loyal Customers"
17120,233.895138888889,1,307.46,2011-04-20 15:21:00,2011-04-20 15:21:00,1,2,2,5,"122","At Risk"
17122,119.928472222222,1,138.32,2011-08-12 14:33:00,2011-08-12 14:33:00,2,2,1,5,"221","Hibernating"
17123,162.085416666667,1,345.3,2011-07-01 10:47:00,2011-07-01 10:47:00,2,2,2,6,"222","At Risk"
17124,185.95,1,298.89,2011-06-07 14:02:00,2011-06-07 14:02:00,1,2,2,5,"122","At Risk"
17125,50.9229166666667,1,259.35,2011-10-20 14:41:00,2011-10-20 14:41:00,3,2,2,7,"322","Potential Loyalists"
17126,152.956944444444,5,1004.75,2010-12-12 11:26:00,2011-07-10 13:52:00,2,4,4,10,"244","Needing Attention"
17128,335.033333333333,1,157.09,2011-01-09 12:02:00,2011-01-09 12:02:00,1,2,1,4,"121","Hibernating"
17131,5.99861111111111,5,2463.17,2011-09-25 12:42:00,2011-12-04 12:52:00,5,4,5,14,"545","Champions"
17133,16.0159722222222,7,4892.24,2011-03-18 13:47:00,2011-11-24 12:27:00,4,5,5,14,"455","Champions"
17134,107.122916666667,2,425,2011-03-20 11:56:00,2011-08-25 09:53:00,2,3,2,7,"232","At Risk"
17135,16.8347222222222,7,1139.73,2010-12-03 09:31:00,2011-11-23 16:48:00,4,5,4,13,"454","Champions"
17138,276.038888888889,1,380.5,2011-03-09 11:54:00,2011-03-09 11:54:00,1,2,2,5,"122","At Risk"
17139,16.1097222222222,12,10668.47,2011-02-24 09:32:00,2011-11-24 10:12:00,4,5,5,14,"455","Champions"
17140,247.970138888889,1,465.32,2011-04-06 13:33:00,2011-04-06 13:33:00,1,2,2,5,"122","At Risk"
17142,239.769444444444,1,579,2011-04-14 18:22:00,2011-04-14 18:22:00,1,2,3,6,"123","At Risk"
17144,1.78680555555556,2,984.57,2011-09-16 12:50:00,2011-12-08 17:57:00,5,3,4,12,"534","Loyal Customers"
17146,106.004166666667,3,749.78,2010-12-16 12:20:00,2011-08-26 12:44:00,2,4,3,9,"243","Needing Attention"
17147,23.0125,4,1714.59,2011-02-01 09:36:00,2011-11-17 12:32:00,4,4,4,12,"444","Loyal Customers"
17148,52.11875,1,124.88,2011-10-19 09:59:00,2011-10-19 09:59:00,3,2,1,6,"321","Others"
17152,195.021527777778,3,1689.5,2011-03-21 16:20:00,2011-05-29 12:19:00,1,4,4,9,"144","Needing Attention"
17153,24.9638888888889,1,213.78,2011-11-15 13:42:00,2011-11-15 13:42:00,4,2,1,7,"421","Others"
17154,75.9638888888889,1,329.34,2011-09-25 13:42:00,2011-09-25 13:42:00,2,2,2,6,"222","At Risk"
17155,18.0083333333333,2,251.7,2011-06-15 10:22:00,2011-11-22 12:38:00,4,3,2,9,"432","Potential Loyalists"
17157,8.15277777777778,2,319,2011-06-16 15:08:00,2011-12-02 09:10:00,5,3,2,10,"532","Potential Loyalists"
17158,32.8993055555556,3,1266.97,2010-12-14 13:03:00,2011-11-07 15:15:00,4,4,4,12,"444","Loyal Customers"
17159,22.0819444444444,3,1538.88,2011-06-21 09:49:00,2011-11-18 10:52:00,4,4,4,12,"444","Loyal Customers"
17160,31.9479166666667,6,3518.03,2011-04-12 12:00:00,2011-11-08 14:05:00,4,5,5,14,"455","Champions"
17162,29.0527777777778,10,1715.46,2011-02-07 12:27:00,2011-11-11 11:34:00,4,5,4,13,"454","Champions"
17163,22.1618055555556,2,293.1,2011-09-22 15:54:00,2011-11-18 08:57:00,4,3,2,9,"432","Potential Loyalists"
17164,33.15,7,2467.35,2011-03-11 14:26:00,2011-11-07 09:14:00,3,5,5,13,"355","Champions"
17165,284.840972222222,1,158.68,2011-02-28 16:39:00,2011-02-28 16:39:00,1,2,1,4,"121","Hibernating"
17166,39.1277777777778,2,206.34,2011-05-20 08:18:00,2011-11-01 09:46:00,3,3,1,7,"331","Others"
17169,58.1006944444444,2,835.78,2011-06-09 13:16:00,2011-10-13 10:25:00,3,3,3,9,"333","Potential Loyalists"
17171,289.842361111111,1,224.91,2011-02-23 16:37:00,2011-02-23 16:37:00,1,2,1,4,"121","Hibernating"
17172,79.1347222222222,1,317.76,2011-09-22 09:36:00,2011-09-22 09:36:00,2,2,2,6,"222","At Risk"
17173,5.92361111111111,8,3766.6,2011-07-31 15:26:00,2011-12-04 14:40:00,5,5,5,15,"555","Champions"
17174,218.04375,1,59.9,2011-05-06 11:47:00,2011-05-06 11:47:00,1,2,1,4,"121","Hibernating"
17175,44.8881944444444,4,1443.69,2011-02-16 14:56:00,2011-10-26 15:31:00,3,4,4,11,"344","Potential Loyalists"
17176,202.00625,1,306.13,2011-05-22 12:41:00,2011-05-22 12:41:00,1,2,2,5,"122","At Risk"
17179,178.834722222222,3,711.79,2010-12-13 14:24:00,2011-06-14 16:48:00,2,4,3,9,"243","Needing Attention"
17180,56.8777777777778,4,796.03,2011-01-27 18:05:00,2011-10-14 15:46:00,3,4,3,10,"343","Potential Loyalists"
17181,57.9180555555556,2,239.92,2010-12-01 12:38:00,2011-10-13 14:48:00,3,3,1,7,"331","Others"
17183,8.11319444444444,6,3347.31,2011-08-26 15:25:00,2011-12-02 10:07:00,5,5,5,15,"555","Champions"
17186,47.1041666666667,2,144,2011-10-10 12:52:00,2011-10-24 10:20:00,3,3,1,7,"331","Others"
17187,227.007638888889,1,203.95,2011-04-27 12:39:00,2011-04-27 12:39:00,1,2,1,4,"121","Hibernating"
17188,11.95625,7,2474.23,2010-12-12 12:56:00,2011-11-28 13:53:00,5,5,5,15,"555","Champions"
17189,106.715972222222,2,384.4,2010-12-15 17:28:00,2011-08-25 19:39:00,2,3,2,7,"232","At Risk"
17190,59.0534722222222,2,444.74,2011-05-16 15:29:00,2011-10-12 11:33:00,3,3,2,8,"332","Potential Loyalists"
17191,28.8277777777778,7,2095.13,2010-12-06 14:36:00,2011-11-11 16:58:00,4,5,5,14,"455","Champions"
17193,36.0020833333333,7,1699.3,2011-06-16 10:04:00,2011-11-04 12:47:00,3,5,4,12,"354","Potential Loyalists"
17194,274.03125,2,262.62,2010-12-14 12:06:00,2011-03-11 12:05:00,1,3,2,6,"132","At Risk"
17197,30.0958333333333,1,1013.01,2011-11-10 10:32:00,2011-11-10 10:32:00,4,2,4,10,"424","Potential Loyalists"
17198,24.0909722222222,3,692.22,2010-12-03 14:54:00,2011-11-16 10:39:00,4,4,3,11,"443","Loyal Customers"
17201,54.0381944444444,1,342.63,2011-10-17 11:55:00,2011-10-17 11:55:00,3,2,2,7,"322","Potential Loyalists"
17203,36.0159722222222,6,3563.85,2011-10-10 14:37:00,2011-11-04 12:27:00,3,5,5,13,"355","Champions"
17204,175.919444444444,4,1564.56,2011-03-21 12:42:00,2011-06-17 14:46:00,2,4,4,10,"244","Needing Attention"
17205,54.0027777777778,1,384.08,2011-10-17 12:46:00,2011-10-17 12:46:00,3,2,2,7,"322","Potential Loyalists"
17206,53.9756944444444,1,204.24,2011-10-17 13:25:00,2011-10-17 13:25:00,3,2,1,6,"321","Others"
17211,27.0326388888889,8,2317.22,2010-12-05 12:44:00,2011-11-13 12:03:00,4,5,5,14,"455","Champions"
17212,253.713888888889,1,226.85,2011-03-31 19:42:00,2011-03-31 19:42:00,1,2,1,4,"121","Hibernating"
17213,40.9145833333333,7,2781.23,2010-12-08 13:03:00,2011-10-30 14:53:00,3,5,5,13,"355","Champions"
17214,60.98125,6,1069.12,2010-12-15 15:14:00,2011-10-10 13:17:00,3,5,4,12,"354","Potential Loyalists"
17217,234.813194444444,1,113.5,2011-04-19 17:19:00,2011-04-19 17:19:00,1,2,1,4,"121","Hibernating"
17218,4.95694444444444,10,1960.72,2010-12-06 15:25:00,2011-12-05 13:52:00,5,5,4,14,"554","Champions"
17219,32.0590277777778,1,114.23,2011-11-08 11:25:00,2011-11-08 11:25:00,4,2,1,7,"421","Others"
17220,24.9604166666667,14,3198.25,2010-12-10 14:54:00,2011-11-15 13:47:00,4,5,5,14,"455","Champions"
17221,7.96875,2,335.13,2011-11-03 17:39:00,2011-12-02 13:35:00,5,3,2,10,"532","Potential Loyalists"
17222,65.9527777777778,1,354.15,2011-10-05 13:58:00,2011-10-05 13:58:00,3,2,2,7,"322","Potential Loyalists"
17223,310.870138888889,2,426.79,2010-12-06 14:08:00,2011-02-02 15:57:00,1,3,2,6,"132","At Risk"
17226,309.040277777778,1,393.49,2011-02-04 11:52:00,2011-02-04 11:52:00,1,2,2,5,"122","At Risk"
17227,19.0826388888889,6,939.32,2010-12-06 11:16:00,2011-11-21 10:51:00,4,5,3,12,"453","Loyal Customers"
17228,16.1013888888889,8,1906.09,2010-12-02 16:00:00,2011-11-24 10:24:00,4,5,4,13,"454","Champions"
17229,96.9541666666667,2,318.76,2011-07-20 12:38:00,2011-09-04 13:56:00,2,3,2,7,"232","At Risk"
17230,264.859722222222,8,3638.41,2010-12-15 11:22:00,2011-03-20 16:12:00,1,5,5,11,"155","Needing Attention"
17231,12.8972222222222,10,3174.32,2010-12-13 14:16:00,2011-11-27 15:18:00,5,5,5,15,"555","Champions"
17232,3.02013888888889,2,421.52,2011-11-25 12:24:00,2011-12-07 12:21:00,5,3,2,10,"532","Potential Loyalists"
17233,35.9472222222222,1,190.88,2011-11-04 14:06:00,2011-11-04 14:06:00,3,2,1,6,"321","Others"
17234,183.0625,1,149.89,2011-06-10 11:20:00,2011-06-10 11:20:00,1,2,1,4,"121","Hibernating"
17235,25.8743055555556,2,550.06,2010-12-02 13:38:00,2011-11-14 15:51:00,4,3,3,10,"433","Loyal Customers"
17236,13.0347222222222,6,916.13,2010-12-12 11:49:00,2011-11-27 12:00:00,5,5,3,13,"553","Champions"
17237,11.9083333333333,2,314.69,2011-11-17 12:55:00,2011-11-28 15:02:00,5,3,2,10,"532","Potential Loyalists"
17238,3.05208333333333,17,3744.65,2010-12-03 15:05:00,2011-12-07 11:35:00,5,5,5,15,"555","Champions"
17239,313.13125,1,382.5,2011-01-31 09:41:00,2011-01-31 09:41:00,1,2,2,5,"122","At Risk"
17242,108.913194444444,2,1135.04,2011-06-12 13:04:00,2011-08-23 14:55:00,2,3,4,9,"234","Needing Attention"
17243,1.975,26,8676.85,2010-12-05 10:03:00,2011-12-08 13:26:00,5,5,5,15,"555","Champions"
17244,53.8965277777778,1,954.9,2011-10-17 15:19:00,2011-10-17 15:19:00,3,2,4,9,"324","Potential Loyalists"
17245,205.088194444444,1,171.45,2011-05-19 10:43:00,2011-05-19 10:43:00,1,2,1,4,"121","Hibernating"
17247,15.8951388888889,1,282.19,2011-11-24 15:21:00,2011-11-24 15:21:00,4,2,2,8,"422","Potential Loyalists"
17248,120.969444444444,1,318.65,2011-08-11 13:34:00,2011-08-11 13:34:00,2,2,2,6,"222","At Risk"
17250,4.02430555555556,2,384.52,2011-03-23 16:45:00,2011-12-06 12:15:00,5,3,2,10,"532","Potential Loyalists"
17251,363.072222222222,1,283.28,2010-12-12 11:06:00,2010-12-12 11:06:00,1,2,2,5,"122","At Risk"
17252,117.128472222222,2,353.86,2011-06-06 16:41:00,2011-08-15 09:45:00,2,3,2,7,"232","At Risk"
17253,18.99375,1,178.26,2011-11-21 12:59:00,2011-11-21 12:59:00,4,2,1,7,"421","Others"
17254,5.00277777777778,2,272.44,2011-11-24 14:09:00,2011-12-05 12:46:00,5,3,2,10,"532","Potential Loyalists"
17255,41.0222222222222,2,298.41,2011-02-13 15:18:00,2011-10-30 12:18:00,3,3,2,8,"332","Potential Loyalists"
17256,107.972222222222,2,240,2011-01-31 14:53:00,2011-08-24 13:30:00,2,3,1,6,"231","Others"
17259,148.909027777778,2,603.37,2010-12-06 12:55:00,2011-07-14 15:01:00,2,3,3,8,"233","Needing Attention"
17262,52.9958333333333,5,1253.36,2010-12-08 13:30:00,2011-10-18 12:56:00,3,4,4,11,"344","Potential Loyalists"
17263,208.929166666667,1,63.44,2011-05-15 14:32:00,2011-05-15 14:32:00,1,2,1,4,"121","Hibernating"
17265,139.084027777778,2,562.9,2011-06-12 12:00:00,2011-07-24 10:49:00,2,3,3,8,"233","Needing Attention"
17266,2.94305555555556,3,310.64,2011-07-15 11:57:00,2011-12-07 14:12:00,5,4,2,11,"542","Potential Loyalists"
17267,127.811111111111,2,317.62,2011-08-04 17:19:00,2011-08-04 17:22:00,2,3,2,7,"232","At Risk"
17268,108.113888888889,4,763.64,2011-04-08 13:20:00,2011-08-24 10:06:00,2,4,3,9,"243","Needing Attention"
17272,42.8423611111111,4,2148.63,2011-03-22 12:05:00,2011-10-28 16:37:00,3,4,5,12,"345","Potential Loyalists"
17274,35.9819444444444,1,111.98,2011-11-04 13:16:00,2011-11-04 13:16:00,3,2,1,6,"321","Others"
17277,228.002083333333,2,1065.35,2011-01-21 12:37:00,2011-04-26 12:47:00,1,3,4,8,"134","Needing Attention"
17278,241.986111111111,1,246.04,2011-04-12 13:10:00,2011-04-12 13:10:00,1,2,1,4,"121","Hibernating"
17279,58.0361111111111,1,187.83,2011-10-13 11:58:00,2011-10-13 11:58:00,3,2,1,6,"321","Others"
17282,130.93125,3,1703.41,2011-02-13 11:36:00,2011-08-01 14:29:00,2,4,4,10,"244","Needing Attention"
17284,60.925,6,1652.58,2011-01-07 14:31:00,2011-10-10 14:38:00,3,5,4,12,"354","Potential Loyalists"
17286,22.0020833333333,1,153.92,2011-11-18 12:47:00,2011-11-18 12:47:00,4,2,1,7,"421","Others"
17287,26.9743055555556,7,1064.11,2010-12-02 12:22:00,2011-11-13 13:27:00,4,5,4,13,"454","Champions"
17288,9.86180555555556,7,1419.73,2010-12-16 13:33:00,2011-11-30 16:09:00,5,5,4,14,"554","Champions"
17289,32.0340277777778,3,944.41,2011-06-12 13:51:00,2011-11-08 12:01:00,4,4,4,12,"444","Loyal Customers"
17290,4.00833333333333,2,525.24,2011-11-23 15:53:00,2011-12-06 12:38:00,5,3,3,11,"533","Loyal Customers"
17291,308.990277777778,1,550.8,2011-02-04 13:04:00,2011-02-04 13:04:00,1,2,3,6,"123","At Risk"
17293,8.92569444444444,9,1875.11,2010-12-13 14:55:00,2011-12-01 14:37:00,5,5,4,14,"554","Champions"
17295,29.0840277777778,3,556.95,2011-10-06 12:22:00,2011-11-11 10:49:00,4,4,3,11,"443","Loyal Customers"
17297,17.9215277777778,1,131.78,2011-11-22 14:43:00,2011-11-22 14:43:00,4,2,1,7,"421","Others"
17298,101.838194444444,2,498.42,2011-08-07 12:21:00,2011-08-30 16:43:00,2,3,3,8,"233","Needing Attention"
17299,12.0340277777778,4,669.11,2011-06-19 16:04:00,2011-11-28 12:01:00,5,4,3,12,"543","Loyal Customers"
17301,21.9631944444444,1,197.63,2011-11-18 13:43:00,2011-11-18 13:43:00,4,2,1,7,"421","Others"
17302,15.1347222222222,5,1135.63,2011-02-07 10:14:00,2011-11-25 09:36:00,4,4,4,12,"444","Loyal Customers"
17303,361.970833333333,1,250.04,2010-12-13 13:32:00,2010-12-13 13:32:00,1,2,1,4,"121","Hibernating"
17306,11.025,19,8631.31,2010-12-21 13:34:00,2011-11-29 12:14:00,5,5,5,15,"555","Champions"
17309,95.8958333333333,1,82.75,2011-09-05 15:20:00,2011-09-05 15:20:00,2,2,1,5,"221","Hibernating"
17311,78.94375,2,1384.85,2011-01-27 10:56:00,2011-09-22 14:11:00,2,3,4,9,"234","Needing Attention"
17312,139.040277777778,3,644.3,2011-07-03 13:12:00,2011-07-24 11:52:00,2,4,3,9,"243","Needing Attention"
17313,31.8784722222222,1,2328.84,2011-11-08 15:45:00,2011-11-08 15:45:00,4,2,5,11,"425","Potential Loyalists"
17314,25.13125,8,2527.92,2011-01-31 11:25:00,2011-11-15 09:41:00,4,5,5,14,"455","Champions"
17315,2.02430555555556,38,6292.26,2010-12-17 12:24:00,2011-12-08 12:15:00,5,5,5,15,"555","Champions"
17317,46.8131944444444,3,2600.34,2011-09-11 12:45:00,2011-10-24 17:19:00,3,4,5,12,"345","Potential Loyalists"
17320,100.971527777778,3,1200.62,2010-12-06 15:38:00,2011-08-31 13:31:00,2,4,4,10,"244","Needing Attention"
17321,8.96458333333333,2,700.86,2011-10-03 11:34:00,2011-12-01 13:41:00,5,3,3,11,"533","Loyal Customers"
17323,15.80625,7,921.07,2011-02-20 14:38:00,2011-11-24 17:29:00,4,5,3,12,"453","Loyal Customers"
17324,18.0944444444444,4,990.23,2010-12-08 12:45:00,2011-11-22 10:34:00,4,4,4,12,"444","Loyal Customers"
17325,280.986805555556,1,96.8,2011-03-04 13:09:00,2011-03-04 13:09:00,1,2,1,4,"121","Hibernating"
17329,14.9347222222222,2,523.11,2011-01-28 15:29:00,2011-11-25 14:24:00,4,3,3,10,"433","Loyal Customers"
17330,23.1625,2,363.9,2011-10-03 11:26:00,2011-11-17 08:56:00,4,3,2,9,"432","Potential Loyalists"
17331,124.038194444444,1,175.2,2011-08-08 11:55:00,2011-08-08 11:55:00,2,2,1,5,"221","Hibernating"
17333,86.1104166666667,1,494.25,2011-09-15 10:11:00,2011-09-15 10:11:00,2,2,3,7,"223","At Risk"
17334,302.910416666667,2,307.02,2011-02-04 09:03:00,2011-02-10 14:59:00,1,3,2,6,"132","At Risk"
17337,151.913194444444,4,2027.87,2011-02-02 17:06:00,2011-07-11 14:55:00,2,4,4,10,"244","Needing Attention"
17338,17.9354166666667,8,6643.93,2010-12-13 12:57:00,2011-11-22 14:23:00,4,5,5,14,"455","Champions"
17339,94.9729166666667,2,243.36,2010-12-09 14:44:00,2011-09-06 13:29:00,2,3,1,6,"231","Others"
17340,30.0868055555556,11,12353.29,2010-12-08 15:56:00,2011-11-10 10:45:00,4,5,5,14,"455","Champions"
17341,157.011805555556,3,781.36,2010-12-08 12:46:00,2011-07-06 12:33:00,2,4,3,9,"243","Needing Attention"
17343,355.904861111111,1,193.64,2010-12-19 15:07:00,2010-12-19 15:07:00,1,2,1,4,"121","Hibernating"
17344,46.9958333333333,1,160.57,2011-10-24 12:56:00,2011-10-24 12:56:00,3,2,1,6,"321","Others"
17345,15.9076388888889,4,537.74,2011-05-27 12:26:00,2011-11-24 15:03:00,4,4,3,11,"443","Loyal Customers"
17346,4.02222222222222,15,2676.56,2010-12-01 14:34:00,2011-12-06 12:18:00,5,5,5,15,"555","Champions"
17347,86.9847222222222,1,228.96,2011-09-14 13:12:00,2011-09-14 13:12:00,2,2,1,5,"221","Hibernating"
17348,15.0590277777778,5,1159.52,2011-02-15 10:49:00,2011-11-25 11:25:00,4,4,4,12,"444","Loyal Customers"
17349,179.93125,1,110.75,2011-06-13 14:29:00,2011-06-13 14:29:00,1,2,1,4,"121","Hibernating"
17350,8.87708333333333,4,1286.07,2011-10-19 16:05:00,2011-12-01 15:47:00,5,4,4,13,"544","Champions"
17351,36.7534722222222,3,587.15,2011-03-11 16:05:00,2011-11-03 18:45:00,3,4,3,10,"343","Potential Loyalists"
17353,129.813194444444,2,1740,2011-07-08 16:17:00,2011-08-02 17:19:00,2,3,4,9,"234","Needing Attention"
17354,51.0944444444444,1,1393.06,2011-10-20 10:34:00,2011-10-20 10:34:00,3,2,4,9,"324","Potential Loyalists"
17356,312.071527777778,1,178.22,2011-02-01 11:07:00,2011-02-01 11:07:00,1,2,1,4,"121","Hibernating"
17357,24.8472222222222,2,388.14,2011-11-15 16:29:00,2011-11-15 16:30:00,4,3,2,9,"432","Potential Loyalists"
17358,303.828472222222,2,365.85,2010-12-19 14:16:00,2011-02-09 16:57:00,1,3,2,6,"132","At Risk"
17359,11.9256944444444,1,127.86,2011-11-28 14:37:00,2011-11-28 14:37:00,5,2,1,8,"521","Others"
17360,17.9854166666667,3,585.79,2011-06-08 17:09:00,2011-11-22 13:11:00,4,4,3,11,"443","Loyal Customers"
17361,49.8798611111111,3,488.2,2011-02-21 09:55:00,2011-10-21 15:43:00,3,4,2,9,"342","Potential Loyalists"
17362,239.921527777778,2,312.23,2011-02-03 10:26:00,2011-04-14 14:43:00,1,3,2,6,"132","At Risk"
17364,1.15972222222222,11,4481.18,2011-01-12 16:57:00,2011-12-09 09:00:00,5,5,5,15,"555","Champions"
17365,13.0256944444444,8,4801.56,2011-01-11 12:11:00,2011-11-27 12:13:00,5,5,5,15,"555","Champions"
17367,238.936805555556,1,168.4,2011-04-15 14:21:00,2011-04-15 14:21:00,1,2,1,4,"121","Hibernating"
17368,23.8916666666667,8,1912.67,2011-01-06 11:57:00,2011-11-16 15:26:00,4,5,4,13,"454","Champions"
17370,73.1083333333333,4,446.18,2011-06-23 11:50:00,2011-09-28 10:14:00,2,4,2,8,"242","At Risk"
17371,17.9722222222222,3,423.89,2010-12-13 15:20:00,2011-11-22 13:30:00,4,4,2,10,"442","Potential Loyalists"
17372,41.0506944444444,8,1342.68,2010-12-12 12:00:00,2011-10-30 11:37:00,3,5,4,12,"354","Potential Loyalists"
17373,40.8902777777778,4,646.92,2011-01-31 11:46:00,2011-10-30 15:28:00,3,4,3,10,"343","Potential Loyalists"
17374,219.15625,2,495.77,2011-03-03 12:53:00,2011-05-05 09:05:00,1,3,3,7,"133","Needing Attention"
17375,199.878472222222,3,400.1,2010-12-13 15:16:00,2011-05-24 15:45:00,1,4,2,7,"142","At Risk"
17376,71.0097222222222,2,203.2,2011-02-01 14:12:00,2011-09-30 12:36:00,3,3,1,7,"331","Others"
17377,24.0645833333333,20,4100.92,2010-12-01 12:35:00,2011-11-16 11:17:00,4,5,5,14,"455","Champions"
17379,11.9541666666667,1,404.66,2011-11-28 13:56:00,2011-11-28 13:56:00,5,2,2,9,"522","Potential Loyalists"
17381,9.03541666666667,29,20275.61,2010-12-02 12:58:00,2011-12-01 11:59:00,5,5,5,15,"555","Champions"
17382,65.9895833333333,1,65.4,2011-10-05 13:05:00,2011-10-05 13:05:00,3,2,1,6,"321","Others"
17383,4.80138888888889,1,199.29,2011-12-05 17:36:00,2011-12-05 17:36:00,5,2,1,8,"521","Others"
17384,19.8763888888889,2,336.4,2011-05-04 16:07:00,2011-11-20 15:48:00,4,3,2,9,"432","Potential Loyalists"
17385,15.075,1,261.11,2011-11-25 11:02:00,2011-11-25 11:02:00,4,2,2,8,"422","Potential Loyalists"
17386,8.05694444444444,6,2686.42,2011-06-27 12:11:00,2011-12-02 11:28:00,5,5,5,15,"555","Champions"
17387,20.0763888888889,2,784.11,2011-11-06 11:25:00,2011-11-20 11:00:00,4,3,3,10,"433","Loyal Customers"
17388,78.0965277777778,4,1259.56,2011-02-25 12:28:00,2011-09-23 10:31:00,2,4,4,10,"244","Needing Attention"
17389,1.13333333333333,34,31833.68,2011-01-12 15:48:00,2011-12-09 09:38:00,5,5,5,15,"555","Champions"
17391,164.119444444444,2,508.8,2011-06-28 12:21:00,2011-06-29 09:58:00,2,3,3,8,"233","Needing Attention"
17392,307.001388888889,2,457.91,2010-12-16 19:04:00,2011-02-06 12:48:00,1,3,2,6,"132","At Risk"
17394,219.977777777778,1,203.87,2011-05-04 13:22:00,2011-05-04 13:22:00,1,2,1,4,"121","Hibernating"
17396,39.9430555555556,8,7330.8,2010-12-03 09:45:00,2011-10-31 14:12:00,3,5,5,13,"355","Champions"
17397,22.9458333333333,2,696.41,2011-11-17 13:58:00,2011-11-17 14:08:00,4,3,3,10,"433","Loyal Customers"
17398,115.126388888889,3,653.38,2011-03-29 13:04:00,2011-08-17 09:48:00,2,4,3,9,"243","Needing Attention"
17400,126.883333333333,5,2129.96,2010-12-21 17:16:00,2011-08-05 15:38:00,2,4,5,11,"245","Needing Attention"
17402,5.10763888888889,13,2633.85,2010-12-05 13:53:00,2011-12-05 10:15:00,5,5,5,15,"555","Champions"
17403,36.8972222222222,1,281.62,2011-11-03 15:18:00,2011-11-03 15:18:00,3,2,2,7,"322","Potential Loyalists"
17404,4.85,15,31906.82,2010-12-14 13:28:00,2011-12-05 16:26:00,5,5,5,15,"555","Champions"
17405,1.81805555555556,3,1031.41,2011-07-12 14:17:00,2011-12-08 17:12:00,5,4,4,13,"544","Champions"
17406,333.904861111111,3,2200.42,2010-12-08 10:35:00,2011-01-10 15:07:00,1,4,5,10,"145","Needing Attention"
17408,163.997916666667,1,32.65,2011-06-29 12:53:00,2011-06-29 12:53:00,2,2,1,5,"221","Hibernating"
17409,185.093055555556,2,771.85,2011-04-05 16:42:00,2011-06-08 10:36:00,1,3,3,7,"133","Needing Attention"
17410,16.8777777777778,5,1214.72,2011-05-08 15:21:00,2011-11-23 15:46:00,4,4,4,12,"444","Loyal Customers"
17411,12.9340277777778,3,778.94,2011-03-23 13:44:00,2011-11-27 14:25:00,5,4,3,12,"543","Loyal Customers"
17412,3.05138888888889,7,1258.06,2010-12-02 16:29:00,2011-12-07 11:36:00,5,5,4,14,"554","Champions"
17414,44.0256944444444,2,778,2011-06-08 11:43:00,2011-10-27 12:13:00,3,3,3,9,"333","Potential Loyalists"
17415,80,1,507.84,2011-09-21 12:50:00,2011-09-21 12:50:00,2,2,3,7,"223","At Risk"
17416,30.0020833333333,7,6893.42,2011-03-03 13:45:00,2011-11-10 12:47:00,4,5,5,14,"455","Champions"
17418,42.9930555555556,2,463.46,2011-01-20 11:39:00,2011-10-28 13:00:00,3,3,2,8,"332","Potential Loyalists"
17419,11.9604166666667,12,4226.57,2010-12-07 15:03:00,2011-11-28 13:47:00,5,5,5,15,"555","Champions"
17420,50.9152777777778,3,598.83,2010-12-01 09:56:00,2011-10-20 14:52:00,3,4,3,10,"343","Potential Loyalists"
17422,16.9743055555556,6,1979.37,2011-02-16 14:44:00,2011-11-23 13:27:00,4,5,4,13,"454","Champions"
17423,46.9680555555556,2,698.41,2011-05-06 09:14:00,2011-10-24 13:36:00,3,3,3,9,"333","Potential Loyalists"
17425,19.8888888888889,2,759.17,2011-10-10 11:37:00,2011-11-20 15:30:00,4,3,3,10,"433","Loyal Customers"
17426,8.77986111111111,6,5037.26,2011-03-02 16:34:00,2011-12-01 18:07:00,5,5,5,15,"555","Champions"
17427,72.05625,1,100.8,2011-09-29 11:29:00,2011-09-29 11:29:00,3,2,1,6,"321","Others"
17428,1.12847222222222,28,17256.85,2010-12-06 09:37:00,2011-12-09 09:45:00,5,5,5,15,"555","Champions"
17429,128.977777777778,3,524.92,2011-05-05 09:53:00,2011-08-03 13:22:00,2,4,3,9,"243","Needing Attention"
17430,33.1430555555556,2,265.76,2010-12-09 13:05:00,2011-11-07 09:24:00,3,3,2,8,"332","Potential Loyalists"
17431,313.926388888889,1,403.3,2011-01-30 14:36:00,2011-01-30 14:36:00,1,2,2,5,"122","At Risk"
17432,18.8034722222222,2,365.76,2011-11-02 17:30:00,2011-11-21 17:33:00,4,3,2,9,"432","Potential Loyalists"
17433,88.9347222222222,1,303.16,2011-09-12 14:24:00,2011-09-12 14:24:00,2,2,2,6,"222","At Risk"
17434,2.98194444444444,7,2373.82,2011-09-15 13:54:00,2011-12-07 13:16:00,5,5,5,15,"555","Champions"
17436,2.01388888888889,2,216.3,2011-04-27 11:33:00,2011-12-08 12:30:00,5,3,1,9,"531","Others"
17438,254.1,1,388.45,2011-03-31 10:26:00,2011-03-31 10:26:00,1,2,2,5,"122","At Risk"
17440,157.038888888889,3,186.42,2011-04-06 12:05:00,2011-07-06 11:54:00,2,4,1,7,"241","Others"
17442,37.1479166666667,6,2248.56,2011-02-22 13:02:00,2011-11-03 09:17:00,3,5,5,13,"355","Champions"
17443,220.085416666667,1,534.24,2011-05-04 10:47:00,2011-05-04 10:47:00,1,2,3,6,"123","At Risk"
17444,148.03125,3,2940.04,2011-06-20 09:04:00,2011-07-15 12:05:00,2,4,5,11,"245","Needing Attention"
17446,177.088888888889,2,120.9,2011-02-02 14:40:00,2011-06-16 10:42:00,2,3,1,6,"231","Others"
17447,40.9388888888889,2,541.53,2011-09-29 10:10:00,2011-10-30 14:18:00,3,3,3,9,"333","Potential Loyalists"
17449,2.82916666666667,7,2520.86,2010-12-15 10:57:00,2011-12-07 16:56:00,5,5,5,15,"555","Champions"
17450,8.97291666666667,46,194550.79,2010-12-07 09:23:00,2011-12-01 13:29:00,5,5,5,15,"555","Champions"
17451,1.90833333333333,7,1721.4,2011-08-26 11:54:00,2011-12-08 15:02:00,5,5,4,14,"554","Champions"
17453,18.1305555555556,2,486.72,2011-10-06 17:02:00,2011-11-22 09:42:00,4,3,2,9,"432","Potential Loyalists"
17454,192.952777777778,4,517.53,2010-12-15 10:54:00,2011-05-31 13:58:00,1,4,3,8,"143","Needing Attention"
17455,204.013194444444,1,131.7,2011-05-20 12:31:00,2011-05-20 12:31:00,1,2,1,4,"121","Hibernating"
17456,365.89375,1,249.86,2010-12-09 15:23:00,2010-12-09 15:23:00,1,2,1,4,"121","Hibernating"
17457,127.001388888889,5,1737.7,2011-01-04 14:33:00,2011-08-05 12:48:00,2,4,4,10,"244","Needing Attention"
17458,15.9923611111111,1,316.5,2011-11-24 13:01:00,2011-11-24 13:01:00,4,2,2,8,"422","Potential Loyalists"
17459,43.9756944444444,2,657.3,2011-10-10 17:00:00,2011-10-27 13:25:00,3,3,3,9,"333","Potential Loyalists"
17460,94.9069444444444,6,622.43,2010-12-01 16:24:00,2011-09-06 15:04:00,2,5,3,10,"253","Needing Attention"
17461,23.1034722222222,3,757.46,2011-11-10 12:01:00,2011-11-17 10:21:00,4,4,3,11,"443","Loyal Customers"
17462,60.9541666666667,2,675.69,2011-02-28 17:01:00,2011-10-10 13:56:00,3,3,3,9,"333","Potential Loyalists"
17463,16.9652777777778,5,1896.41,2011-01-30 15:48:00,2011-11-23 13:40:00,4,4,4,12,"444","Loyal Customers"
17464,158.979861111111,1,289.96,2011-07-04 13:19:00,2011-07-04 13:19:00,2,2,2,6,"222","At Risk"
17466,10.9826388888889,2,763.28,2011-09-22 09:16:00,2011-11-29 13:15:00,5,3,3,11,"533","Loyal Customers"
17468,10.8868055555556,2,137,2011-11-25 12:52:00,2011-11-29 15:33:00,5,3,1,9,"531","Others"
17469,16.9826388888889,5,1870.97,2011-05-19 08:55:00,2011-11-23 13:15:00,4,4,4,12,"444","Loyal Customers"
17470,45.0055555555556,5,1125.07,2010-12-07 09:57:00,2011-10-26 12:42:00,3,4,4,11,"344","Potential Loyalists"
17472,191.911805555556,3,710.29,2011-02-13 14:40:00,2011-06-01 14:57:00,1,4,3,8,"143","Needing Attention"
17475,79.9131944444444,1,194.37,2011-09-21 14:55:00,2011-09-21 14:55:00,2,2,1,5,"221","Hibernating"
17480,78.0493055555555,1,511.82,2011-09-23 11:39:00,2011-09-23 11:39:00,2,2,3,7,"223","At Risk"
17481,4.01527777777778,4,1255.59,2011-09-07 09:57:00,2011-12-06 12:28:00,5,4,4,13,"544","Champions"
17483,65.9861111111111,3,414.04,2011-06-09 19:40:00,2011-10-05 13:10:00,3,4,2,9,"342","Potential Loyalists"
17486,261.951388888889,1,396.87,2011-03-23 14:00:00,2011-03-23 14:00:00,1,2,2,5,"122","At Risk"
17489,59.1625,2,376.64,2011-05-11 11:34:00,2011-10-12 08:56:00,3,3,2,8,"332","Potential Loyalists"
17490,1.15416666666667,7,2092.32,2011-06-16 09:15:00,2011-12-09 09:08:00,5,5,5,15,"555","Champions"
17491,1.85555555555556,10,3558.87,2010-12-07 12:18:00,2011-12-08 16:18:00,5,5,5,15,"555","Champions"
17492,248.895138888889,1,374.57,2011-04-05 15:21:00,2011-04-05 15:21:00,1,2,2,5,"122","At Risk"
17495,8.02916666666667,2,497.56,2011-11-01 12:06:00,2011-12-02 12:08:00,5,3,3,11,"533","Loyal Customers"
17496,359.174305555556,1,271.05,2010-12-16 08:39:00,2010-12-16 08:39:00,1,2,2,5,"122","At Risk"
17498,76.0173611111111,1,272.22,2011-09-25 12:25:00,2011-09-25 12:25:00,2,2,2,6,"222","At Risk"
17499,290.15,1,622.88,2011-02-23 09:14:00,2011-02-23 09:14:00,1,2,3,6,"123","At Risk"
17500,17.9340277777778,3,1138,2011-11-10 09:08:00,2011-11-22 14:25:00,4,4,4,12,"444","Loyal Customers"
17501,221.127083333333,2,288.6,2011-05-03 09:46:00,2011-05-03 09:47:00,1,3,2,6,"132","At Risk"
17502,9.98402777777778,4,689.1,2011-11-10 16:39:00,2011-11-30 13:13:00,5,4,3,12,"543","Loyal Customers"
17503,3.14722222222222,2,558.96,2011-11-01 11:12:00,2011-12-07 09:18:00,5,3,3,11,"533","Loyal Customers"
17504,206.99375,9,2997.03,2011-01-21 11:09:00,2011-05-17 12:59:00,1,5,5,11,"155","Needing Attention"
17505,162,2,1145.84,2011-05-18 09:01:00,2011-07-01 12:50:00,2,3,4,9,"234","Needing Attention"
17506,76.0493055555555,1,302.2,2011-09-25 11:39:00,2011-09-25 11:39:00,2,2,2,6,"222","At Risk"
17507,262.043055555556,2,605.58,2011-02-03 18:08:00,2011-03-23 11:48:00,1,3,3,7,"133","Needing Attention"
17508,281.194444444444,1,387.31,2011-03-04 08:10:00,2011-03-04 08:10:00,1,2,2,5,"122","At Risk"
17509,58.1,8,6115.14,2011-10-07 13:14:00,2011-10-13 10:26:00,3,5,5,13,"355","Champions"
17510,25.1180555555556,1,308.48,2011-11-15 10:00:00,2011-11-15 10:00:00,4,2,2,8,"422","Potential Loyalists"
17511,3.10972222222222,31,91062.38,2010-12-01 10:19:00,2011-12-07 10:12:00,5,5,5,15,"555","Champions"
17512,29.0270833333333,10,2924.99,2011-02-11 12:22:00,2011-11-11 12:11:00,4,5,5,14,"455","Champions"
17513,72.8388888888889,1,513.2,2011-09-28 16:42:00,2011-09-28 16:42:00,2,2,3,7,"223","At Risk"
17514,128.878472222222,1,208.65,2011-08-03 15:45:00,2011-08-03 15:45:00,2,2,1,5,"221","Hibernating"
17515,31.9486111111111,4,639.02,2011-01-25 14:33:00,2011-11-08 14:04:00,4,4,3,11,"443","Loyal Customers"
17516,15.8326388888889,5,768.08,2011-02-27 12:41:00,2011-11-24 16:51:00,4,4,3,11,"443","Loyal Customers"
17517,309.043055555556,1,153.94,2011-02-04 11:48:00,2011-02-04 11:48:00,1,2,1,4,"121","Hibernating"
17519,17.8381944444444,6,1844.02,2010-12-06 15:18:00,2011-11-22 16:43:00,4,5,4,13,"454","Champions"
17520,54.0319444444444,1,546.81,2011-10-17 12:04:00,2011-10-17 12:04:00,3,2,3,8,"323","Potential Loyalists"
17521,30.0611111111111,3,723.21,2011-05-24 15:14:00,2011-11-10 11:22:00,4,4,3,11,"443","Loyal Customers"
17522,2.01319444444444,5,1070.71,2011-05-05 16:31:00,2011-12-08 12:31:00,5,4,4,13,"544","Champions"
17523,11.9791666666667,4,652.74,2011-11-20 13:40:00,2011-11-28 13:20:00,5,4,3,12,"543","Loyal Customers"
17524,361.929166666667,1,145,2010-12-13 14:32:00,2010-12-13 14:32:00,1,2,1,4,"121","Hibernating"
17525,360.03125,1,422.7,2010-12-15 12:05:00,2010-12-15 12:05:00,1,2,2,5,"122","At Risk"
17526,5.07291666666667,4,1195.9,2010-12-09 12:20:00,2011-12-05 11:05:00,5,4,4,13,"544","Champions"
17527,54.0125,4,939.37,2011-05-05 13:43:00,2011-10-17 12:32:00,3,4,3,10,"343","Potential Loyalists"
17528,1.97430555555556,8,3628.5,2011-09-29 13:04:00,2011-12-08 13:27:00,5,5,5,15,"555","Champions"
17530,1.75555555555556,10,2385,2010-12-09 20:01:00,2011-12-08 18:42:00,5,5,5,15,"555","Champions"
17531,190.73125,1,296.7,2011-06-02 19:17:00,2011-06-02 19:17:00,1,2,2,5,"122","At Risk"
17534,54.0020833333333,1,223.36,2011-10-17 12:47:00,2011-10-17 12:47:00,3,2,1,6,"321","Others"
17535,280.895833333333,1,164.4,2011-03-04 15:20:00,2011-03-04 15:20:00,1,2,1,4,"121","Hibernating"
17536,177.977083333333,1,76.5,2011-06-15 13:23:00,2011-06-15 13:23:00,2,2,1,5,"221","Hibernating"
17537,30.0791666666667,2,897.62,2011-02-09 13:37:00,2011-11-10 10:56:00,4,3,3,10,"433","Loyal Customers"
17538,26.0263888888889,1,98.42,2011-11-14 12:12:00,2011-11-14 12:12:00,4,2,1,7,"421","Others"
17540,25.0375,2,578.9,2011-01-27 14:35:00,2011-11-15 11:56:00,4,3,3,10,"433","Loyal Customers"
17542,270.045138888889,1,170.75,2011-03-15 11:45:00,2011-03-15 11:45:00,1,2,1,4,"121","Hibernating"
17545,43.9486111111111,3,645.96,2011-10-27 13:48:00,2011-10-27 14:04:00,3,4,3,10,"343","Potential Loyalists"
17548,234.034027777778,1,103.3,2011-04-20 12:01:00,2011-04-20 12:01:00,1,2,1,4,"121","Hibernating"
17549,24.11875,2,148.86,2011-10-19 10:05:00,2011-11-16 09:59:00,4,3,1,8,"431","Others"
17550,197.945138888889,3,267.16,2011-04-10 15:19:00,2011-05-26 14:09:00,1,4,2,7,"142","At Risk"
17551,359.943055555556,1,306.84,2010-12-15 14:12:00,2010-12-15 14:12:00,1,2,2,5,"122","At Risk"
17552,60.8263888888889,4,930.41,2010-12-02 18:45:00,2011-10-10 17:00:00,3,4,3,10,"343","Potential Loyalists"
17553,130.118055555556,1,1487.6,2011-08-02 10:00:00,2011-08-02 10:00:00,2,2,4,8,"224","At Risk"
17554,1.94097222222222,5,1952.45,2011-07-14 20:01:00,2011-12-08 14:15:00,5,4,4,13,"544","Champions"
17555,20.0194444444444,2,483.26,2011-01-09 12:31:00,2011-11-20 12:22:00,4,3,2,9,"432","Potential Loyalists"
17556,206.084722222222,1,157.9,2011-05-18 10:48:00,2011-05-18 10:48:00,1,2,1,4,"121","Hibernating"
17557,14.9951388888889,3,541.46,2011-09-19 14:23:00,2011-11-25 12:57:00,4,4,3,11,"443","Loyal Customers"
17560,95.1472222222222,4,854.95,2011-02-02 11:14:00,2011-09-06 09:18:00,2,4,3,9,"243","Needing Attention"
17561,19.9979166666667,1,167.62,2011-11-20 12:53:00,2011-11-20 12:53:00,4,2,1,7,"421","Others"
17562,14.9368055555556,7,1122.38,2011-06-19 13:06:00,2011-11-25 14:21:00,4,5,4,13,"454","Champions"
17564,24.9743055555556,3,454.01,2011-09-20 14:00:00,2011-11-15 13:27:00,4,4,2,10,"442","Potential Loyalists"
17566,8.70555555555556,2,901.21,2011-11-14 13:42:00,2011-12-01 19:54:00,5,3,3,11,"533","Loyal Customers"
17567,7.87638888888889,8,4331.48,2010-12-02 15:18:00,2011-12-02 15:48:00,5,5,5,15,"555","Champions"
17569,332.940972222222,1,344.14,2011-01-11 14:15:00,2011-01-11 14:15:00,1,2,2,5,"122","At Risk"
17571,50.8701388888889,4,1498.51,2011-02-14 15:15:00,2011-10-20 15:57:00,3,4,4,11,"344","Potential Loyalists"
17572,71.7895833333333,4,226.75,2010-12-01 12:51:00,2011-09-29 17:53:00,3,4,1,8,"341","Others"
17573,29.9923611111111,3,380.6,2011-09-07 10:36:00,2011-11-10 13:01:00,4,4,2,10,"442","Potential Loyalists"
17574,243.127083333333,1,185.65,2011-04-11 09:47:00,2011-04-11 09:47:00,1,2,1,4,"121","Hibernating"
17576,8.7875,19,3622.68,2010-12-09 16:57:00,2011-12-01 17:56:00,5,5,5,15,"555","Champions"
17578,218.758333333333,1,143.46,2011-05-05 18:38:00,2011-05-05 18:38:00,1,2,1,4,"121","Hibernating"
17579,5.01527777777778,3,448.9,2011-06-13 14:12:00,2011-12-05 12:28:00,5,4,2,11,"542","Potential Loyalists"
17580,253.00625,3,215.72,2010-12-16 15:27:00,2011-04-01 12:41:00,1,4,1,6,"141","Others"
17581,1.02013888888889,25,11045.04,2010-12-02 14:47:00,2011-12-09 12:21:00,5,5,5,15,"555","Champions"
17582,236.980555555556,1,175.27,2011-04-17 13:18:00,2011-04-17 13:18:00,1,2,1,4,"121","Hibernating"
17584,7.81805555555556,2,1242.3,2011-08-04 14:12:00,2011-12-02 17:12:00,5,3,4,12,"534","Loyal Customers"
17585,109.972222222222,4,1133.07,2011-01-05 15:09:00,2011-08-22 13:30:00,2,4,4,10,"244","Needing Attention"
17588,100.967361111111,3,1240.2,2011-04-21 10:31:00,2011-08-31 13:37:00,2,4,4,10,"244","Needing Attention"
17589,60.8277777777778,4,2404.17,2011-04-13 13:47:00,2011-10-10 16:58:00,3,4,5,12,"345","Potential Loyalists"
17590,2.99652777777778,3,1479.22,2011-10-30 14:05:00,2011-12-07 12:55:00,5,4,4,13,"544","Champions"
17591,73.9638888888889,7,2225.97,2010-12-07 15:39:00,2011-09-27 13:42:00,2,5,5,12,"255","Needing Attention"
17593,4.09722222222222,5,3927.34,2010-12-22 10:29:00,2011-12-06 10:30:00,5,4,5,14,"545","Champions"
17594,85.8444444444444,2,993.18,2011-03-30 10:32:00,2011-09-15 16:34:00,2,3,4,9,"234","Needing Attention"
17595,12.8625,2,388.79,2011-11-02 16:19:00,2011-11-27 16:08:00,5,3,2,10,"532","Potential Loyalists"
17596,23.94375,7,2827.93,2010-12-06 12:34:00,2011-11-16 14:11:00,4,5,5,14,"455","Champions"
17597,214.038888888889,1,2044.37,2011-05-10 11:54:00,2011-05-10 11:54:00,1,2,4,7,"124","At Risk"
17600,18.1298611111111,1,161.67,2011-11-22 09:43:00,2011-11-22 09:43:00,4,2,1,7,"421","Others"
17601,239.783333333333,1,116.01,2011-04-14 18:02:00,2011-04-14 18:02:00,1,2,1,4,"121","Hibernating"
17602,2.95625,6,5102.97,2011-01-19 16:18:00,2011-12-07 13:53:00,5,5,5,15,"555","Champions"
17603,78.9388888888889,1,394.72,2011-09-22 14:18:00,2011-09-22 14:18:00,2,2,2,6,"222","At Risk"
17604,217.963194444444,2,309.36,2011-01-31 15:09:00,2011-05-06 13:43:00,1,3,2,6,"132","At Risk"
17608,33.9888888888889,2,193.42,2011-11-06 13:00:00,2011-11-06 13:06:00,3,3,1,7,"331","Others"
17609,41.0152777777778,5,1112.22,2011-01-16 16:23:00,2011-10-30 12:28:00,3,4,4,11,"344","Potential Loyalists"
17611,7.97291666666667,15,3984.22,2010-12-13 13:52:00,2011-12-02 13:29:00,5,5,5,15,"555","Champions"
17612,53.9104166666667,6,2048.45,2011-02-15 10:40:00,2011-10-17 14:59:00,3,5,4,12,"354","Potential Loyalists"
17613,23.0826388888889,14,4559.15,2011-02-07 11:20:00,2011-11-17 10:51:00,4,5,5,14,"455","Champions"
17614,57.8673611111111,1,390.07,2011-10-13 16:01:00,2011-10-13 16:01:00,3,2,2,7,"322","Potential Loyalists"
17615,130.947222222222,3,329.6,2011-05-01 15:33:00,2011-08-01 14:06:00,2,4,2,8,"242","At Risk"
17616,174.110416666667,3,571.2,2010-12-07 10:04:00,2011-06-19 10:11:00,2,4,3,9,"243","Needing Attention"
17618,6.04166666666667,3,971.58,2010-12-12 16:05:00,2011-12-04 11:50:00,5,4,4,13,"544","Champions"
17619,312.938888888889,1,218.52,2011-01-31 14:18:00,2011-01-31 14:18:00,1,2,1,4,"121","Hibernating"
17620,60.0291666666667,1,81.44,2011-10-11 12:08:00,2011-10-11 12:08:00,3,2,1,6,"321","Others"
17621,21.81875,3,1379.9,2010-12-20 13:31:00,2011-11-18 17:11:00,4,4,4,12,"444","Loyal Customers"
17623,33.0541666666667,1,527.05,2011-11-07 11:32:00,2011-11-07 11:32:00,3,2,3,8,"323","Potential Loyalists"
17624,15.0819444444444,2,843.48,2011-05-05 17:59:00,2011-11-25 10:52:00,4,3,3,10,"433","Loyal Customers"
17625,18.9680555555556,4,2047,2011-03-27 12:21:00,2011-11-21 13:36:00,4,4,4,12,"444","Loyal Customers"
17628,81.8951388888889,1,75.75,2011-09-19 15:21:00,2011-09-19 15:21:00,2,2,1,5,"221","Hibernating"
17629,6.07916666666667,8,1814.12,2010-12-15 09:58:00,2011-12-04 10:56:00,5,5,4,14,"554","Champions"
17630,170.036111111111,2,503.6,2011-04-21 14:03:00,2011-06-23 11:58:00,2,3,3,8,"233","Needing Attention"
17631,2.12708333333333,3,528.33,2011-04-21 13:22:00,2011-12-08 09:47:00,5,4,3,12,"543","Loyal Customers"
17633,31.9756944444444,4,1324.84,2011-08-11 15:43:00,2011-11-08 13:25:00,4,4,4,12,"444","Loyal Customers"
17634,36.9868055555556,9,2361.97,2011-01-06 12:45:00,2011-11-03 13:09:00,3,5,5,13,"355","Champions"
17636,19.9236111111111,1,285.56,2011-11-20 14:40:00,2011-11-20 14:40:00,4,2,2,8,"422","Potential Loyalists"
17637,31.9993055555556,2,547.06,2011-08-16 13:25:00,2011-11-08 12:51:00,4,3,3,10,"433","Loyal Customers"
17639,276.894444444444,1,108.5,2011-03-08 15:22:00,2011-03-08 15:22:00,1,2,1,4,"121","Hibernating"
17640,87.1506944444444,1,621.66,2011-09-14 09:13:00,2011-09-14 09:13:00,2,2,3,7,"223","At Risk"
17642,120.152083333333,2,712.29,2011-06-16 12:55:00,2011-08-12 09:11:00,2,3,3,8,"233","Needing Attention"
17643,373.925,1,101.55,2010-12-01 14:38:00,2010-12-01 14:38:00,1,2,1,4,"121","Hibernating"
17644,1.96319444444444,11,2895.64,2011-03-24 09:44:00,2011-12-08 13:43:00,5,5,5,15,"555","Champions"
17646,219.98125,3,1008.39,2010-12-09 14:28:00,2011-05-04 13:17:00,1,4,4,9,"144","Needing Attention"
17647,65.8833333333333,1,133.06,2011-10-05 15:38:00,2011-10-05 15:38:00,3,2,1,6,"321","Others"
17648,61.13125,4,1797.5,2011-04-04 10:29:00,2011-10-10 09:41:00,3,4,4,11,"344","Potential Loyalists"
17649,138.872916666667,1,868.49,2011-07-24 15:53:00,2011-07-24 15:53:00,2,2,3,7,"223","At Risk"
17650,21.9152777777778,1,166.08,2011-11-18 14:52:00,2011-11-18 14:52:00,4,2,1,7,"421","Others"
17651,12.0979166666667,10,3945,2011-06-15 15:57:00,2011-11-28 10:29:00,5,5,5,15,"555","Champions"
17652,25.9965277777778,12,4867.72,2011-03-03 14:05:00,2011-11-14 12:55:00,4,5,5,14,"455","Champions"
17653,37.0027777777778,4,1207.56,2011-08-11 15:24:00,2011-11-03 12:46:00,3,4,4,11,"344","Potential Loyalists"
17654,277.98125,1,117.55,2011-03-07 13:17:00,2011-03-07 13:17:00,1,2,1,4,"121","Hibernating"
17655,11.0527777777778,7,2638.94,2010-12-08 16:45:00,2011-11-29 11:34:00,5,5,5,15,"555","Champions"
17656,73.9902777777778,5,1674.69,2011-08-03 10:45:00,2011-09-27 13:04:00,2,4,4,10,"244","Needing Attention"
17658,26.0298611111111,2,595.42,2011-05-12 15:23:00,2011-11-14 12:07:00,4,3,3,10,"433","Loyal Customers"
17659,17.9729166666667,12,2999.46,2010-12-02 16:46:00,2011-11-22 13:29:00,4,5,5,14,"455","Champions"
17660,141.967361111111,1,196,2011-07-21 13:37:00,2011-07-21 13:37:00,2,2,1,5,"221","Hibernating"
17663,26.1625,7,1802.91,2011-02-25 14:11:00,2011-11-14 08:56:00,4,5,4,13,"454","Champions"
17664,19.05625,2,604.64,2011-05-11 14:17:00,2011-11-21 11:29:00,4,3,3,10,"433","Loyal Customers"
17666,4.15555555555556,2,728.16,2011-10-05 11:06:00,2011-12-06 09:06:00,5,3,3,11,"533","Loyal Customers"
17667,66.9291666666667,5,2055.51,2011-02-14 09:24:00,2011-10-04 14:32:00,3,4,4,11,"344","Potential Loyalists"
17668,1.97569444444444,2,347.75,2011-11-01 14:45:00,2011-12-08 13:25:00,5,3,2,10,"532","Potential Loyalists"
17669,43.1645833333333,7,3406.72,2011-04-04 10:11:00,2011-10-28 08:53:00,3,5,5,13,"355","Champions"
17670,228.151388888889,1,205.7,2011-04-26 09:12:00,2011-04-26 09:12:00,1,2,1,4,"121","Hibernating"
17671,16.0201388888889,4,1572.71,2010-12-09 14:27:00,2011-11-24 12:21:00,4,4,4,12,"444","Loyal Customers"
17672,50.9388888888889,2,3178.17,2011-02-03 13:29:00,2011-10-20 14:18:00,3,3,5,11,"335","Potential Loyalists"
17673,2,6,1629.12,2011-01-23 15:16:00,2011-12-08 12:50:00,5,5,4,14,"554","Champions"
17674,74.96875,2,551.04,2010-12-06 10:20:00,2011-09-26 13:35:00,2,3,3,8,"233","Needing Attention"
17675,1.78263888888889,31,20374.28,2010-12-07 13:22:00,2011-12-08 18:03:00,5,5,5,15,"555","Champions"
17676,4.89861111111111,6,1387.68,2010-12-08 13:49:00,2011-12-05 15:16:00,5,5,4,14,"554","Champions"
17677,2.12083333333333,30,16363.23,2010-12-06 08:42:00,2011-12-08 09:56:00,5,5,5,15,"555","Champions"
17678,264.040277777778,1,298.11,2011-03-21 11:52:00,2011-03-21 11:52:00,1,2,2,5,"122","At Risk"
17679,53.2131944444444,2,1992.11,2011-09-15 10:35:00,2011-10-18 07:43:00,3,3,4,10,"334","Potential Loyalists"
17680,24.0055555555556,1,184.4,2011-11-16 12:42:00,2011-11-16 12:42:00,4,2,1,7,"421","Others"
17682,10.86875,6,2474.33,2010-12-06 13:35:00,2011-11-29 15:59:00,5,5,5,15,"555","Champions"
17684,44.0694444444444,1,239.41,2011-10-27 11:10:00,2011-10-27 11:10:00,3,2,1,6,"321","Others"
17685,17.0513888888889,7,3191.53,2010-12-02 14:42:00,2011-11-23 11:36:00,4,5,5,14,"455","Champions"
17686,7.88263888888889,7,5739.46,2011-02-10 10:18:00,2011-12-02 15:39:00,5,5,5,15,"555","Champions"
17690,30.8979166666667,15,4757.95,2010-12-01 16:15:00,2011-11-09 15:17:00,4,5,5,14,"455","Champions"
17691,358.8125,2,290.4,2010-12-06 11:10:00,2010-12-16 17:20:00,1,3,2,6,"132","At Risk"
17692,127.950694444444,4,740.94,2010-12-15 13:37:00,2011-08-04 14:01:00,2,4,3,9,"243","Needing Attention"
17693,137.876388888889,1,200.47,2011-07-25 15:48:00,2011-07-25 15:48:00,2,2,1,5,"221","Hibernating"
17694,142.034722222222,1,283.12,2011-07-21 12:00:00,2011-07-21 12:00:00,2,2,2,6,"222","At Risk"
17695,132.090277777778,2,765.34,2011-06-21 12:35:00,2011-07-31 10:40:00,2,3,3,8,"233","Needing Attention"
17696,38.9631944444444,8,2285.71,2010-12-10 09:51:00,2011-11-01 13:43:00,3,5,5,13,"355","Champions"
17697,236.881944444444,1,338.95,2011-04-17 15:40:00,2011-04-17 15:40:00,1,2,2,5,"122","At Risk"
17698,261.052777777778,1,154.95,2011-03-24 11:34:00,2011-03-24 11:34:00,1,2,1,4,"121","Hibernating"
17700,17.0409722222222,4,2534.64,2011-03-03 16:34:00,2011-11-23 11:51:00,4,4,5,13,"445","Champions"
17701,253.017361111111,1,417.95,2011-04-01 12:25:00,2011-04-01 12:25:00,1,2,2,5,"122","At Risk"
17702,30.8659722222222,4,1824.37,2011-05-17 16:23:00,2011-11-09 16:03:00,4,4,4,12,"444","Loyal Customers"
17703,35.8743055555556,3,798.74,2011-07-24 13:30:00,2011-11-04 15:51:00,3,4,3,10,"343","Potential Loyalists"
17704,169.131944444444,2,885.19,2011-04-14 09:28:00,2011-06-24 09:40:00,2,3,3,8,"233","Needing Attention"
17705,3.96180555555556,9,1823.52,2011-02-11 10:57:00,2011-12-06 13:45:00,5,5,4,14,"554","Champions"
17706,4.96944444444444,17,10504.49,2010-12-08 11:02:00,2011-12-05 13:34:00,5,5,5,15,"555","Champions"
17707,185.907638888889,2,152.4,2011-01-07 13:30:00,2011-06-07 15:03:00,1,3,1,5,"131","Others"
17708,188.109722222222,2,267.08,2011-01-19 10:09:00,2011-06-05 10:12:00,1,3,2,6,"132","At Risk"
17709,170.038194444444,1,137.45,2011-06-23 11:55:00,2011-06-23 11:55:00,2,2,1,5,"221","Hibernating"
17711,11.0486111111111,2,385.1,2011-02-23 11:32:00,2011-11-29 11:40:00,5,3,2,10,"532","Potential Loyalists"
17712,45.0152777777778,1,522.91,2011-10-26 12:28:00,2011-10-26 12:28:00,3,2,3,8,"323","Potential Loyalists"
17714,321.095833333333,1,153,2011-01-23 10:32:00,2011-01-23 10:32:00,1,2,1,4,"121","Hibernating"
17715,201.0125,1,326.4,2011-05-23 12:32:00,2011-05-23 12:32:00,1,2,2,5,"122","At Risk"
17716,23.0347222222222,11,5655.99,2011-03-17 10:38:00,2011-11-17 12:00:00,4,5,5,14,"455","Champions"
17718,232.965972222222,1,139.35,2011-04-21 13:39:00,2011-04-21 13:39:00,1,2,1,4,"121","Hibernating"
17719,38.0930555555556,15,5396.04,2011-03-29 11:29:00,2011-11-02 10:36:00,3,5,5,13,"355","Champions"
17720,26.9069444444444,4,1195.94,2010-12-07 10:43:00,2011-11-13 15:04:00,4,4,4,12,"444","Loyal Customers"
17722,96.8944444444444,4,2424.04,2010-12-08 12:41:00,2011-09-04 15:22:00,2,4,5,11,"245","Needing Attention"
17723,127.759027777778,6,3276.4,2011-05-09 14:44:00,2011-08-04 18:37:00,2,5,5,12,"255","Needing Attention"
17724,71.8916666666667,3,1033,2011-07-24 13:26:00,2011-09-29 15:26:00,3,4,4,11,"344","Potential Loyalists"
17725,16.8444444444444,11,3439.08,2011-03-17 19:47:00,2011-11-23 16:34:00,4,5,5,14,"455","Champions"
17727,15.8222222222222,1,1060.25,2011-11-24 17:06:00,2011-11-24 17:06:00,4,2,4,10,"424","Potential Loyalists"
17728,4.16527777777778,3,2876.01,2011-09-14 11:39:00,2011-12-06 08:52:00,5,4,5,14,"545","Champions"
17730,3.87986111111111,13,5298.48,2011-01-17 14:49:00,2011-12-06 15:43:00,5,5,5,15,"555","Champions"
17731,79.9083333333333,4,1240.11,2011-06-09 14:18:00,2011-09-21 15:02:00,2,4,4,10,"244","Needing Attention"
17732,373.139583333333,1,303.97,2010-12-02 09:29:00,2010-12-02 09:29:00,1,2,2,5,"122","At Risk"
17733,39.1902777777778,2,692.19,2011-03-23 09:54:00,2011-11-01 08:16:00,3,3,3,9,"333","Potential Loyalists"
17734,54.0118055555556,3,700.63,2011-04-20 10:04:00,2011-10-17 12:33:00,3,4,3,10,"343","Potential Loyalists"
17735,2.83541666666667,19,13110.02,2010-12-07 10:32:00,2011-12-07 16:47:00,5,5,5,15,"555","Champions"
17736,9.88472222222222,3,377.44,2011-08-18 14:33:00,2011-11-30 15:36:00,5,4,2,11,"542","Potential Loyalists"
17737,9.89861111111111,2,168.24,2011-10-12 14:42:00,2011-11-30 15:16:00,5,3,1,9,"531","Others"
17738,19.90625,4,1879.05,2011-03-02 16:26:00,2011-11-20 15:05:00,4,4,4,12,"444","Loyal Customers"
17739,12.1513888888889,7,2791.35,2010-12-14 14:26:00,2011-11-28 09:12:00,5,5,5,15,"555","Champions"
17742,113.890277777778,2,355.11,2011-01-11 10:04:00,2011-08-18 15:28:00,2,3,2,7,"232","At Risk"
17744,4.02708333333333,6,2322.4,2010-12-16 14:17:00,2011-12-06 12:11:00,5,5,5,15,"555","Champions"
17746,240.929861111111,1,110.25,2011-04-13 14:31:00,2011-04-13 14:31:00,1,2,1,4,"121","Hibernating"
17747,113.192361111111,1,71.4,2011-08-19 08:13:00,2011-08-19 08:13:00,2,2,1,5,"221","Hibernating"
17749,178.878472222222,2,674.52,2011-03-28 13:39:00,2011-06-14 15:45:00,2,3,3,8,"233","Needing Attention"
17750,5.94513888888889,9,1797.57,2011-06-28 15:44:00,2011-12-04 14:09:00,5,5,4,14,"554","Champions"
17752,359.854861111111,1,80.64,2010-12-15 16:19:00,2010-12-15 16:19:00,1,2,1,4,"121","Hibernating"
17754,1.0625,5,1772.26,2011-03-24 13:54:00,2011-12-09 11:20:00,5,4,4,13,"544","Champions"
17757,1.88819444444444,30,5605.29,2010-12-02 17:17:00,2011-12-08 15:31:00,5,5,5,15,"555","Champions"
17758,19.9201388888889,8,3456.7,2011-04-03 15:22:00,2011-11-20 14:45:00,4,5,5,14,"455","Champions"
17759,17.8666666666667,3,834.99,2011-06-23 13:35:00,2011-11-22 16:02:00,4,4,3,11,"443","Loyal Customers"
17760,22.0791666666667,2,287.59,2010-12-01 15:08:00,2011-11-18 10:56:00,4,3,2,9,"432","Potential Loyalists"
17761,33.1020833333333,1,712.78,2011-11-07 10:23:00,2011-11-07 10:23:00,3,2,3,8,"323","Potential Loyalists"
17763,263.934027777778,1,15,2011-03-21 14:25:00,2011-03-21 14:25:00,1,2,1,4,"121","Hibernating"
17764,51.0743055555556,2,818.82,2011-05-12 16:11:00,2011-10-20 11:03:00,3,3,3,9,"333","Potential Loyalists"
17765,159.00625,3,371.88,2011-03-28 11:58:00,2011-07-04 12:41:00,2,4,2,8,"242","At Risk"
17767,15.9222222222222,1,271.2,2011-11-24 14:42:00,2011-11-24 14:42:00,4,2,2,8,"422","Potential Loyalists"
17768,8.97777777777778,3,2273.18,2011-06-26 13:46:00,2011-12-01 13:22:00,5,4,5,14,"545","Champions"
17769,13.0638888888889,10,3997.98,2011-01-23 11:15:00,2011-11-27 11:18:00,5,5,5,15,"555","Champions"
17770,199.011111111111,5,1143.27,2011-03-02 13:35:00,2011-05-25 12:34:00,1,4,4,9,"144","Needing Attention"
17771,57.0465277777778,2,245.81,2011-01-20 14:13:00,2011-10-14 11:43:00,3,3,1,7,"331","Others"
17772,11.0729166666667,2,182.77,2011-11-29 10:57:00,2011-11-29 11:05:00,5,3,1,9,"531","Others"
17774,97.0006944444444,4,1225.41,2011-02-07 13:13:00,2011-09-04 12:49:00,2,4,4,10,"244","Needing Attention"
17775,255.083333333333,1,56.4,2011-03-30 10:50:00,2011-03-30 10:50:00,1,2,1,4,"121","Hibernating"
17777,25.0333333333333,3,665.86,2011-08-31 14:35:00,2011-11-15 12:02:00,4,4,3,11,"443","Loyal Customers"
17779,21.9409722222222,3,658.57,2011-07-19 12:19:00,2011-11-18 14:15:00,4,4,3,11,"443","Loyal Customers"
17781,159.868055555556,2,188.02,2011-03-31 19:54:00,2011-07-03 16:00:00,2,3,1,6,"231","Others"
17783,72.8631944444444,2,283.47,2011-04-06 10:07:00,2011-09-28 16:07:00,2,3,2,7,"232","At Risk"
17785,53.9631944444444,1,131.94,2011-10-17 13:43:00,2011-10-17 13:43:00,3,2,1,6,"321","Others"
17786,85.9993055555556,2,278.74,2011-01-26 14:35:00,2011-09-15 12:51:00,2,3,2,7,"232","At Risk"
17787,153.059722222222,4,1865.19,2010-12-03 13:43:00,2011-07-10 11:24:00,2,4,4,10,"244","Needing Attention"
17788,74.1118055555555,2,1117.9,2011-08-02 10:38:00,2011-09-27 10:09:00,2,3,4,9,"234","Needing Attention"
17789,281.983333333333,1,225.9,2011-03-03 13:14:00,2011-03-03 13:14:00,1,2,1,4,"121","Hibernating"
17790,27.0555555555556,14,1965.55,2010-12-10 10:47:00,2011-11-13 11:30:00,4,5,4,13,"454","Champions"
17791,30.0284722222222,1,106.1,2011-11-10 12:09:00,2011-11-10 12:09:00,4,2,1,7,"421","Others"
17793,25.9347222222222,1,323.04,2011-11-14 14:24:00,2011-11-14 14:24:00,4,2,2,8,"422","Potential Loyalists"
17795,180.009722222222,2,350.39,2011-03-20 12:02:00,2011-06-13 12:36:00,1,3,2,6,"132","At Risk"
17796,40.8833333333333,4,697.9,2010-12-05 12:23:00,2011-10-30 15:38:00,3,4,3,10,"343","Potential Loyalists"
17797,22.9784722222222,3,780.43,2011-06-10 11:29:00,2011-11-17 13:21:00,4,4,3,11,"443","Loyal Customers"
17799,22.8986111111111,10,3055.93,2010-12-13 13:10:00,2011-11-17 15:16:00,4,5,5,14,"455","Champions"
17800,37.9951388888889,9,1199.01,2011-01-09 13:50:00,2011-11-02 12:57:00,3,5,4,12,"354","Potential Loyalists"
17802,82.9125,3,1285.04,2010-12-02 13:44:00,2011-09-18 14:56:00,2,4,4,10,"244","Needing Attention"
17805,74.0423611111111,1,512.31,2011-09-27 11:49:00,2011-09-27 11:49:00,2,2,3,7,"223","At Risk"
17806,11.9430555555556,1,546.04,2011-11-28 14:12:00,2011-11-28 14:12:00,5,2,3,10,"523","Potential Loyalists"
17809,16.99375,12,5411.91,2010-12-01 09:41:00,2011-11-23 12:59:00,4,5,5,14,"455","Champions"
17811,4.96111111111111,39,7837.73,2011-01-10 10:58:00,2011-12-05 13:46:00,5,5,5,15,"555","Champions"
17812,13.04375,4,732.16,2010-12-06 15:27:00,2011-11-27 11:47:00,5,4,3,12,"543","Loyal Customers"
17813,14.8590277777778,5,1770.88,2011-09-29 15:57:00,2011-11-25 16:13:00,4,4,4,12,"444","Loyal Customers"
17816,37.0527777777778,4,36.56,2010-12-09 14:10:00,2011-11-03 11:34:00,3,4,1,8,"341","Others"
17817,4.92430555555556,3,387.68,2011-03-07 17:30:00,2011-12-05 14:39:00,5,4,2,11,"542","Potential Loyalists"
17819,72.0819444444444,7,3704.87,2010-12-03 14:26:00,2011-09-29 10:52:00,2,5,5,12,"255","Needing Attention"
17824,51.9416666666667,1,298.4,2011-10-19 14:14:00,2011-10-19 14:14:00,3,2,2,7,"322","Potential Loyalists"
17827,5.90972222222222,5,1995.46,2010-12-10 10:18:00,2011-12-04 15:00:00,5,4,4,13,"544","Champions"
17828,23.1729166666667,4,1820.09,2011-06-08 08:31:00,2011-11-17 08:41:00,4,4,4,12,"444","Loyal Customers"
17829,299.002777777778,1,889.24,2011-02-14 12:46:00,2011-02-14 12:46:00,1,2,3,6,"123","At Risk"
17830,2.01527777777778,3,398.7,2011-02-24 10:15:00,2011-12-08 12:28:00,5,4,2,11,"542","Potential Loyalists"
17831,33.9034722222222,1,35.4,2011-11-06 15:09:00,2011-11-06 15:09:00,3,2,1,6,"321","Others"
17832,50.0465277777778,1,155.37,2011-10-21 11:43:00,2011-10-21 11:43:00,3,2,1,6,"321","Others"
17835,3.04305555555556,3,350.64,2011-11-16 16:30:00,2011-12-07 11:48:00,5,4,2,11,"542","Potential Loyalists"
17836,47.8590277777778,1,110.21,2011-10-23 16:13:00,2011-10-23 16:13:00,3,2,1,6,"321","Others"
17837,42.8590277777778,8,1593.38,2011-06-29 16:44:00,2011-10-28 16:13:00,3,5,4,12,"354","Potential Loyalists"
17838,27.0625,5,2779.3,2010-12-02 15:55:00,2011-11-13 11:20:00,4,4,5,13,"445","Champions"
17839,42.8076388888889,1,338.8,2011-10-28 17:27:00,2011-10-28 17:27:00,3,2,2,7,"322","Potential Loyalists"
17841,2.02986111111111,124,40991.57,2010-12-01 14:41:00,2011-12-08 12:07:00,5,5,5,15,"555","Champions"
17843,303.886805555556,1,205.48,2011-02-09 15:33:00,2011-02-09 15:33:00,1,2,1,4,"121","Hibernating"
17844,107.057638888889,1,51.56,2011-08-25 11:27:00,2011-08-25 11:27:00,2,2,1,5,"221","Hibernating"
17846,85.8958333333333,1,2033.1,2011-09-15 15:20:00,2011-09-15 15:20:00,2,2,4,8,"224","At Risk"
17848,81.8340277777778,9,901.2,2010-12-16 18:38:00,2011-09-19 16:49:00,2,5,3,10,"253","Needing Attention"
17849,218.961111111111,4,605.8,2011-01-10 11:59:00,2011-05-05 13:46:00,1,4,3,8,"143","Needing Attention"
17850,372.890972222222,34,5391.21,2010-12-01 08:26:00,2010-12-02 15:27:00,1,5,5,11,"155","Needing Attention"
17852,12.0097222222222,2,114.34,2011-11-28 12:31:00,2011-11-28 12:36:00,5,3,1,9,"531","Others"
17854,185.853472222222,2,311.26,2011-04-26 16:53:00,2011-06-07 16:21:00,1,3,2,6,"132","At Risk"
17855,373.129166666667,1,208.97,2010-12-02 09:44:00,2010-12-02 09:44:00,1,2,1,4,"121","Hibernating"
17856,2.13194444444444,4,1418.03,2011-03-03 11:40:00,2011-12-08 09:40:00,5,4,4,13,"544","Champions"
17857,4.98402777777778,23,26879.04,2010-12-09 11:35:00,2011-12-05 13:13:00,5,5,5,15,"555","Champions"
17858,6.0375,12,5155.66,2010-12-05 13:08:00,2011-12-04 11:56:00,5,5,5,15,"555","Champions"
17859,305.095833333333,1,148.21,2011-02-08 10:32:00,2011-02-08 10:32:00,1,2,1,4,"121","Hibernating"
17860,369.00625,1,252.8,2010-12-06 12:41:00,2010-12-06 12:41:00,1,2,2,5,"122","At Risk"
17861,3.85347222222222,8,2100.8,2011-01-24 11:34:00,2011-12-06 16:21:00,5,5,5,15,"555","Champions"
17862,324.01875,1,330.9,2011-01-20 12:23:00,2011-01-20 12:23:00,1,2,2,5,"122","At Risk"
17863,59.9618055555556,6,3160,2010-12-05 13:21:00,2011-10-11 13:45:00,3,5,5,13,"355","Champions"
17864,13.0659722222222,3,597.5,2011-03-09 11:44:00,2011-11-27 11:15:00,5,4,3,12,"543","Loyal Customers"
17865,31.0291666666667,20,10526.32,2010-12-10 14:53:00,2011-11-09 12:08:00,4,5,5,14,"455","Champions"
17866,143.071527777778,1,329.65,2011-07-20 11:07:00,2011-07-20 11:07:00,2,2,2,6,"222","At Risk"
17867,30.9409722222222,6,1197.1,2011-02-24 12:25:00,2011-11-09 14:15:00,4,5,4,13,"454","Champions"
17869,107.856944444444,5,428.18,2010-12-06 17:16:00,2011-08-24 16:16:00,2,4,2,8,"242","At Risk"
17870,2.90486111111111,12,1894.35,2010-12-08 08:12:00,2011-12-07 15:07:00,5,5,4,14,"554","Champions"
17871,205.054166666667,1,155.9,2011-05-19 11:32:00,2011-05-19 11:32:00,1,2,1,4,"121","Hibernating"
17873,80.8395833333333,5,1859.16,2010-12-01 14:54:00,2011-09-20 16:41:00,2,4,4,10,"244","Needing Attention"
17874,185.997222222222,6,683.46,2011-03-29 11:25:00,2011-06-07 12:54:00,1,5,3,9,"153","Needing Attention"
17877,170.993055555556,1,237.61,2011-06-22 13:00:00,2011-06-22 13:00:00,2,2,1,5,"221","Hibernating"
17878,44.0597222222222,1,379.45,2011-10-27 11:24:00,2011-10-27 11:24:00,3,2,2,7,"322","Potential Loyalists"
17879,174.009722222222,1,178.52,2011-06-19 12:36:00,2011-06-19 12:36:00,2,2,1,5,"221","Hibernating"
17880,365.103472222222,1,458.92,2010-12-10 10:21:00,2010-12-10 10:21:00,1,2,2,5,"122","At Risk"
17881,304.815277777778,1,133.35,2011-02-08 17:16:00,2011-02-08 17:16:00,1,2,1,4,"121","Hibernating"
17883,3.79236111111111,4,671.77,2011-04-07 19:16:00,2011-12-06 17:49:00,5,4,3,12,"543","Loyal Customers"
17884,4.05347222222222,4,717.45,2010-12-03 12:11:00,2011-12-06 11:33:00,5,4,3,12,"543","Loyal Customers"
17885,12.9236111111111,1,190.19,2011-11-27 14:40:00,2011-11-27 14:40:00,5,2,1,8,"521","Others"
17886,32.1118055555556,3,899.61,2011-04-04 12:34:00,2011-11-08 10:09:00,4,4,3,11,"443","Loyal Customers"
17887,129.80625,1,111.35,2011-08-02 17:29:00,2011-08-02 17:29:00,2,2,1,5,"221","Hibernating"
17888,21.9618055555556,8,726.05,2010-12-17 13:56:00,2011-11-18 13:45:00,4,5,3,12,"453","Loyal Customers"
17889,212.85,2,203.87,2011-01-21 17:14:00,2011-05-11 16:26:00,1,3,1,5,"131","Others"
17890,323.063194444444,2,602.09,2010-12-13 15:12:00,2011-01-21 11:19:00,1,3,3,7,"133","Needing Attention"
17891,162.695833333333,1,203.86,2011-06-30 20:08:00,2011-06-30 20:08:00,2,2,1,5,"221","Hibernating"
17892,56.8340277777778,3,244.1,2011-07-07 12:56:00,2011-10-14 16:49:00,3,4,1,8,"341","Others"
17893,225.958333333333,1,112.25,2011-04-28 13:50:00,2011-04-28 13:50:00,1,2,1,4,"121","Hibernating"
17894,72.14375,8,1119.81,2010-12-08 14:50:00,2011-09-29 09:23:00,2,5,4,11,"254","Needing Attention"
17895,44.8263888888889,1,98,2011-10-26 17:00:00,2011-10-26 17:00:00,3,2,1,6,"321","Others"
17896,23.9520833333333,1,256.32,2011-11-16 13:59:00,2011-11-16 13:59:00,4,2,2,8,"422","Potential Loyalists"
17897,173.060416666667,3,566.6,2010-12-01 12:31:00,2011-06-20 11:23:00,2,4,3,9,"243","Needing Attention"
17898,85.9125,2,152.06,2011-05-16 17:13:00,2011-09-15 14:56:00,2,3,1,6,"231","Others"
17899,159.911111111111,1,155.8,2011-07-03 14:58:00,2011-07-03 14:58:00,2,2,1,5,"221","Hibernating"
17900,190.925,2,112.2,2011-06-02 14:28:00,2011-06-02 14:38:00,1,3,1,5,"131","Others"
17901,29.80625,1,110.38,2011-11-10 17:29:00,2011-11-10 17:29:00,4,2,1,7,"421","Others"
17904,21.9951388888889,1,191.67,2011-11-18 12:57:00,2011-11-18 12:57:00,4,2,1,7,"421","Others"
17905,71.8034722222222,4,800.24,2010-12-01 13:21:00,2011-09-29 17:33:00,3,4,3,10,"343","Potential Loyalists"
17906,247.809027777778,1,72.9,2011-04-06 17:25:00,2011-04-06 17:25:00,1,2,1,4,"121","Hibernating"
17908,374.045138888889,1,243.28,2010-12-01 11:45:00,2010-12-01 11:45:00,1,2,1,4,"121","Hibernating"
17911,9.91527777777778,1,366.23,2011-11-30 14:52:00,2011-11-30 14:52:00,5,2,2,9,"522","Potential Loyalists"
17912,310.934027777778,5,311.01,2010-12-10 11:11:00,2011-02-02 14:25:00,1,4,2,7,"142","At Risk"
17913,59.0868055555556,2,411.6,2010-12-19 11:35:00,2011-10-12 10:45:00,3,3,2,8,"332","Potential Loyalists"
17914,4.03611111111111,1,336.43,2011-12-06 11:58:00,2011-12-06 11:58:00,5,2,2,9,"522","Potential Loyalists"
17917,45.9791666666667,3,341.28,2010-12-12 12:08:00,2011-10-25 13:20:00,3,4,2,9,"342","Potential Loyalists"
17919,88.9645833333333,1,1304.04,2011-09-12 13:41:00,2011-09-12 13:41:00,2,2,4,8,"224","At Risk"
17920,4.93125,17,4204.1,2010-12-01 11:49:00,2011-12-05 14:29:00,5,5,5,15,"555","Champions"
17921,64.7458333333333,4,826.52,2011-03-18 13:19:00,2011-10-06 18:56:00,3,4,3,10,"343","Potential Loyalists"
17923,282.899305555556,1,207.5,2011-03-02 15:15:00,2011-03-02 15:15:00,1,2,1,4,"121","Hibernating"
17924,12.1520833333333,7,2962.5,2010-12-01 10:51:00,2011-11-28 09:11:00,5,5,5,15,"555","Champions"
17925,373.111111111111,1,244.08,2010-12-02 10:10:00,2010-12-02 10:10:00,1,2,1,4,"121","Hibernating"
17926,133.924305555556,2,397.29,2011-05-20 09:24:00,2011-07-29 14:39:00,2,3,2,7,"232","At Risk"
17928,45.9569444444444,2,212.54,2011-04-07 18:03:00,2011-10-25 13:52:00,3,3,1,7,"331","Others"
17929,11.8673611111111,4,843,2011-02-04 11:40:00,2011-11-28 16:01:00,5,4,3,12,"543","Loyal Customers"
17930,36.1020833333333,5,1740.48,2011-04-14 15:46:00,2011-11-04 10:23:00,3,4,4,11,"344","Potential Loyalists"
17931,134.761805555556,2,408.36,2011-03-29 12:31:00,2011-07-28 18:33:00,2,3,2,7,"232","At Risk"
17932,29.7090277777778,3,1331.57,2011-05-12 13:58:00,2011-11-10 19:49:00,4,4,4,12,"444","Loyal Customers"
17934,52.0652777777778,2,704.25,2011-10-12 10:50:00,2011-10-19 11:16:00,3,3,3,9,"333","Potential Loyalists"
17935,138.980555555556,2,145.79,2011-07-21 11:23:00,2011-07-24 13:18:00,2,3,1,6,"231","Others"
17936,5.97083333333333,1,389.84,2011-12-04 13:32:00,2011-12-04 13:32:00,5,2,2,9,"522","Potential Loyalists"
17937,9.04513888888889,7,4301.22,2010-12-12 14:43:00,2011-12-01 11:45:00,5,5,5,15,"555","Champions"
17939,160.015972222222,1,99.14,2011-07-03 12:27:00,2011-07-03 12:27:00,2,2,1,5,"221","Hibernating"
17940,49.9743055555556,10,4106.44,2011-02-10 09:29:00,2011-10-21 13:27:00,3,5,5,13,"355","Champions"
17941,131.180555555556,1,304.56,2011-08-01 08:30:00,2011-08-01 08:30:00,2,2,2,6,"222","At Risk"
17942,8.08680555555556,1,77.5,2011-12-02 10:45:00,2011-12-02 10:45:00,5,2,1,8,"521","Others"
17946,233.826388888889,2,149.58,2011-03-25 14:34:00,2011-04-20 17:00:00,1,3,1,5,"131","Others"
17947,37.9895833333333,1,176.68,2011-11-02 13:05:00,2011-11-02 13:05:00,3,2,1,6,"321","Others"
17948,147.994444444444,1,358.56,2011-07-15 12:58:00,2011-07-15 12:58:00,2,2,2,6,"222","At Risk"
17949,1.75277777777778,45,58510.48,2010-12-03 13:12:00,2011-12-08 18:46:00,5,5,5,15,"555","Champions"
17950,72.8972222222222,3,482.2,2010-12-09 15:16:00,2011-09-28 15:18:00,2,4,2,8,"242","At Risk"
17951,40.0138888888889,3,1008.54,2010-12-01 12:40:00,2011-10-31 12:30:00,3,4,4,11,"344","Potential Loyalists"
17954,5.94097222222222,12,2332.72,2010-12-03 14:18:00,2011-12-04 14:15:00,5,5,5,15,"555","Champions"
17955,199.034722222222,4,557.3,2011-05-04 12:29:00,2011-05-25 12:00:00,1,4,3,8,"143","Needing Attention"
17956,249.960416666667,1,12.75,2011-04-04 13:47:00,2011-04-04 13:47:00,1,2,1,4,"121","Hibernating"
17957,66.9111111111111,1,111.68,2011-10-04 14:58:00,2011-10-04 14:58:00,3,2,1,6,"321","Others"
17958,117.021527777778,1,508.46,2011-08-15 12:19:00,2011-08-15 12:19:00,2,2,3,7,"223","At Risk"
17960,171.940972222222,1,73.78,2011-06-21 14:15:00,2011-06-21 14:15:00,2,2,1,5,"221","Hibernating"
17961,21.8298611111111,39,1296.44,2010-12-02 19:18:00,2011-11-18 16:55:00,4,5,4,13,"454","Champions"
17962,142.940277777778,1,102.83,2011-07-20 14:16:00,2011-07-20 14:16:00,2,2,1,5,"221","Hibernating"
17964,32.0875,2,471.7,2010-12-02 13:32:00,2011-11-08 10:44:00,4,3,2,9,"432","Potential Loyalists"
17965,38.1381944444444,14,2622.57,2010-12-05 15:54:00,2011-11-02 09:31:00,3,5,5,13,"355","Champions"
17966,38.1,5,1098.43,2011-03-23 17:25:00,2011-11-02 10:26:00,3,4,4,11,"344","Potential Loyalists"
17967,372.063194444444,1,123.07,2010-12-03 11:19:00,2010-12-03 11:19:00,1,2,1,4,"121","Hibernating"
17968,374.01875,1,277.35,2010-12-01 12:23:00,2010-12-01 12:23:00,1,2,2,5,"122","At Risk"
17969,166.993055555556,2,228.2,2010-12-13 15:34:00,2011-06-26 13:00:00,2,3,1,6,"231","Others"
17970,211.699305555556,1,582.59,2011-05-12 20:03:00,2011-05-12 20:03:00,1,2,3,6,"123","At Risk"
17972,242.023611111111,1,136.04,2011-04-12 12:16:00,2011-04-12 12:16:00,1,2,1,4,"121","Hibernating"
17973,52.0944444444444,1,337.04,2011-10-19 10:34:00,2011-10-19 10:34:00,3,2,2,7,"322","Potential Loyalists"
17974,25.0506944444444,3,740.79,2011-05-04 11:50:00,2011-11-15 11:37:00,4,4,3,11,"443","Loyal Customers"
17975,15.9743055555556,13,4488.81,2010-12-08 11:38:00,2011-11-24 13:27:00,4,5,5,14,"455","Champions"
17976,372.959027777778,1,353.19,2010-12-02 13:49:00,2010-12-02 13:49:00,1,2,2,5,"122","At Risk"
17977,29.9736111111111,1,288.14,2011-11-10 13:28:00,2011-11-10 13:28:00,4,2,2,8,"422","Potential Loyalists"
17978,365.947916666667,1,300.92,2010-12-09 14:05:00,2010-12-09 14:05:00,1,2,2,5,"122","At Risk"
17979,36.03125,4,757.71,2011-03-25 11:34:00,2011-11-04 12:05:00,3,4,3,10,"343","Potential Loyalists"
17980,166.034027777778,3,811.45,2010-12-15 15:50:00,2011-06-27 12:01:00,2,4,3,9,"243","Needing Attention"
17984,145.86875,1,152.68,2011-07-17 15:59:00,2011-07-17 15:59:00,2,2,1,5,"221","Hibernating"
17985,22.9347222222222,1,634.95,2011-11-17 14:24:00,2011-11-17 14:24:00,4,2,3,9,"423","Potential Loyalists"
17986,56.9361111111111,1,20.8,2011-10-14 14:22:00,2011-10-14 14:22:00,3,2,1,6,"321","Others"
17987,185.936111111111,1,198.57,2011-06-07 14:22:00,2011-06-07 14:22:00,1,2,1,4,"121","Hibernating"
17988,12.0763888888889,7,201.12,2011-01-17 11:59:00,2011-11-28 11:00:00,5,5,1,11,"551","Others"
17990,237.045833333333,3,630.84,2010-12-13 12:10:00,2011-04-17 11:44:00,1,4,3,8,"143","Needing Attention"
17991,225.869444444444,2,93.35,2011-04-27 16:39:00,2011-04-28 15:58:00,1,3,1,5,"131","Others"
17994,122.047916666667,4,678.49,2011-02-22 11:02:00,2011-08-10 11:41:00,2,4,3,9,"243","Needing Attention"
17995,282.013888888889,1,76.1,2011-03-03 12:30:00,2011-03-03 12:30:00,1,2,1,4,"121","Hibernating"
17997,74.8590277777778,8,1970.67,2011-06-28 17:28:00,2011-09-26 16:13:00,2,5,4,11,"254","Needing Attention"
17999,37.8708333333333,2,382.06,2010-12-08 15:17:00,2011-11-02 15:56:00,3,3,2,8,"332","Potential Loyalists"
18001,12.8666666666667,2,417.23,2011-09-14 11:21:00,2011-11-27 16:02:00,5,3,2,10,"532","Potential Loyalists"
18004,362.960416666667,1,169.47,2010-12-12 13:47:00,2010-12-12 13:47:00,1,2,1,4,"121","Hibernating"
18005,4.04097222222222,2,249.72,2011-10-23 14:40:00,2011-12-06 11:51:00,5,3,1,9,"531","Others"
18006,23.8319444444444,1,444.68,2011-11-16 16:52:00,2011-11-16 16:52:00,4,2,2,8,"422","Potential Loyalists"
18008,70.8979166666667,9,2116.19,2011-01-25 12:26:00,2011-09-30 15:17:00,3,5,5,13,"355","Champions"
18009,235.968055555556,1,257.34,2011-04-18 13:36:00,2011-04-18 13:36:00,1,2,2,5,"122","At Risk"
18010,257.015972222222,1,174.8,2011-03-28 12:27:00,2011-03-28 12:27:00,1,2,1,4,"121","Hibernating"
18011,373.802083333333,1,102.79,2010-12-01 17:35:00,2010-12-01 17:35:00,1,2,1,4,"121","Hibernating"
18013,155.94375,2,187.29,2011-07-07 14:08:00,2011-07-07 14:11:00,2,3,1,6,"231","Others"
18014,28.8902777777778,1,166.42,2011-11-11 15:28:00,2011-11-11 15:28:00,4,2,1,7,"421","Others"
18015,4.91736111111111,1,120.03,2011-12-05 14:49:00,2011-12-05 14:49:00,5,2,1,8,"521","Others"
18016,32.9756944444444,5,1483.56,2010-12-10 17:14:00,2011-11-07 13:25:00,4,4,4,12,"444","Loyal Customers"
18017,81.8576388888889,3,523,2011-02-02 13:57:00,2011-09-19 16:15:00,2,4,3,9,"243","Needing Attention"
18018,108.800694444444,2,122.14,2011-05-24 13:22:00,2011-08-23 17:37:00,2,3,1,6,"231","Others"
18019,52.0277777777778,1,38.45,2011-10-19 12:10:00,2011-10-19 12:10:00,3,2,1,6,"321","Others"
18022,36.0034722222222,1,668.11,2011-11-04 12:45:00,2011-11-04 12:45:00,3,2,3,8,"323","Potential Loyalists"
18024,153.006944444444,2,389.78,2011-07-10 12:28:00,2011-07-10 12:40:00,2,3,2,7,"232","At Risk"
18027,99.0916666666667,1,115.31,2011-09-02 10:38:00,2011-09-02 10:38:00,2,2,1,5,"221","Hibernating"
18030,4.84236111111111,2,230.65,2011-10-28 13:55:00,2011-12-05 16:37:00,5,3,1,9,"531","Others"
18032,334.8875,1,73.5,2011-01-09 15:32:00,2011-01-09 15:32:00,1,2,1,4,"121","Hibernating"
18033,65.8069444444444,1,97.97,2011-10-05 17:28:00,2011-10-05 17:28:00,3,2,1,6,"321","Others"
18034,22.0194444444444,2,422.88,2011-11-18 12:08:00,2011-11-18 12:22:00,4,3,2,9,"432","Potential Loyalists"
18035,36.0076388888889,3,730.4,2011-10-27 17:48:00,2011-11-04 12:39:00,3,4,3,10,"343","Potential Loyalists"
18036,32.9236111111111,3,405.62,2011-04-08 11:26:00,2011-11-07 14:40:00,4,4,2,10,"442","Potential Loyalists"
18037,154.965972222222,6,70.02,2010-12-12 16:20:00,2011-07-08 13:39:00,2,5,1,8,"251","Others"
18040,19.9375,2,357.2,2011-04-08 08:27:00,2011-11-20 14:20:00,4,3,2,9,"432","Potential Loyalists"
18041,12.0493055555556,21,4183.39,2010-12-02 11:21:00,2011-11-28 11:39:00,5,5,5,15,"555","Champions"
18042,54.0423611111111,1,165.05,2011-10-17 11:49:00,2011-10-17 11:49:00,3,2,1,6,"321","Others"
18043,25.0013888888889,3,559.51,2010-12-08 12:35:00,2011-11-15 12:48:00,4,4,3,11,"443","Loyal Customers"
18044,4.93333333333333,10,2088.6,2010-12-14 12:25:00,2011-12-05 14:26:00,5,5,5,15,"555","Champions"
18045,45.9881944444444,1,189.4,2011-10-25 13:07:00,2011-10-25 13:07:00,3,2,1,6,"321","Others"
18048,203.911111111111,2,172.29,2011-05-20 14:54:00,2011-05-20 14:58:00,1,3,1,5,"131","Others"
18050,359.934027777778,1,74.4,2010-12-15 14:25:00,2010-12-15 14:25:00,1,2,1,4,"121","Hibernating"
18053,71.15625,1,300.02,2011-09-30 09:05:00,2011-09-30 09:05:00,3,2,2,7,"322","Potential Loyalists"
18055,7.93402777777778,10,6784.19,2010-12-05 10:52:00,2011-12-02 14:25:00,5,5,5,15,"555","Champions"
18056,288.932638888889,1,363.65,2011-02-24 14:27:00,2011-02-24 14:27:00,1,2,2,5,"122","At Risk"
18058,10.175,1,170.16,2011-11-30 08:38:00,2011-11-30 08:38:00,5,2,1,8,"521","Others"
18059,23.8340277777778,3,306.46,2011-10-03 09:30:00,2011-11-16 16:49:00,4,4,2,10,"442","Potential Loyalists"
18061,22.0625,10,2119.41,2010-12-08 13:03:00,2011-11-18 11:20:00,4,5,5,14,"455","Champions"
18062,173.91875,3,720.52,2011-01-06 10:03:00,2011-06-19 14:47:00,2,4,3,9,"243","Needing Attention"
18064,133.840972222222,2,814,2011-04-18 15:08:00,2011-07-29 16:39:00,2,3,3,8,"233","Needing Attention"
18065,6.09722222222222,14,2392.83,2010-12-10 12:44:00,2011-12-04 10:30:00,5,5,5,15,"555","Champions"
18066,75.8888888888889,1,318,2011-09-25 15:30:00,2011-09-25 15:30:00,2,2,2,6,"222","At Risk"
18067,40.8694444444444,1,396.33,2011-10-30 15:58:00,2011-10-30 15:58:00,3,2,2,7,"322","Potential Loyalists"
18068,289.916666666667,1,101.7,2011-02-23 14:50:00,2011-02-23 14:50:00,1,2,1,4,"121","Hibernating"
18069,26.8659722222222,5,2036.67,2011-01-16 15:50:00,2011-11-13 16:03:00,4,4,4,12,"444","Loyal Customers"
18071,258.035416666667,2,453,2010-12-09 10:33:00,2011-03-27 11:59:00,1,3,2,6,"132","At Risk"
18072,186.0875,1,247.44,2011-06-07 10:44:00,2011-06-07 10:44:00,1,2,1,4,"121","Hibernating"
18073,114.95,12,3877.52,2011-05-26 19:38:00,2011-08-17 14:02:00,2,5,5,12,"255","Needing Attention"
18074,374.122916666667,1,489.6,2010-12-01 09:53:00,2010-12-01 09:53:00,1,2,2,5,"122","At Risk"
18075,23.8951388888889,10,2611.75,2010-12-14 10:48:00,2011-11-16 15:21:00,4,5,5,14,"455","Champions"
18077,8.97083333333333,11,2633.01,2010-12-08 10:21:00,2011-12-01 13:32:00,5,5,5,15,"555","Champions"
18078,217.929166666667,2,336.13,2011-03-25 15:08:00,2011-05-06 14:32:00,1,3,2,6,"132","At Risk"
18079,45.8909722222222,4,3651.97,2011-04-15 12:14:00,2011-10-25 15:27:00,3,4,5,12,"345","Potential Loyalists"
18080,19.2,2,1231.5,2011-04-11 10:10:00,2011-11-21 08:02:00,4,3,4,11,"434","Loyal Customers"
18081,36.8472222222222,3,343.45,2011-07-29 11:56:00,2011-11-03 16:30:00,3,4,2,9,"342","Potential Loyalists"
18082,26.0034722222222,1,703.37,2011-11-14 12:45:00,2011-11-14 12:45:00,4,2,3,9,"423","Potential Loyalists"
18084,16.9534722222222,1,90.48,2011-11-23 13:57:00,2011-11-23 13:57:00,4,2,1,7,"421","Others"
18085,330.897916666667,2,689.95,2010-12-01 12:08:00,2011-01-13 15:17:00,1,3,3,7,"133","Needing Attention"
18086,274.969444444444,1,101.34,2011-03-10 13:34:00,2011-03-10 13:34:00,1,2,1,4,"121","Hibernating"
18087,98.9013888888889,2,4055.72,2011-02-22 10:43:00,2011-09-02 15:12:00,2,3,5,10,"235","Needing Attention"
18088,61.9645833333333,1,167.67,2011-10-09 13:41:00,2011-10-09 13:41:00,3,2,1,6,"321","Others"
18092,2.98333333333333,11,9068.26,2010-12-09 10:00:00,2011-12-07 13:14:00,5,5,5,15,"555","Champions"
18093,93.8798611111111,4,2106.52,2011-02-10 12:15:00,2011-09-07 15:43:00,2,4,5,11,"245","Needing Attention"
18094,82.1402777777778,7,3017.3,2011-02-21 08:50:00,2011-09-19 09:28:00,2,5,5,12,"255","Needing Attention"
18095,313,2,580.05,2011-01-11 12:37:00,2011-01-31 12:50:00,1,3,3,7,"133","Needing Attention"
18096,12.0041666666667,3,911.15,2011-10-07 11:55:00,2011-11-28 12:44:00,5,4,3,12,"543","Loyal Customers"
18097,8.06527777777778,6,2697.8,2010-12-20 14:49:00,2011-12-02 11:16:00,5,5,5,15,"555","Champions"
18099,127.873611111111,1,168.31,2011-08-04 15:52:00,2011-08-04 15:52:00,2,2,1,5,"221","Hibernating"
18101,11.9673611111111,2,223.65,2011-07-19 13:05:00,2011-11-28 13:37:00,5,3,1,9,"531","Others"
18102,1.04166666666667,60,259657.3,2010-12-07 16:42:00,2011-12-09 11:50:00,5,5,5,15,"555","Champions"
18104,37.9465277777778,1,754.64,2011-11-02 14:07:00,2011-11-02 14:07:00,3,2,3,8,"323","Potential Loyalists"
18105,38.0319444444444,1,113.48,2011-11-02 12:04:00,2011-11-02 12:04:00,3,2,1,6,"321","Others"
18106,330.01875,1,430.7,2011-01-14 12:23:00,2011-01-14 12:23:00,1,2,2,5,"122","At Risk"
18108,254.954166666667,1,271,2011-03-30 13:56:00,2011-03-30 13:56:00,1,2,2,5,"122","At Risk"
18109,2.05138888888889,26,8052.97,2010-12-05 10:58:00,2011-12-08 11:36:00,5,5,5,15,"555","Champions"
18110,20.0111111111111,1,236.3,2011-11-20 12:34:00,2011-11-20 12:34:00,4,2,1,7,"421","Others"
18112,12.9215277777778,2,352.69,2011-06-26 13:56:00,2011-11-27 14:43:00,5,3,2,10,"532","Potential Loyalists"
18113,369.013194444444,1,76.32,2010-12-06 12:31:00,2010-12-06 12:31:00,1,2,1,4,"121","Hibernating"
18114,290.979166666667,1,220.1,2011-02-22 13:20:00,2011-02-22 13:20:00,1,2,1,4,"121","Hibernating"
18116,68.0763888888889,8,1418.03,2010-12-10 12:14:00,2011-10-03 11:00:00,3,5,4,12,"354","Potential Loyalists"
18117,26.0020833333333,1,320.72,2011-11-14 12:47:00,2011-11-14 12:47:00,4,2,2,8,"422","Potential Loyalists"
18118,11.0541666666667,26,5653.82,2010-12-05 12:13:00,2011-11-29 11:32:00,5,5,5,15,"555","Champions"
18119,368.035416666667,1,181.12,2010-12-07 11:59:00,2010-12-07 11:59:00,1,2,1,4,"121","Hibernating"
18120,214.961805555556,1,111.15,2011-05-09 13:45:00,2011-05-09 13:45:00,1,2,1,4,"121","Hibernating"
18121,149.997916666667,2,673.1,2011-07-08 12:14:00,2011-07-13 12:53:00,2,3,3,8,"233","Needing Attention"
18122,8.9875,6,1826.21,2011-07-12 11:37:00,2011-12-01 13:08:00,5,5,4,14,"554","Champions"
18123,24.9354166666667,2,589.44,2011-11-08 13:31:00,2011-11-15 14:23:00,4,3,3,10,"433","Loyal Customers"
18125,30.0145833333333,4,1142.99,2011-01-27 15:02:00,2011-11-10 12:29:00,4,4,4,12,"444","Loyal Customers"
18126,61.0215277777778,1,206.83,2011-10-10 12:19:00,2011-10-10 12:19:00,3,2,1,6,"321","Others"
18127,19.9479166666667,3,348.73,2011-07-29 10:06:00,2011-11-20 14:05:00,4,4,2,10,"442","Potential Loyalists"
18129,243.940277777778,1,112.55,2011-04-10 14:16:00,2011-04-10 14:16:00,1,2,1,4,"121","Hibernating"
18130,15.9236111111111,3,1059.39,2011-10-13 15:58:00,2011-11-24 14:40:00,4,4,4,12,"444","Loyal Customers"
18133,212.941666666667,1,931.5,2011-05-11 14:14:00,2011-05-11 14:14:00,1,2,3,6,"123","At Risk"
18135,29.7208333333333,5,681.91,2011-06-02 14:04:00,2011-11-10 19:32:00,4,4,3,11,"443","Loyal Customers"
18136,63.8819444444444,3,784.33,2011-01-24 12:08:00,2011-10-07 15:40:00,3,4,3,10,"343","Potential Loyalists"
18138,295.915972222222,1,152.65,2011-02-17 14:51:00,2011-02-17 14:51:00,1,2,1,4,"121","Hibernating"
18139,18.0875,6,8438.34,2011-11-21 14:06:00,2011-11-22 10:44:00,4,5,5,14,"455","Champions"
18142,157.979861111111,2,1019.52,2011-05-08 12:31:00,2011-07-05 13:19:00,2,3,4,9,"234","Needing Attention"
18143,117.029861111111,2,1000.16,2011-07-21 10:44:00,2011-08-15 12:07:00,2,3,4,9,"234","Needing Attention"
18144,8.00277777777778,12,2888.75,2010-12-01 13:45:00,2011-12-02 12:46:00,5,5,5,15,"555","Champions"
18145,13.0611111111111,4,2861.55,2011-01-31 12:10:00,2011-11-27 11:22:00,5,4,5,14,"545","Champions"
18146,141.029166666667,2,160.35,2011-05-03 16:35:00,2011-07-22 12:08:00,2,3,1,6,"231","Others"
18147,46.0444444444444,2,179.34,2011-08-23 12:22:00,2011-10-25 11:46:00,3,3,1,7,"331","Others"
18149,51.0319444444444,3,612.08,2011-03-11 12:44:00,2011-10-20 12:04:00,3,4,3,10,"343","Potential Loyalists"
18150,32.8340277777778,3,566.58,2011-05-22 10:47:00,2011-11-07 16:49:00,4,4,3,11,"443","Loyal Customers"
18151,135.052083333333,2,653.35,2011-02-23 08:29:00,2011-07-28 11:35:00,2,3,3,8,"233","Needing Attention"
18154,3.83958333333333,2,399.19,2011-10-27 10:40:00,2011-12-06 16:41:00,5,3,2,10,"532","Potential Loyalists"
18155,75.9708333333333,3,371.62,2011-02-21 10:36:00,2011-09-25 13:32:00,2,4,2,8,"242","At Risk"
18156,13.0180555555556,2,734.94,2010-12-05 12:29:00,2011-11-27 12:24:00,5,3,3,11,"533","Loyal Customers"
18158,9.85486111111111,2,453.4,2011-09-12 09:03:00,2011-11-30 16:19:00,5,3,2,10,"532","Potential Loyalists"
18159,301.933333333333,1,530.15,2011-02-11 14:26:00,2011-02-11 14:26:00,1,2,3,6,"123","At Risk"
18160,57.875,2,638.06,2011-05-23 13:41:00,2011-10-13 15:50:00,3,3,3,9,"333","Potential Loyalists"
18161,15.8402777777778,5,1618.69,2011-01-24 11:56:00,2011-11-24 16:40:00,4,4,4,12,"444","Loyal Customers"
18164,37.9958333333333,1,399.65,2011-11-02 12:56:00,2011-11-02 12:56:00,3,2,2,7,"322","Potential Loyalists"
18165,177.977083333333,1,302.46,2011-06-15 13:23:00,2011-06-15 13:23:00,2,2,2,6,"222","At Risk"
18167,23.8708333333333,3,1384.86,2011-08-26 11:40:00,2011-11-16 15:56:00,4,4,4,12,"444","Loyal Customers"
18168,176.728472222222,6,1169.94,2010-12-02 18:08:00,2011-06-16 19:21:00,2,5,4,11,"254","Needing Attention"
18169,61.0222222222222,1,202.65,2011-10-10 12:18:00,2011-10-10 12:18:00,3,2,1,6,"321","Others"
18170,33.9270833333333,3,980.31,2011-05-06 15:13:00,2011-11-06 14:35:00,3,4,4,11,"344","Potential Loyalists"
18171,59.1506944444444,5,1231.31,2011-01-10 09:55:00,2011-10-12 09:13:00,3,4,4,11,"344","Potential Loyalists"
18172,15.0680555555556,20,7561.68,2011-02-23 10:44:00,2011-11-25 11:12:00,4,5,5,14,"455","Champions"
18173,87.0583333333333,4,2106.84,2011-03-10 11:56:00,2011-09-14 11:26:00,2,4,5,11,"245","Needing Attention"
18174,7.82916666666667,1,104,2011-12-02 16:56:00,2011-12-02 16:56:00,5,2,1,8,"521","Others"
18176,358.878472222222,1,476.35,2010-12-16 15:45:00,2010-12-16 15:45:00,1,2,2,5,"122","At Risk"
18177,31.9208333333333,6,1341.42,2011-03-29 08:46:00,2011-11-08 14:44:00,4,5,4,13,"454","Champions"
18178,129.138888888889,4,1590.81,2010-12-10 12:42:00,2011-08-03 09:30:00,2,4,4,10,"244","Needing Attention"
18179,9.85208333333333,6,1793.17,2011-01-07 14:22:00,2011-11-30 16:23:00,5,5,4,14,"554","Champions"
18180,5.17430555555556,6,1843.75,2011-07-20 08:59:00,2011-12-05 08:39:00,5,5,4,14,"554","Champions"
18181,24.9041666666667,1,382.8,2011-11-15 15:08:00,2011-11-15 15:08:00,4,2,2,8,"422","Potential Loyalists"
18183,227.891666666667,2,632.07,2011-03-10 10:08:00,2011-04-26 15:26:00,1,3,3,7,"133","Needing Attention"
18184,15.8902777777778,1,49.8,2011-11-24 15:28:00,2011-11-24 15:28:00,4,2,1,7,"421","Others"
18185,249.963888888889,1,304.25,2011-04-04 13:42:00,2011-04-04 13:42:00,1,2,2,5,"122","At Risk"
18188,15.8361111111111,3,2001.04,2011-02-22 14:43:00,2011-11-24 16:46:00,4,4,4,12,"444","Loyal Customers"
18189,78.0069444444444,2,1090.24,2011-03-17 09:49:00,2011-09-23 12:40:00,2,3,4,9,"234","Needing Attention"
18190,192.918055555556,2,284.46,2011-01-13 10:35:00,2011-05-31 14:48:00,1,3,2,6,"132","At Risk"
18191,262.029166666667,1,207.8,2011-03-23 12:08:00,2011-03-23 12:08:00,1,2,1,4,"121","Hibernating"
18192,72.1229166666667,1,957.97,2011-09-29 09:53:00,2011-09-29 09:53:00,2,2,4,8,"224","At Risk"
18193,165.952777777778,1,243.76,2011-06-27 13:58:00,2011-06-27 13:58:00,2,2,1,5,"221","Hibernating"
18194,82.9729166666667,1,973.84,2011-09-18 13:29:00,2011-09-18 13:29:00,2,2,4,8,"224","At Risk"
18196,95.8527777777778,2,689.13,2011-02-22 16:13:00,2011-09-05 16:22:00,2,3,3,8,"233","Needing Attention"
18198,4.91736111111111,17,5425.56,2011-01-07 13:39:00,2011-12-05 14:49:00,5,5,5,15,"555","Champions"
18200,106.753472222222,1,163.8,2011-08-25 18:45:00,2011-08-25 18:45:00,2,2,1,5,"221","Hibernating"
18202,200.026388888889,3,1396.99,2011-02-01 13:36:00,2011-05-24 12:12:00,1,4,4,9,"144","Needing Attention"
18203,157.988194444444,1,160.42,2011-07-05 13:07:00,2011-07-05 13:07:00,2,2,1,5,"221","Hibernating"
18204,71.8375,3,1993.7,2011-05-31 15:26:00,2011-09-29 16:44:00,3,4,4,11,"344","Potential Loyalists"
18205,36.9777777777778,2,517.36,2011-09-26 12:02:00,2011-11-03 13:22:00,3,3,3,9,"333","Potential Loyalists"
18209,29.0298611111111,1,139.1,2011-11-11 12:07:00,2011-11-11 12:07:00,4,2,1,7,"421","Others"
18210,2.075,6,2621.38,2011-03-17 16:58:00,2011-12-08 11:02:00,5,5,5,15,"555","Champions"
18211,26.1944444444444,5,600.07,2011-03-06 12:09:00,2011-11-14 08:10:00,4,4,3,11,"443","Loyal Customers"
18212,326.858333333333,1,248.42,2011-01-17 16:14:00,2011-01-17 16:14:00,1,2,1,4,"121","Hibernating"
18213,237.103472222222,1,232.48,2011-04-17 10:21:00,2011-04-17 10:21:00,1,2,1,4,"121","Hibernating"
18215,89.8645833333333,1,299.34,2011-09-11 16:05:00,2011-09-11 16:05:00,2,2,2,6,"222","At Risk"
18216,31.8298611111111,1,481.75,2011-11-08 16:55:00,2011-11-08 16:55:00,4,2,2,8,"422","Potential Loyalists"
18217,29.9805555555556,2,621.75,2011-09-30 10:44:00,2011-11-10 13:18:00,4,3,3,10,"433","Loyal Customers"
18218,211.997916666667,2,662.08,2011-03-03 12:24:00,2011-05-12 12:53:00,1,3,3,7,"133","Needing Attention"
18219,3.04652777777778,10,2069.77,2010-12-06 10:05:00,2011-12-07 11:43:00,5,5,5,15,"555","Champions"
18220,227.157638888889,1,305.28,2011-04-27 09:03:00,2011-04-27 09:03:00,1,2,2,5,"122","At Risk"
18221,22.9236111111111,5,1041.61,2011-05-12 14:13:00,2011-11-17 14:40:00,4,4,4,12,"444","Loyal Customers"
18222,93.0868055555556,1,443,2011-09-08 10:45:00,2011-09-08 10:45:00,2,2,2,6,"222","At Risk"
18223,5.15208333333333,14,6484.54,2010-12-16 16:42:00,2011-12-05 09:11:00,5,5,5,15,"555","Champions"
18224,264.097222222222,1,158.95,2011-03-21 10:30:00,2011-03-21 10:30:00,1,2,1,4,"121","Hibernating"
18225,3.97430555555556,12,5509.12,2010-12-09 15:46:00,2011-12-06 13:27:00,5,5,5,15,"555","Champions"
18226,44.9680555555556,11,5228.05,2011-01-06 09:00:00,2011-10-26 13:36:00,3,5,5,13,"355","Champions"
18227,218.01875,1,93.75,2011-05-06 12:23:00,2011-05-06 12:23:00,1,2,1,4,"121","Hibernating"
18228,57.1451388888889,2,779.9,2011-09-21 10:48:00,2011-10-14 09:21:00,3,3,3,9,"333","Potential Loyalists"
18229,12.1263888888889,20,7276.9,2010-12-01 16:25:00,2011-11-28 09:48:00,5,5,5,15,"555","Champions"
18230,9.97777777777778,7,2810.2,2011-02-10 13:06:00,2011-11-30 13:22:00,5,5,5,15,"555","Champions"
18231,192.938888888889,5,2083.27,2011-02-24 09:08:00,2011-05-31 14:18:00,1,4,5,10,"145","Needing Attention"
18232,82.0423611111111,4,592.97,2011-05-26 16:30:00,2011-09-19 11:49:00,2,4,3,9,"243","Needing Attention"
18233,326.170833333333,1,440,2011-01-18 08:44:00,2011-01-18 08:44:00,1,2,2,5,"122","At Risk"
18235,72.1826388888889,3,1796.48,2011-05-06 13:35:00,2011-09-29 08:27:00,2,4,4,10,"244","Needing Attention"
18236,30.1972222222222,6,882.24,2011-04-13 09:52:00,2011-11-10 08:06:00,4,5,3,12,"453","Loyal Customers"
18237,3.00069444444444,5,987.1,2011-07-28 13:05:00,2011-12-07 12:49:00,5,4,4,13,"544","Champions"
18239,219.008333333333,5,1561.61,2010-12-02 17:48:00,2011-05-05 12:38:00,1,4,4,9,"144","Needing Attention"
18240,46.9888888888889,1,422.58,2011-10-24 13:06:00,2011-10-24 13:06:00,3,2,2,7,"322","Potential Loyalists"
18241,10.0277777777778,17,2073.09,2011-05-06 09:22:00,2011-11-30 12:10:00,5,5,5,15,"555","Champions"
18242,72.9631944444444,4,2232.49,2011-05-10 11:20:00,2011-09-28 13:43:00,2,4,5,11,"245","Needing Attention"
18245,7.91805555555556,7,2567.06,2010-12-19 14:58:00,2011-12-02 14:48:00,5,5,5,15,"555","Champions"
18246,24.0423611111111,2,596.1,2011-04-20 13:55:00,2011-11-16 11:49:00,4,3,3,10,"433","Loyal Customers"
18248,123.104861111111,2,804.02,2011-06-06 13:18:00,2011-08-09 10:19:00,2,3,3,8,"233","Needing Attention"
18249,17.9048611111111,1,95.34,2011-11-22 15:07:00,2011-11-22 15:07:00,4,2,1,7,"421","Others"
18250,310.981944444444,1,349.27,2011-02-02 13:16:00,2011-02-02 13:16:00,1,2,2,5,"122","At Risk"
18251,87.9076388888889,1,4314.72,2011-09-13 15:03:00,2011-09-13 15:03:00,2,2,5,9,"225","At Risk"
18252,51.0048611111111,2,526.67,2011-06-21 11:47:00,2011-10-20 12:43:00,3,3,3,9,"333","Potential Loyalists"
18255,89.9819444444445,1,103.3,2011-09-11 13:16:00,2011-09-11 13:16:00,2,2,1,5,"221","Hibernating"
18257,39.9180555555556,8,2337.63,2011-02-16 15:13:00,2011-10-31 14:48:00,3,5,5,13,"355","Champions"
18259,25.0111111111111,3,2338.6,2010-12-08 13:38:00,2011-11-15 12:34:00,4,4,5,13,"445","Champions"
18260,173.009027777778,6,2643.2,2010-12-16 18:23:00,2011-06-20 12:37:00,2,5,5,12,"255","Needing Attention"
18261,43.8847222222222,2,324.24,2011-09-05 09:34:00,2011-10-27 15:36:00,3,3,2,8,"332","Potential Loyalists"
18262,140.865277777778,1,149.48,2011-07-22 16:04:00,2011-07-22 16:04:00,2,2,1,5,"221","Hibernating"
18263,26.1597222222222,3,1213.16,2011-04-01 11:48:00,2011-11-14 09:00:00,4,4,4,12,"444","Loyal Customers"
18265,72.9444444444444,2,801.51,2011-07-04 15:26:00,2011-09-28 14:10:00,2,3,3,8,"233","Needing Attention"
18268,134.734027777778,1,25.5,2011-07-28 19:13:00,2011-07-28 19:13:00,2,2,1,5,"221","Hibernating"
18269,366.95625,1,168.6,2010-12-08 13:53:00,2010-12-08 13:53:00,1,2,1,4,"121","Hibernating"
18270,38.9534722222222,2,283.15,2011-03-18 12:41:00,2011-11-01 13:57:00,3,3,2,8,"332","Potential Loyalists"
18272,3.00486111111111,6,3078.58,2011-04-07 09:35:00,2011-12-07 12:43:00,5,5,5,15,"555","Champions"
18273,2.98194444444444,3,204,2011-03-27 11:22:00,2011-12-07 13:16:00,5,4,1,10,"541","Others"
18274,30.8243055555556,1,175.92,2011-11-09 17:03:00,2011-11-09 17:03:00,4,2,1,7,"421","Others"
18276,44.0805555555556,1,335.86,2011-10-27 10:54:00,2011-10-27 10:54:00,3,2,2,7,"322","Potential Loyalists"
18277,58.8944444444444,1,110.38,2011-10-12 15:22:00,2011-10-12 15:22:00,3,2,1,6,"321","Others"
18278,74.0361111111111,1,173.9,2011-09-27 11:58:00,2011-09-27 11:58:00,2,2,1,5,"221","Hibernating"
18280,278.123611111111,1,180.6,2011-03-07 09:52:00,2011-03-07 09:52:00,1,2,1,4,"121","Hibernating"
18281,181.08125,1,80.82,2011-06-12 10:53:00,2011-06-12 10:53:00,1,2,1,4,"121","Hibernating"
18282,8.04652777777778,2,178.05,2011-08-05 13:35:00,2011-12-02 11:43:00,5,3,1,9,"531","Others"
18283,4.03333333333333,16,2094.88,2011-01-06 14:14:00,2011-12-06 12:02:00,5,5,5,15,"555","Champions"
18287,43.1395833333333,3,1837.28,2011-05-22 10:39:00,2011-10-28 09:29:00,3,4,4,11,"344","Potential Loyalists"
